method,model,scenario,horizon,month,cf_monthly_climatology
qm_sin_recentrado,ACCESS-CM2,historical,historico,1,0.5146436963629669
qm_sin_recentrado,ACCESS-CM2,historical,historico,2,0.5210049104917661
qm_sin_recentrado,ACCESS-CM2,historical,historico,3,0.5123304371284185
qm_sin_recentrado,ACCESS-CM2,historical,historico,4,0.4859883797679142
qm_sin_recentrado,ACCESS-CM2,historical,historico,5,0.4347689356093683
qm_sin_recentrado,ACCESS-CM2,historical,historico,6,0.4984180553710156
qm_sin_recentrado,ACCESS-CM2,historical,historico,7,0.5245622281293887
qm_sin_recentrado,ACCESS-CM2,historical,historico,8,0.453119708792702
qm_sin_recentrado,ACCESS-CM2,historical,historico,9,0.3376838501968239
qm_sin_recentrado,ACCESS-CM2,historical,historico,10,0.27211164629491424
qm_sin_recentrado,ACCESS-CM2,historical,historico,11,0.35318106276564454
qm_sin_recentrado,ACCESS-CM2,historical,historico,12,0.4747635511453425
qm_sin_recentrado,ACCESS-CM2,ssp126,medio,1,0.5171065714858685
qm_sin_recentrado,ACCESS-CM2,ssp126,medio,2,0.5066324852979971
qm_sin_recentrado,ACCESS-CM2,ssp126,medio,3,0.5035211278643178
qm_sin_recentrado,ACCESS-CM2,ssp126,medio,4,0.4681240858907948
qm_sin_recentrado,ACCESS-CM2,ssp126,medio,5,0.42289247110984723
qm_sin_recentrado,ACCESS-CM2,ssp126,medio,6,0.493677885171176
qm_sin_recentrado,ACCESS-CM2,ssp126,medio,7,0.5282267955028142
qm_sin_recentrado,ACCESS-CM2,ssp126,medio,8,0.4950908474544593
qm_sin_recentrado,ACCESS-CM2,ssp126,medio,9,0.4082083435413512
qm_sin_recentrado,ACCESS-CM2,ssp126,medio,10,0.26558492288135266
qm_sin_recentrado,ACCESS-CM2,ssp126,medio,11,0.29115152828277563
qm_sin_recentrado,ACCESS-CM2,ssp126,medio,12,0.4535050745249833
qm_sin_recentrado,ACCESS-CM2,ssp126,lejano,1,0.5189519404785994
qm_sin_recentrado,ACCESS-CM2,ssp126,lejano,2,0.5031048601247144
qm_sin_recentrado,ACCESS-CM2,ssp126,lejano,3,0.5111949473550147
qm_sin_recentrado,ACCESS-CM2,ssp126,lejano,4,0.47782722881694556
qm_sin_recentrado,ACCESS-CM2,ssp126,lejano,5,0.4460643662997699
qm_sin_recentrado,ACCESS-CM2,ssp126,lejano,6,0.5066958143761998
qm_sin_recentrado,ACCESS-CM2,ssp126,lejano,7,0.5323781451528203
qm_sin_recentrado,ACCESS-CM2,ssp126,lejano,8,0.49338477149631826
qm_sin_recentrado,ACCESS-CM2,ssp126,lejano,9,0.43351876878647994
qm_sin_recentrado,ACCESS-CM2,ssp126,lejano,10,0.28304907540706115
qm_sin_recentrado,ACCESS-CM2,ssp126,lejano,11,0.3231759565124567
qm_sin_recentrado,ACCESS-CM2,ssp126,lejano,12,0.4654407203807724
qm_sin_recentrado,ACCESS-CM2,ssp245,medio,1,0.5156181511170965
qm_sin_recentrado,ACCESS-CM2,ssp245,medio,2,0.5114253443566108
qm_sin_recentrado,ACCESS-CM2,ssp245,medio,3,0.509768445783049
qm_sin_recentrado,ACCESS-CM2,ssp245,medio,4,0.4824408460684755
qm_sin_recentrado,ACCESS-CM2,ssp245,medio,5,0.46308427585056244
qm_sin_recentrado,ACCESS-CM2,ssp245,medio,6,0.5177912564716112
qm_sin_recentrado,ACCESS-CM2,ssp245,medio,7,0.5315788543033425
qm_sin_recentrado,ACCESS-CM2,ssp245,medio,8,0.5024382672744643
qm_sin_recentrado,ACCESS-CM2,ssp245,medio,9,0.410618239196742
qm_sin_recentrado,ACCESS-CM2,ssp245,medio,10,0.27143598639347144
qm_sin_recentrado,ACCESS-CM2,ssp245,medio,11,0.3179816775406812
qm_sin_recentrado,ACCESS-CM2,ssp245,medio,12,0.4692040875438142
qm_sin_recentrado,ACCESS-CM2,ssp245,lejano,1,0.5067917961832118
qm_sin_recentrado,ACCESS-CM2,ssp245,lejano,2,0.5010808494981406
qm_sin_recentrado,ACCESS-CM2,ssp245,lejano,3,0.49621771150081645
qm_sin_recentrado,ACCESS-CM2,ssp245,lejano,4,0.4515573551470867
qm_sin_recentrado,ACCESS-CM2,ssp245,lejano,5,0.40434969778496904
qm_sin_recentrado,ACCESS-CM2,ssp245,lejano,6,0.4880989965187146
qm_sin_recentrado,ACCESS-CM2,ssp245,lejano,7,0.5291930287622956
qm_sin_recentrado,ACCESS-CM2,ssp245,lejano,8,0.4914804559555218
qm_sin_recentrado,ACCESS-CM2,ssp245,lejano,9,0.4077129448063657
qm_sin_recentrado,ACCESS-CM2,ssp245,lejano,10,0.27714726213925295
qm_sin_recentrado,ACCESS-CM2,ssp245,lejano,11,0.29297730830376384
qm_sin_recentrado,ACCESS-CM2,ssp245,lejano,12,0.45250654203581026
qm_sin_recentrado,ACCESS-CM2,ssp585,medio,1,0.5563668668046097
qm_sin_recentrado,ACCESS-CM2,ssp585,medio,2,0.5470356803824399
qm_sin_recentrado,ACCESS-CM2,ssp585,medio,3,0.5400409412686674
qm_sin_recentrado,ACCESS-CM2,ssp585,medio,4,0.5175812722694777
qm_sin_recentrado,ACCESS-CM2,ssp585,medio,5,0.49303583194216305
qm_sin_recentrado,ACCESS-CM2,ssp585,medio,6,0.5479314506132639
qm_sin_recentrado,ACCESS-CM2,ssp585,medio,7,0.5713923064489411
qm_sin_recentrado,ACCESS-CM2,ssp585,medio,8,0.551902549043857
qm_sin_recentrado,ACCESS-CM2,ssp585,medio,9,0.4841211512499798
qm_sin_recentrado,ACCESS-CM2,ssp585,medio,10,0.33671086830605473
qm_sin_recentrado,ACCESS-CM2,ssp585,medio,11,0.4132454075490236
qm_sin_recentrado,ACCESS-CM2,ssp585,medio,12,0.5113742622340782
qm_sin_recentrado,ACCESS-CM2,ssp585,lejano,1,0.5517389786989876
qm_sin_recentrado,ACCESS-CM2,ssp585,lejano,2,0.5444990966518096
qm_sin_recentrado,ACCESS-CM2,ssp585,lejano,3,0.5417385250183173
qm_sin_recentrado,ACCESS-CM2,ssp585,lejano,4,0.517944544156989
qm_sin_recentrado,ACCESS-CM2,ssp585,lejano,5,0.5165256170643737
qm_sin_recentrado,ACCESS-CM2,ssp585,lejano,6,0.5636616329642077
qm_sin_recentrado,ACCESS-CM2,ssp585,lejano,7,0.5749200650888604
qm_sin_recentrado,ACCESS-CM2,ssp585,lejano,8,0.569877965189674
qm_sin_recentrado,ACCESS-CM2,ssp585,lejano,9,0.5489654918744493
qm_sin_recentrado,ACCESS-CM2,ssp585,lejano,10,0.4201572547599541
qm_sin_recentrado,ACCESS-CM2,ssp585,lejano,11,0.44901185958235057
qm_sin_recentrado,ACCESS-CM2,ssp585,lejano,12,0.5190294673344522
qm_sin_recentrado,CanESM5,historical,historico,1,0.5167876024164935
qm_sin_recentrado,CanESM5,historical,historico,2,0.5257982892059
qm_sin_recentrado,CanESM5,historical,historico,3,0.5189043762090139
qm_sin_recentrado,CanESM5,historical,historico,4,0.4921309239043443
qm_sin_recentrado,CanESM5,historical,historico,5,0.445230500306554
qm_sin_recentrado,CanESM5,historical,historico,6,0.5058928432611728
qm_sin_recentrado,CanESM5,historical,historico,7,0.5263291809743939
qm_sin_recentrado,CanESM5,historical,historico,8,0.45554239090425175
qm_sin_recentrado,CanESM5,historical,historico,9,0.34523520023707843
qm_sin_recentrado,CanESM5,historical,historico,10,0.27508869653446183
qm_sin_recentrado,CanESM5,historical,historico,11,0.36168127954889595
qm_sin_recentrado,CanESM5,historical,historico,12,0.47838599492424755
qm_sin_recentrado,CanESM5,ssp126,medio,1,0.542175893715609
qm_sin_recentrado,CanESM5,ssp126,medio,2,0.5356513127704979
qm_sin_recentrado,CanESM5,ssp126,medio,3,0.5354758299555589
qm_sin_recentrado,CanESM5,ssp126,medio,4,0.5059784093344125
qm_sin_recentrado,CanESM5,ssp126,medio,5,0.46849772014635876
qm_sin_recentrado,CanESM5,ssp126,medio,6,0.5320086229081422
qm_sin_recentrado,CanESM5,ssp126,medio,7,0.5709401037766938
qm_sin_recentrado,CanESM5,ssp126,medio,8,0.5090508990307323
qm_sin_recentrado,CanESM5,ssp126,medio,9,0.37278369082507284
qm_sin_recentrado,CanESM5,ssp126,medio,10,0.34958446797975384
qm_sin_recentrado,CanESM5,ssp126,medio,11,0.41336121298998185
qm_sin_recentrado,CanESM5,ssp126,medio,12,0.5186807874483257
qm_sin_recentrado,CanESM5,ssp126,lejano,1,0.5289348609750683
qm_sin_recentrado,CanESM5,ssp126,lejano,2,0.5308963491430271
qm_sin_recentrado,CanESM5,ssp126,lejano,3,0.5332150997787864
qm_sin_recentrado,CanESM5,ssp126,lejano,4,0.5085672723276595
qm_sin_recentrado,CanESM5,ssp126,lejano,5,0.47207623552427164
qm_sin_recentrado,CanESM5,ssp126,lejano,6,0.5365468711070178
qm_sin_recentrado,CanESM5,ssp126,lejano,7,0.5642549516896636
qm_sin_recentrado,CanESM5,ssp126,lejano,8,0.5015293334710188
qm_sin_recentrado,CanESM5,ssp126,lejano,9,0.38389200436219767
qm_sin_recentrado,CanESM5,ssp126,lejano,10,0.2917157747046066
qm_sin_recentrado,CanESM5,ssp126,lejano,11,0.36344441831208923
qm_sin_recentrado,CanESM5,ssp126,lejano,12,0.500217604585895
qm_sin_recentrado,CanESM5,ssp245,medio,1,0.5162778189538155
qm_sin_recentrado,CanESM5,ssp245,medio,2,0.5109863265439203
qm_sin_recentrado,CanESM5,ssp245,medio,3,0.5099741015584541
qm_sin_recentrado,CanESM5,ssp245,medio,4,0.4935714950528041
qm_sin_recentrado,CanESM5,ssp245,medio,5,0.4664051922357622
qm_sin_recentrado,CanESM5,ssp245,medio,6,0.5278825193303235
qm_sin_recentrado,CanESM5,ssp245,medio,7,0.5428318316519428
qm_sin_recentrado,CanESM5,ssp245,medio,8,0.4952954252178866
qm_sin_recentrado,CanESM5,ssp245,medio,9,0.3848926589454875
qm_sin_recentrado,CanESM5,ssp245,medio,10,0.32129126177462985
qm_sin_recentrado,CanESM5,ssp245,medio,11,0.3838523711116625
qm_sin_recentrado,CanESM5,ssp245,medio,12,0.49056518259201715
qm_sin_recentrado,CanESM5,ssp245,lejano,1,0.5162457807345346
qm_sin_recentrado,CanESM5,ssp245,lejano,2,0.5177104681426757
qm_sin_recentrado,CanESM5,ssp245,lejano,3,0.5102847651529031
qm_sin_recentrado,CanESM5,ssp245,lejano,4,0.496133272963873
qm_sin_recentrado,CanESM5,ssp245,lejano,5,0.4600746469823713
qm_sin_recentrado,CanESM5,ssp245,lejano,6,0.5300390632637483
qm_sin_recentrado,CanESM5,ssp245,lejano,7,0.539241128181542
qm_sin_recentrado,CanESM5,ssp245,lejano,8,0.5032236410062634
qm_sin_recentrado,CanESM5,ssp245,lejano,9,0.373818233068373
qm_sin_recentrado,CanESM5,ssp245,lejano,10,0.3020894673828555
qm_sin_recentrado,CanESM5,ssp245,lejano,11,0.3829605124546308
qm_sin_recentrado,CanESM5,ssp245,lejano,12,0.49034560480583755
qm_sin_recentrado,CanESM5,ssp585,medio,1,0.5094883853872559
qm_sin_recentrado,CanESM5,ssp585,medio,2,0.5129720084201439
qm_sin_recentrado,CanESM5,ssp585,medio,3,0.5186163792265372
qm_sin_recentrado,CanESM5,ssp585,medio,4,0.5053932072767328
qm_sin_recentrado,CanESM5,ssp585,medio,5,0.47384376480537427
qm_sin_recentrado,CanESM5,ssp585,medio,6,0.5283958847438109
qm_sin_recentrado,CanESM5,ssp585,medio,7,0.5439485294735573
qm_sin_recentrado,CanESM5,ssp585,medio,8,0.49609348579594115
qm_sin_recentrado,CanESM5,ssp585,medio,9,0.4086098407945177
qm_sin_recentrado,CanESM5,ssp585,medio,10,0.32855036213688793
qm_sin_recentrado,CanESM5,ssp585,medio,11,0.3753194096644924
qm_sin_recentrado,CanESM5,ssp585,medio,12,0.48430064390851624
qm_sin_recentrado,CanESM5,ssp585,lejano,1,0.4996415748824025
qm_sin_recentrado,CanESM5,ssp585,lejano,2,0.5070767450320824
qm_sin_recentrado,CanESM5,ssp585,lejano,3,0.5166110385667756
qm_sin_recentrado,CanESM5,ssp585,lejano,4,0.49185974244473274
qm_sin_recentrado,CanESM5,ssp585,lejano,5,0.5080214351759056
qm_sin_recentrado,CanESM5,ssp585,lejano,6,0.5427215160133754
qm_sin_recentrado,CanESM5,ssp585,lejano,7,0.540584240932073
qm_sin_recentrado,CanESM5,ssp585,lejano,8,0.5337289643803774
qm_sin_recentrado,CanESM5,ssp585,lejano,9,0.488886086308605
qm_sin_recentrado,CanESM5,ssp585,lejano,10,0.4565625099335431
qm_sin_recentrado,CanESM5,ssp585,lejano,11,0.39959860055904667
qm_sin_recentrado,CanESM5,ssp585,lejano,12,0.49143290093686426
qm_sin_recentrado,CESM2,historical,historico,1,0.514153315272727
qm_sin_recentrado,CESM2,historical,historico,2,0.5196414838043404
qm_sin_recentrado,CESM2,historical,historico,3,0.5092938744079676
qm_sin_recentrado,CESM2,historical,historico,4,0.48311525612330436
qm_sin_recentrado,CESM2,historical,historico,5,0.4394781716167006
qm_sin_recentrado,CESM2,historical,historico,6,0.49939496522491583
qm_sin_recentrado,CESM2,historical,historico,7,0.5235327624091417
qm_sin_recentrado,CESM2,historical,historico,8,0.45117152420815887
qm_sin_recentrado,CESM2,historical,historico,9,0.3434047366611385
qm_sin_recentrado,CESM2,historical,historico,10,0.2715916263540187
qm_sin_recentrado,CESM2,historical,historico,11,0.3584280816064951
qm_sin_recentrado,CESM2,historical,historico,12,0.47460550405345564
qm_sin_recentrado,CESM2,ssp126,medio,1,0.47309731144684286
qm_sin_recentrado,CESM2,ssp126,medio,2,0.5099122845220522
qm_sin_recentrado,CESM2,ssp126,medio,3,0.47237884397340696
qm_sin_recentrado,CESM2,ssp126,medio,4,0.4144557616946824
qm_sin_recentrado,CESM2,ssp126,medio,5,0.36992099998141975
qm_sin_recentrado,CESM2,ssp126,medio,6,0.4887650286650706
qm_sin_recentrado,CESM2,ssp126,medio,7,0.5317679036973122
qm_sin_recentrado,CESM2,ssp126,medio,8,0.4639299886084764
qm_sin_recentrado,CESM2,ssp126,medio,9,0.34629112000092144
qm_sin_recentrado,CESM2,ssp126,medio,10,0.27644536350922894
qm_sin_recentrado,CESM2,ssp126,medio,11,0.3037139647515777
qm_sin_recentrado,CESM2,ssp126,medio,12,0.45010858591482217
qm_sin_recentrado,CESM2,ssp126,lejano,1,0.4843706114361778
qm_sin_recentrado,CESM2,ssp126,lejano,2,0.5053938208531353
qm_sin_recentrado,CESM2,ssp126,lejano,3,0.47607376306468185
qm_sin_recentrado,CESM2,ssp126,lejano,4,0.4047166897237554
qm_sin_recentrado,CESM2,ssp126,lejano,5,0.3412639326363079
qm_sin_recentrado,CESM2,ssp126,lejano,6,0.5063570992741168
qm_sin_recentrado,CESM2,ssp126,lejano,7,0.5298478053712978
qm_sin_recentrado,CESM2,ssp126,lejano,8,0.46990627534986223
qm_sin_recentrado,CESM2,ssp126,lejano,9,0.37270300051571936
qm_sin_recentrado,CESM2,ssp126,lejano,10,0.30041966497825073
qm_sin_recentrado,CESM2,ssp126,lejano,11,0.3341951183982645
qm_sin_recentrado,CESM2,ssp126,lejano,12,0.45793834154812074
qm_sin_recentrado,CESM2,ssp245,medio,1,0.5130202057415734
qm_sin_recentrado,CESM2,ssp245,medio,2,0.5282495247501656
qm_sin_recentrado,CESM2,ssp245,medio,3,0.48971297881127285
qm_sin_recentrado,CESM2,ssp245,medio,4,0.4774027450391966
qm_sin_recentrado,CESM2,ssp245,medio,5,0.45466150035421976
qm_sin_recentrado,CESM2,ssp245,medio,6,0.5078929278884483
qm_sin_recentrado,CESM2,ssp245,medio,7,0.5355900392472004
qm_sin_recentrado,CESM2,ssp245,medio,8,0.4889051407902639
qm_sin_recentrado,CESM2,ssp245,medio,9,0.4030397581104794
qm_sin_recentrado,CESM2,ssp245,medio,10,0.3507803235561813
qm_sin_recentrado,CESM2,ssp245,medio,11,0.36917793305187224
qm_sin_recentrado,CESM2,ssp245,medio,12,0.4749995003722349
qm_sin_recentrado,CESM2,ssp245,lejano,1,0.5018449623838868
qm_sin_recentrado,CESM2,ssp245,lejano,2,0.5115382297283189
qm_sin_recentrado,CESM2,ssp245,lejano,3,0.4965460215315613
qm_sin_recentrado,CESM2,ssp245,lejano,4,0.45533715879602565
qm_sin_recentrado,CESM2,ssp245,lejano,5,0.43628359233747566
qm_sin_recentrado,CESM2,ssp245,lejano,6,0.5194989355692095
qm_sin_recentrado,CESM2,ssp245,lejano,7,0.5312652319556216
qm_sin_recentrado,CESM2,ssp245,lejano,8,0.4905356771744709
qm_sin_recentrado,CESM2,ssp245,lejano,9,0.4120806643006304
qm_sin_recentrado,CESM2,ssp245,lejano,10,0.3338952448594932
qm_sin_recentrado,CESM2,ssp245,lejano,11,0.3915610860386581
qm_sin_recentrado,CESM2,ssp245,lejano,12,0.4814326326313473
qm_sin_recentrado,CESM2,ssp585,medio,1,0.5129230559323751
qm_sin_recentrado,CESM2,ssp585,medio,2,0.515336828313621
qm_sin_recentrado,CESM2,ssp585,medio,3,0.4919318778083719
qm_sin_recentrado,CESM2,ssp585,medio,4,0.47998491381656283
qm_sin_recentrado,CESM2,ssp585,medio,5,0.46454289111730046
qm_sin_recentrado,CESM2,ssp585,medio,6,0.5117254446305041
qm_sin_recentrado,CESM2,ssp585,medio,7,0.5279490656523992
qm_sin_recentrado,CESM2,ssp585,medio,8,0.49354232724352415
qm_sin_recentrado,CESM2,ssp585,medio,9,0.43168167238283267
qm_sin_recentrado,CESM2,ssp585,medio,10,0.3622237883771157
qm_sin_recentrado,CESM2,ssp585,medio,11,0.36147636735032634
qm_sin_recentrado,CESM2,ssp585,medio,12,0.49144236408280134
qm_sin_recentrado,CESM2,ssp585,lejano,1,0.49460217739763473
qm_sin_recentrado,CESM2,ssp585,lejano,2,0.5122995276088402
qm_sin_recentrado,CESM2,ssp585,lejano,3,0.4797928801626719
qm_sin_recentrado,CESM2,ssp585,lejano,4,0.459631718548914
qm_sin_recentrado,CESM2,ssp585,lejano,5,0.4652387333721333
qm_sin_recentrado,CESM2,ssp585,lejano,6,0.502076534989871
qm_sin_recentrado,CESM2,ssp585,lejano,7,0.527726240864354
qm_sin_recentrado,CESM2,ssp585,lejano,8,0.5127383874529484
qm_sin_recentrado,CESM2,ssp585,lejano,9,0.4740488890221056
qm_sin_recentrado,CESM2,ssp585,lejano,10,0.4217475951439927
qm_sin_recentrado,CESM2,ssp585,lejano,11,0.40812992443430113
qm_sin_recentrado,CESM2,ssp585,lejano,12,0.47218465894018846
qm_sin_recentrado,CESM2-WACCM,historical,historico,1,0.5149297342926163
qm_sin_recentrado,CESM2-WACCM,historical,historico,2,0.5197380321945204
qm_sin_recentrado,CESM2-WACCM,historical,historico,3,0.5124388731888669
qm_sin_recentrado,CESM2-WACCM,historical,historico,4,0.4857046795535603
qm_sin_recentrado,CESM2-WACCM,historical,historico,5,0.4383131026590266
qm_sin_recentrado,CESM2-WACCM,historical,historico,6,0.5013626961166507
qm_sin_recentrado,CESM2-WACCM,historical,historico,7,0.5247264160257987
qm_sin_recentrado,CESM2-WACCM,historical,historico,8,0.45367193333181416
qm_sin_recentrado,CESM2-WACCM,historical,historico,9,0.3445298445247311
qm_sin_recentrado,CESM2-WACCM,historical,historico,10,0.27752635450936464
qm_sin_recentrado,CESM2-WACCM,historical,historico,11,0.358342568266065
qm_sin_recentrado,CESM2-WACCM,historical,historico,12,0.47572639644387216
qm_sin_recentrado,CESM2-WACCM,ssp126,medio,1,0.5012052681922556
qm_sin_recentrado,CESM2-WACCM,ssp126,medio,2,0.4911037726698261
qm_sin_recentrado,CESM2-WACCM,ssp126,medio,3,0.48625360862176886
qm_sin_recentrado,CESM2-WACCM,ssp126,medio,4,0.43515137688263705
qm_sin_recentrado,CESM2-WACCM,ssp126,medio,5,0.3683784723984954
qm_sin_recentrado,CESM2-WACCM,ssp126,medio,6,0.5017276442684288
qm_sin_recentrado,CESM2-WACCM,ssp126,medio,7,0.5350737326015332
qm_sin_recentrado,CESM2-WACCM,ssp126,medio,8,0.49404863636389096
qm_sin_recentrado,CESM2-WACCM,ssp126,medio,9,0.3800080808399259
qm_sin_recentrado,CESM2-WACCM,ssp126,medio,10,0.328968840935441
qm_sin_recentrado,CESM2-WACCM,ssp126,medio,11,0.3842794190520861
qm_sin_recentrado,CESM2-WACCM,ssp126,medio,12,0.4664511154427223
qm_sin_recentrado,CESM2-WACCM,ssp126,lejano,1,0.49199432802672266
qm_sin_recentrado,CESM2-WACCM,ssp126,lejano,2,0.48922222398327647
qm_sin_recentrado,CESM2-WACCM,ssp126,lejano,3,0.4751788728565291
qm_sin_recentrado,CESM2-WACCM,ssp126,lejano,4,0.41238474921280804
qm_sin_recentrado,CESM2-WACCM,ssp126,lejano,5,0.3533998602385455
qm_sin_recentrado,CESM2-WACCM,ssp126,lejano,6,0.48507936447135225
qm_sin_recentrado,CESM2-WACCM,ssp126,lejano,7,0.5321951321474311
qm_sin_recentrado,CESM2-WACCM,ssp126,lejano,8,0.48570669282976353
qm_sin_recentrado,CESM2-WACCM,ssp126,lejano,9,0.3760894258817854
qm_sin_recentrado,CESM2-WACCM,ssp126,lejano,10,0.29857300879501397
qm_sin_recentrado,CESM2-WACCM,ssp126,lejano,11,0.3740906359309311
qm_sin_recentrado,CESM2-WACCM,ssp126,lejano,12,0.448657627824788
qm_sin_recentrado,CESM2-WACCM,ssp245,medio,1,0.5138971799004073
qm_sin_recentrado,CESM2-WACCM,ssp245,medio,2,0.5126266487718699
qm_sin_recentrado,CESM2-WACCM,ssp245,medio,3,0.5031867308826578
qm_sin_recentrado,CESM2-WACCM,ssp245,medio,4,0.49178928234758307
qm_sin_recentrado,CESM2-WACCM,ssp245,medio,5,0.4330085464150511
qm_sin_recentrado,CESM2-WACCM,ssp245,medio,6,0.507765824389826
qm_sin_recentrado,CESM2-WACCM,ssp245,medio,7,0.5292379539581623
qm_sin_recentrado,CESM2-WACCM,ssp245,medio,8,0.4774118863322289
qm_sin_recentrado,CESM2-WACCM,ssp245,medio,9,0.38275936841613684
qm_sin_recentrado,CESM2-WACCM,ssp245,medio,10,0.33120294024577607
qm_sin_recentrado,CESM2-WACCM,ssp245,medio,11,0.39897995790923674
qm_sin_recentrado,CESM2-WACCM,ssp245,medio,12,0.49541351066443623
qm_sin_recentrado,CESM2-WACCM,ssp245,lejano,1,0.5142216033875139
qm_sin_recentrado,CESM2-WACCM,ssp245,lejano,2,0.5145646364994167
qm_sin_recentrado,CESM2-WACCM,ssp245,lejano,3,0.49715089174820676
qm_sin_recentrado,CESM2-WACCM,ssp245,lejano,4,0.4745137312530225
qm_sin_recentrado,CESM2-WACCM,ssp245,lejano,5,0.4410997273107358
qm_sin_recentrado,CESM2-WACCM,ssp245,lejano,6,0.502971342538927
qm_sin_recentrado,CESM2-WACCM,ssp245,lejano,7,0.5265263105743195
qm_sin_recentrado,CESM2-WACCM,ssp245,lejano,8,0.5117236297810764
qm_sin_recentrado,CESM2-WACCM,ssp245,lejano,9,0.4418885374459343
qm_sin_recentrado,CESM2-WACCM,ssp245,lejano,10,0.35269854496925157
qm_sin_recentrado,CESM2-WACCM,ssp245,lejano,11,0.4058118196673005
qm_sin_recentrado,CESM2-WACCM,ssp245,lejano,12,0.4860338222026454
qm_sin_recentrado,CESM2-WACCM,ssp585,medio,1,0.5169088578115544
qm_sin_recentrado,CESM2-WACCM,ssp585,medio,2,0.515654407964491
qm_sin_recentrado,CESM2-WACCM,ssp585,medio,3,0.497656180798357
qm_sin_recentrado,CESM2-WACCM,ssp585,medio,4,0.497766133496495
qm_sin_recentrado,CESM2-WACCM,ssp585,medio,5,0.4560248112901097
qm_sin_recentrado,CESM2-WACCM,ssp585,medio,6,0.5192208360635246
qm_sin_recentrado,CESM2-WACCM,ssp585,medio,7,0.5312925830643079
qm_sin_recentrado,CESM2-WACCM,ssp585,medio,8,0.49542732485051943
qm_sin_recentrado,CESM2-WACCM,ssp585,medio,9,0.4475554851990892
qm_sin_recentrado,CESM2-WACCM,ssp585,medio,10,0.38133198539062857
qm_sin_recentrado,CESM2-WACCM,ssp585,medio,11,0.42213668138933663
qm_sin_recentrado,CESM2-WACCM,ssp585,medio,12,0.49296174927001213
qm_sin_recentrado,CESM2-WACCM,ssp585,lejano,1,0.5121496129942642
qm_sin_recentrado,CESM2-WACCM,ssp585,lejano,2,0.4927263718671489
qm_sin_recentrado,CESM2-WACCM,ssp585,lejano,3,0.48033591129476816
qm_sin_recentrado,CESM2-WACCM,ssp585,lejano,4,0.47738410748019305
qm_sin_recentrado,CESM2-WACCM,ssp585,lejano,5,0.455400470682341
qm_sin_recentrado,CESM2-WACCM,ssp585,lejano,6,0.5110131307300954
qm_sin_recentrado,CESM2-WACCM,ssp585,lejano,7,0.5220523941078453
qm_sin_recentrado,CESM2-WACCM,ssp585,lejano,8,0.5258564712300438
qm_sin_recentrado,CESM2-WACCM,ssp585,lejano,9,0.4973926297047355
qm_sin_recentrado,CESM2-WACCM,ssp585,lejano,10,0.44829596438312497
qm_sin_recentrado,CESM2-WACCM,ssp585,lejano,11,0.46486454263223376
qm_sin_recentrado,CESM2-WACCM,ssp585,lejano,12,0.49789394923400093
qm_sin_recentrado,CMCC-CM2-SR5,historical,historico,1,0.5201307127167311
qm_sin_recentrado,CMCC-CM2-SR5,historical,historico,2,0.5237294840508424
qm_sin_recentrado,CMCC-CM2-SR5,historical,historico,3,0.5178277454851088
qm_sin_recentrado,CMCC-CM2-SR5,historical,historico,4,0.49326589740089954
qm_sin_recentrado,CMCC-CM2-SR5,historical,historico,5,0.44671992308274694
qm_sin_recentrado,CMCC-CM2-SR5,historical,historico,6,0.5106122949234819
qm_sin_recentrado,CMCC-CM2-SR5,historical,historico,7,0.5333312847610718
qm_sin_recentrado,CMCC-CM2-SR5,historical,historico,8,0.45919990675311095
qm_sin_recentrado,CMCC-CM2-SR5,historical,historico,9,0.34597415222865524
qm_sin_recentrado,CMCC-CM2-SR5,historical,historico,10,0.27715809784586365
qm_sin_recentrado,CMCC-CM2-SR5,historical,historico,11,0.3618541978981202
qm_sin_recentrado,CMCC-CM2-SR5,historical,historico,12,0.48115941877611573
qm_sin_recentrado,CMCC-CM2-SR5,ssp126,medio,1,0.5043672282521239
qm_sin_recentrado,CMCC-CM2-SR5,ssp126,medio,2,0.525587767920349
qm_sin_recentrado,CMCC-CM2-SR5,ssp126,medio,3,0.5207445527675322
qm_sin_recentrado,CMCC-CM2-SR5,ssp126,medio,4,0.503769203776653
qm_sin_recentrado,CMCC-CM2-SR5,ssp126,medio,5,0.43090876015617924
qm_sin_recentrado,CMCC-CM2-SR5,ssp126,medio,6,0.5031327090449913
qm_sin_recentrado,CMCC-CM2-SR5,ssp126,medio,7,0.5240721963679636
qm_sin_recentrado,CMCC-CM2-SR5,ssp126,medio,8,0.42407666552758483
qm_sin_recentrado,CMCC-CM2-SR5,ssp126,medio,9,0.31609525327814436
qm_sin_recentrado,CMCC-CM2-SR5,ssp126,medio,10,0.2523991239992353
qm_sin_recentrado,CMCC-CM2-SR5,ssp126,medio,11,0.35817510963853305
qm_sin_recentrado,CMCC-CM2-SR5,ssp126,medio,12,0.46775340925196324
qm_sin_recentrado,CMCC-CM2-SR5,ssp126,lejano,1,0.515169814129842
qm_sin_recentrado,CMCC-CM2-SR5,ssp126,lejano,2,0.5156622385346115
qm_sin_recentrado,CMCC-CM2-SR5,ssp126,lejano,3,0.5177813984990383
qm_sin_recentrado,CMCC-CM2-SR5,ssp126,lejano,4,0.4778783416344303
qm_sin_recentrado,CMCC-CM2-SR5,ssp126,lejano,5,0.4280535881207287
qm_sin_recentrado,CMCC-CM2-SR5,ssp126,lejano,6,0.4831893923804567
qm_sin_recentrado,CMCC-CM2-SR5,ssp126,lejano,7,0.5131425489739512
qm_sin_recentrado,CMCC-CM2-SR5,ssp126,lejano,8,0.36479169283138424
qm_sin_recentrado,CMCC-CM2-SR5,ssp126,lejano,9,0.2658868933845879
qm_sin_recentrado,CMCC-CM2-SR5,ssp126,lejano,10,0.22146036602324015
qm_sin_recentrado,CMCC-CM2-SR5,ssp126,lejano,11,0.3455499051959676
qm_sin_recentrado,CMCC-CM2-SR5,ssp126,lejano,12,0.44074680434087565
qm_sin_recentrado,CMCC-CM2-SR5,ssp245,medio,1,0.5091246624693015
qm_sin_recentrado,CMCC-CM2-SR5,ssp245,medio,2,0.5167415301813854
qm_sin_recentrado,CMCC-CM2-SR5,ssp245,medio,3,0.5123552192811036
qm_sin_recentrado,CMCC-CM2-SR5,ssp245,medio,4,0.49104636408581354
qm_sin_recentrado,CMCC-CM2-SR5,ssp245,medio,5,0.4291299278761662
qm_sin_recentrado,CMCC-CM2-SR5,ssp245,medio,6,0.48838027024646763
qm_sin_recentrado,CMCC-CM2-SR5,ssp245,medio,7,0.5225147354696258
qm_sin_recentrado,CMCC-CM2-SR5,ssp245,medio,8,0.40516923618972867
qm_sin_recentrado,CMCC-CM2-SR5,ssp245,medio,9,0.2984350070308512
qm_sin_recentrado,CMCC-CM2-SR5,ssp245,medio,10,0.24127506145334113
qm_sin_recentrado,CMCC-CM2-SR5,ssp245,medio,11,0.34266760455689177
qm_sin_recentrado,CMCC-CM2-SR5,ssp245,medio,12,0.45389815396137206
qm_sin_recentrado,CMCC-CM2-SR5,ssp245,lejano,1,0.5238903830345037
qm_sin_recentrado,CMCC-CM2-SR5,ssp245,lejano,2,0.5256647432541743
qm_sin_recentrado,CMCC-CM2-SR5,ssp245,lejano,3,0.5099416057124045
qm_sin_recentrado,CMCC-CM2-SR5,ssp245,lejano,4,0.47909309469719763
qm_sin_recentrado,CMCC-CM2-SR5,ssp245,lejano,5,0.4406791268219419
qm_sin_recentrado,CMCC-CM2-SR5,ssp245,lejano,6,0.4866689268352308
qm_sin_recentrado,CMCC-CM2-SR5,ssp245,lejano,7,0.5078483546774767
qm_sin_recentrado,CMCC-CM2-SR5,ssp245,lejano,8,0.33310634324765603
qm_sin_recentrado,CMCC-CM2-SR5,ssp245,lejano,9,0.2559893864285679
qm_sin_recentrado,CMCC-CM2-SR5,ssp245,lejano,10,0.20475418424613154
qm_sin_recentrado,CMCC-CM2-SR5,ssp245,lejano,11,0.3341219658704947
qm_sin_recentrado,CMCC-CM2-SR5,ssp245,lejano,12,0.4394117278355688
qm_sin_recentrado,CMCC-CM2-SR5,ssp585,medio,1,0.5305965282847406
qm_sin_recentrado,CMCC-CM2-SR5,ssp585,medio,2,0.5300005843819486
qm_sin_recentrado,CMCC-CM2-SR5,ssp585,medio,3,0.5252623057170573
qm_sin_recentrado,CMCC-CM2-SR5,ssp585,medio,4,0.5246975402415539
qm_sin_recentrado,CMCC-CM2-SR5,ssp585,medio,5,0.46312188964777234
qm_sin_recentrado,CMCC-CM2-SR5,ssp585,medio,6,0.4961527351556635
qm_sin_recentrado,CMCC-CM2-SR5,ssp585,medio,7,0.5332154247866921
qm_sin_recentrado,CMCC-CM2-SR5,ssp585,medio,8,0.4240980450139169
qm_sin_recentrado,CMCC-CM2-SR5,ssp585,medio,9,0.294812315764149
qm_sin_recentrado,CMCC-CM2-SR5,ssp585,medio,10,0.25662377645703954
qm_sin_recentrado,CMCC-CM2-SR5,ssp585,medio,11,0.3556420437718092
qm_sin_recentrado,CMCC-CM2-SR5,ssp585,medio,12,0.4916705843547942
qm_sin_recentrado,CMCC-CM2-SR5,ssp585,lejano,1,0.5165079375976889
qm_sin_recentrado,CMCC-CM2-SR5,ssp585,lejano,2,0.5227821858251748
qm_sin_recentrado,CMCC-CM2-SR5,ssp585,lejano,3,0.5171553967061637
qm_sin_recentrado,CMCC-CM2-SR5,ssp585,lejano,4,0.5155261560970409
qm_sin_recentrado,CMCC-CM2-SR5,ssp585,lejano,5,0.4277665790454236
qm_sin_recentrado,CMCC-CM2-SR5,ssp585,lejano,6,0.49496928227736664
qm_sin_recentrado,CMCC-CM2-SR5,ssp585,lejano,7,0.5145448828538282
qm_sin_recentrado,CMCC-CM2-SR5,ssp585,lejano,8,0.3660287898915089
qm_sin_recentrado,CMCC-CM2-SR5,ssp585,lejano,9,0.2622997258971987
qm_sin_recentrado,CMCC-CM2-SR5,ssp585,lejano,10,0.25555545127490714
qm_sin_recentrado,CMCC-CM2-SR5,ssp585,lejano,11,0.3474943286361809
qm_sin_recentrado,CMCC-CM2-SR5,ssp585,lejano,12,0.457091980780377
qm_sin_recentrado,CMCC-ESM2,historical,historico,1,0.5188492452102851
qm_sin_recentrado,CMCC-ESM2,historical,historico,2,0.5232439594165931
qm_sin_recentrado,CMCC-ESM2,historical,historico,3,0.5166572875229156
qm_sin_recentrado,CMCC-ESM2,historical,historico,4,0.49041595627387274
qm_sin_recentrado,CMCC-ESM2,historical,historico,5,0.4443325388173549
qm_sin_recentrado,CMCC-ESM2,historical,historico,6,0.5115936377206776
qm_sin_recentrado,CMCC-ESM2,historical,historico,7,0.5327752978141693
qm_sin_recentrado,CMCC-ESM2,historical,historico,8,0.4581218907327915
qm_sin_recentrado,CMCC-ESM2,historical,historico,9,0.34518879852457673
qm_sin_recentrado,CMCC-ESM2,historical,historico,10,0.27655141112527093
qm_sin_recentrado,CMCC-ESM2,historical,historico,11,0.36263630903474464
qm_sin_recentrado,CMCC-ESM2,historical,historico,12,0.48206494758615254
qm_sin_recentrado,CMCC-ESM2,ssp126,medio,1,0.5155644869485858
qm_sin_recentrado,CMCC-ESM2,ssp126,medio,2,0.5085721078379815
qm_sin_recentrado,CMCC-ESM2,ssp126,medio,3,0.5206996906362944
qm_sin_recentrado,CMCC-ESM2,ssp126,medio,4,0.4871714200414653
qm_sin_recentrado,CMCC-ESM2,ssp126,medio,5,0.4138433612465237
qm_sin_recentrado,CMCC-ESM2,ssp126,medio,6,0.49109787569434327
qm_sin_recentrado,CMCC-ESM2,ssp126,medio,7,0.53240511417877
qm_sin_recentrado,CMCC-ESM2,ssp126,medio,8,0.4401959137399026
qm_sin_recentrado,CMCC-ESM2,ssp126,medio,9,0.32701918457147927
qm_sin_recentrado,CMCC-ESM2,ssp126,medio,10,0.29214442011131675
qm_sin_recentrado,CMCC-ESM2,ssp126,medio,11,0.37298766742524003
qm_sin_recentrado,CMCC-ESM2,ssp126,medio,12,0.48850197152879443
qm_sin_recentrado,CMCC-ESM2,ssp126,lejano,1,0.5148938967878913
qm_sin_recentrado,CMCC-ESM2,ssp126,lejano,2,0.5197859999081829
qm_sin_recentrado,CMCC-ESM2,ssp126,lejano,3,0.5160475277487034
qm_sin_recentrado,CMCC-ESM2,ssp126,lejano,4,0.47968103428596653
qm_sin_recentrado,CMCC-ESM2,ssp126,lejano,5,0.39390949696777366
qm_sin_recentrado,CMCC-ESM2,ssp126,lejano,6,0.48898526288664546
qm_sin_recentrado,CMCC-ESM2,ssp126,lejano,7,0.5288342448093054
qm_sin_recentrado,CMCC-ESM2,ssp126,lejano,8,0.4219342429253573
qm_sin_recentrado,CMCC-ESM2,ssp126,lejano,9,0.2899200332972932
qm_sin_recentrado,CMCC-ESM2,ssp126,lejano,10,0.29171160105690785
qm_sin_recentrado,CMCC-ESM2,ssp126,lejano,11,0.33820140971471196
qm_sin_recentrado,CMCC-ESM2,ssp126,lejano,12,0.4714672384516069
qm_sin_recentrado,CMCC-ESM2,ssp245,medio,1,0.5104893651024034
qm_sin_recentrado,CMCC-ESM2,ssp245,medio,2,0.5267764395591358
qm_sin_recentrado,CMCC-ESM2,ssp245,medio,3,0.5104970535099231
qm_sin_recentrado,CMCC-ESM2,ssp245,medio,4,0.48707227322565516
qm_sin_recentrado,CMCC-ESM2,ssp245,medio,5,0.4045913314730674
qm_sin_recentrado,CMCC-ESM2,ssp245,medio,6,0.48919949795502476
qm_sin_recentrado,CMCC-ESM2,ssp245,medio,7,0.5199205769345091
qm_sin_recentrado,CMCC-ESM2,ssp245,medio,8,0.41508675821699137
qm_sin_recentrado,CMCC-ESM2,ssp245,medio,9,0.2985702751404671
qm_sin_recentrado,CMCC-ESM2,ssp245,medio,10,0.3015937545680255
qm_sin_recentrado,CMCC-ESM2,ssp245,medio,11,0.3737951527505013
qm_sin_recentrado,CMCC-ESM2,ssp245,medio,12,0.48635948389061845
qm_sin_recentrado,CMCC-ESM2,ssp245,lejano,1,0.5112631047955566
qm_sin_recentrado,CMCC-ESM2,ssp245,lejano,2,0.5309403845171441
qm_sin_recentrado,CMCC-ESM2,ssp245,lejano,3,0.5190500267955963
qm_sin_recentrado,CMCC-ESM2,ssp245,lejano,4,0.4983514307017856
qm_sin_recentrado,CMCC-ESM2,ssp245,lejano,5,0.4393444740055002
qm_sin_recentrado,CMCC-ESM2,ssp245,lejano,6,0.5006412286534611
qm_sin_recentrado,CMCC-ESM2,ssp245,lejano,7,0.5218238688690509
qm_sin_recentrado,CMCC-ESM2,ssp245,lejano,8,0.41823209145711127
qm_sin_recentrado,CMCC-ESM2,ssp245,lejano,9,0.3134031908597895
qm_sin_recentrado,CMCC-ESM2,ssp245,lejano,10,0.2877996150598662
qm_sin_recentrado,CMCC-ESM2,ssp245,lejano,11,0.355570366524574
qm_sin_recentrado,CMCC-ESM2,ssp245,lejano,12,0.47961456602247393
qm_sin_recentrado,CMCC-ESM2,ssp585,medio,1,0.5096591045568989
qm_sin_recentrado,CMCC-ESM2,ssp585,medio,2,0.5189452896398421
qm_sin_recentrado,CMCC-ESM2,ssp585,medio,3,0.5260133676052936
qm_sin_recentrado,CMCC-ESM2,ssp585,medio,4,0.5138800938300323
qm_sin_recentrado,CMCC-ESM2,ssp585,medio,5,0.4476073025349745
qm_sin_recentrado,CMCC-ESM2,ssp585,medio,6,0.5067252602373844
qm_sin_recentrado,CMCC-ESM2,ssp585,medio,7,0.527934303367538
qm_sin_recentrado,CMCC-ESM2,ssp585,medio,8,0.4248927556268975
qm_sin_recentrado,CMCC-ESM2,ssp585,medio,9,0.3567093636657517
qm_sin_recentrado,CMCC-ESM2,ssp585,medio,10,0.3492363975086395
qm_sin_recentrado,CMCC-ESM2,ssp585,medio,11,0.37324980962314375
qm_sin_recentrado,CMCC-ESM2,ssp585,medio,12,0.4815812587111814
qm_sin_recentrado,CMCC-ESM2,ssp585,lejano,1,0.49599724299499637
qm_sin_recentrado,CMCC-ESM2,ssp585,lejano,2,0.5186696651851035
qm_sin_recentrado,CMCC-ESM2,ssp585,lejano,3,0.5243589104630504
qm_sin_recentrado,CMCC-ESM2,ssp585,lejano,4,0.5040534889567198
qm_sin_recentrado,CMCC-ESM2,ssp585,lejano,5,0.4261076270292263
qm_sin_recentrado,CMCC-ESM2,ssp585,lejano,6,0.49559886140500764
qm_sin_recentrado,CMCC-ESM2,ssp585,lejano,7,0.5238294262235541
qm_sin_recentrado,CMCC-ESM2,ssp585,lejano,8,0.41494454757131843
qm_sin_recentrado,CMCC-ESM2,ssp585,lejano,9,0.3314216091353565
qm_sin_recentrado,CMCC-ESM2,ssp585,lejano,10,0.33737529948518785
qm_sin_recentrado,CMCC-ESM2,ssp585,lejano,11,0.3703106134850545
qm_sin_recentrado,CMCC-ESM2,ssp585,lejano,12,0.48559518447093697
qm_sin_recentrado,EC-Earth3,historical,historico,1,0.518438610885513
qm_sin_recentrado,EC-Earth3,historical,historico,2,0.5263044489178241
qm_sin_recentrado,EC-Earth3,historical,historico,3,0.5147941233173438
qm_sin_recentrado,EC-Earth3,historical,historico,4,0.4900381698652183
qm_sin_recentrado,EC-Earth3,historical,historico,5,0.4421332467104154
qm_sin_recentrado,EC-Earth3,historical,historico,6,0.5070205632888352
qm_sin_recentrado,EC-Earth3,historical,historico,7,0.5299085101960505
qm_sin_recentrado,EC-Earth3,historical,historico,8,0.4545062247921491
qm_sin_recentrado,EC-Earth3,historical,historico,9,0.34766887882639386
qm_sin_recentrado,EC-Earth3,historical,historico,10,0.27872915536681825
qm_sin_recentrado,EC-Earth3,historical,historico,11,0.36235638114400753
qm_sin_recentrado,EC-Earth3,historical,historico,12,0.4796277664801977
qm_sin_recentrado,EC-Earth3,ssp126,medio,1,0.5186918136763532
qm_sin_recentrado,EC-Earth3,ssp126,medio,2,0.534499425859805
qm_sin_recentrado,EC-Earth3,ssp126,medio,3,0.518692347324711
qm_sin_recentrado,EC-Earth3,ssp126,medio,4,0.46464582175598557
qm_sin_recentrado,EC-Earth3,ssp126,medio,5,0.4086231923444092
qm_sin_recentrado,EC-Earth3,ssp126,medio,6,0.5254384385519741
qm_sin_recentrado,EC-Earth3,ssp126,medio,7,0.5308529029005508
qm_sin_recentrado,EC-Earth3,ssp126,medio,8,0.41861355585316623
qm_sin_recentrado,EC-Earth3,ssp126,medio,9,0.34576836771640046
qm_sin_recentrado,EC-Earth3,ssp126,medio,10,0.28021268898987484
qm_sin_recentrado,EC-Earth3,ssp126,medio,11,0.3302992841515176
qm_sin_recentrado,EC-Earth3,ssp126,medio,12,0.45007842577349455
qm_sin_recentrado,EC-Earth3,ssp126,lejano,1,0.5194363723861029
qm_sin_recentrado,EC-Earth3,ssp126,lejano,2,0.5152180567592782
qm_sin_recentrado,EC-Earth3,ssp126,lejano,3,0.5162792239188154
qm_sin_recentrado,EC-Earth3,ssp126,lejano,4,0.4566199463350204
qm_sin_recentrado,EC-Earth3,ssp126,lejano,5,0.4258421164177222
qm_sin_recentrado,EC-Earth3,ssp126,lejano,6,0.5126865594899287
qm_sin_recentrado,EC-Earth3,ssp126,lejano,7,0.5265170158968306
qm_sin_recentrado,EC-Earth3,ssp126,lejano,8,0.4224751455773639
qm_sin_recentrado,EC-Earth3,ssp126,lejano,9,0.3363914348408769
qm_sin_recentrado,EC-Earth3,ssp126,lejano,10,0.28457487114048796
qm_sin_recentrado,EC-Earth3,ssp126,lejano,11,0.3474022916244975
qm_sin_recentrado,EC-Earth3,ssp126,lejano,12,0.45898203404762433
qm_sin_recentrado,EC-Earth3,ssp245,medio,1,0.5093282521828734
qm_sin_recentrado,EC-Earth3,ssp245,medio,2,0.5275020586930367
qm_sin_recentrado,EC-Earth3,ssp245,medio,3,0.5190989629522309
qm_sin_recentrado,EC-Earth3,ssp245,medio,4,0.46584983866638696
qm_sin_recentrado,EC-Earth3,ssp245,medio,5,0.42152800538323637
qm_sin_recentrado,EC-Earth3,ssp245,medio,6,0.5145107536290706
qm_sin_recentrado,EC-Earth3,ssp245,medio,7,0.5118872198774671
qm_sin_recentrado,EC-Earth3,ssp245,medio,8,0.4233495254590349
qm_sin_recentrado,EC-Earth3,ssp245,medio,9,0.34793031766085797
qm_sin_recentrado,EC-Earth3,ssp245,medio,10,0.22938116765163982
qm_sin_recentrado,EC-Earth3,ssp245,medio,11,0.2896561200528065
qm_sin_recentrado,EC-Earth3,ssp245,medio,12,0.4464284213022832
qm_sin_recentrado,EC-Earth3,ssp245,lejano,1,0.5099192784634711
qm_sin_recentrado,EC-Earth3,ssp245,lejano,2,0.5310479751716873
qm_sin_recentrado,EC-Earth3,ssp245,lejano,3,0.5197803606275809
qm_sin_recentrado,EC-Earth3,ssp245,lejano,4,0.4576373011268941
qm_sin_recentrado,EC-Earth3,ssp245,lejano,5,0.43918062570490835
qm_sin_recentrado,EC-Earth3,ssp245,lejano,6,0.5103876470511912
qm_sin_recentrado,EC-Earth3,ssp245,lejano,7,0.5201637851539171
qm_sin_recentrado,EC-Earth3,ssp245,lejano,8,0.4202873352340494
qm_sin_recentrado,EC-Earth3,ssp245,lejano,9,0.3573896575244847
qm_sin_recentrado,EC-Earth3,ssp245,lejano,10,0.2729173089476853
qm_sin_recentrado,EC-Earth3,ssp245,lejano,11,0.311054175079703
qm_sin_recentrado,EC-Earth3,ssp245,lejano,12,0.43412393831244744
qm_sin_recentrado,EC-Earth3,ssp585,medio,1,0.5074094681339537
qm_sin_recentrado,EC-Earth3,ssp585,medio,2,0.519981780055395
qm_sin_recentrado,EC-Earth3,ssp585,medio,3,0.5270120844438307
qm_sin_recentrado,EC-Earth3,ssp585,medio,4,0.4510967306010468
qm_sin_recentrado,EC-Earth3,ssp585,medio,5,0.4002982753079348
qm_sin_recentrado,EC-Earth3,ssp585,medio,6,0.5176137509469275
qm_sin_recentrado,EC-Earth3,ssp585,medio,7,0.5224299827950148
qm_sin_recentrado,EC-Earth3,ssp585,medio,8,0.42049275057707414
qm_sin_recentrado,EC-Earth3,ssp585,medio,9,0.3562233750528967
qm_sin_recentrado,EC-Earth3,ssp585,medio,10,0.3185445265959295
qm_sin_recentrado,EC-Earth3,ssp585,medio,11,0.358904498771769
qm_sin_recentrado,EC-Earth3,ssp585,medio,12,0.4613497556898862
qm_sin_recentrado,EC-Earth3,ssp585,lejano,1,0.5196226967427788
qm_sin_recentrado,EC-Earth3,ssp585,lejano,2,0.5314513631942833
qm_sin_recentrado,EC-Earth3,ssp585,lejano,3,0.5352801672607362
qm_sin_recentrado,EC-Earth3,ssp585,lejano,4,0.49456026387909824
qm_sin_recentrado,EC-Earth3,ssp585,lejano,5,0.423816634181931
qm_sin_recentrado,EC-Earth3,ssp585,lejano,6,0.5264533150965194
qm_sin_recentrado,EC-Earth3,ssp585,lejano,7,0.518448527432261
qm_sin_recentrado,EC-Earth3,ssp585,lejano,8,0.3769823370035759
qm_sin_recentrado,EC-Earth3,ssp585,lejano,9,0.3709526165662265
qm_sin_recentrado,EC-Earth3,ssp585,lejano,10,0.3466054223388084
qm_sin_recentrado,EC-Earth3,ssp585,lejano,11,0.347486245033695
qm_sin_recentrado,EC-Earth3,ssp585,lejano,12,0.4744448559078842
qm_sin_recentrado,IPSL-CM6A-LR,historical,historico,1,0.5218278411368014
qm_sin_recentrado,IPSL-CM6A-LR,historical,historico,2,0.5279775701960294
qm_sin_recentrado,IPSL-CM6A-LR,historical,historico,3,0.520656630467037
qm_sin_recentrado,IPSL-CM6A-LR,historical,historico,4,0.4948097106737686
qm_sin_recentrado,IPSL-CM6A-LR,historical,historico,5,0.4493918144815553
qm_sin_recentrado,IPSL-CM6A-LR,historical,historico,6,0.5103769851197892
qm_sin_recentrado,IPSL-CM6A-LR,historical,historico,7,0.5370241628627841
qm_sin_recentrado,IPSL-CM6A-LR,historical,historico,8,0.4621632790525704
qm_sin_recentrado,IPSL-CM6A-LR,historical,historico,9,0.34722707510298956
qm_sin_recentrado,IPSL-CM6A-LR,historical,historico,10,0.28139928361597444
qm_sin_recentrado,IPSL-CM6A-LR,historical,historico,11,0.3626028466671313
qm_sin_recentrado,IPSL-CM6A-LR,historical,historico,12,0.484198145304019
qm_sin_recentrado,IPSL-CM6A-LR,ssp126,medio,1,0.5277155497768365
qm_sin_recentrado,IPSL-CM6A-LR,ssp126,medio,2,0.5368696774851628
qm_sin_recentrado,IPSL-CM6A-LR,ssp126,medio,3,0.5203720293389663
qm_sin_recentrado,IPSL-CM6A-LR,ssp126,medio,4,0.5074962068496409
qm_sin_recentrado,IPSL-CM6A-LR,ssp126,medio,5,0.4853563882338354
qm_sin_recentrado,IPSL-CM6A-LR,ssp126,medio,6,0.5484074767532032
qm_sin_recentrado,IPSL-CM6A-LR,ssp126,medio,7,0.5407833072432111
qm_sin_recentrado,IPSL-CM6A-LR,ssp126,medio,8,0.48561045713539364
qm_sin_recentrado,IPSL-CM6A-LR,ssp126,medio,9,0.4089429089493808
qm_sin_recentrado,IPSL-CM6A-LR,ssp126,medio,10,0.3385261181485136
qm_sin_recentrado,IPSL-CM6A-LR,ssp126,medio,11,0.4070597390595867
qm_sin_recentrado,IPSL-CM6A-LR,ssp126,medio,12,0.5018740615232464
qm_sin_recentrado,IPSL-CM6A-LR,ssp126,lejano,1,0.5285793094301232
qm_sin_recentrado,IPSL-CM6A-LR,ssp126,lejano,2,0.5357919397886121
qm_sin_recentrado,IPSL-CM6A-LR,ssp126,lejano,3,0.5269795330559272
qm_sin_recentrado,IPSL-CM6A-LR,ssp126,lejano,4,0.5064308561268133
qm_sin_recentrado,IPSL-CM6A-LR,ssp126,lejano,5,0.473847484455402
qm_sin_recentrado,IPSL-CM6A-LR,ssp126,lejano,6,0.5450905736264599
qm_sin_recentrado,IPSL-CM6A-LR,ssp126,lejano,7,0.5428767374585051
qm_sin_recentrado,IPSL-CM6A-LR,ssp126,lejano,8,0.4993350610073872
qm_sin_recentrado,IPSL-CM6A-LR,ssp126,lejano,9,0.4321217622414957
qm_sin_recentrado,IPSL-CM6A-LR,ssp126,lejano,10,0.32142649793685846
qm_sin_recentrado,IPSL-CM6A-LR,ssp126,lejano,11,0.4146012842399792
qm_sin_recentrado,IPSL-CM6A-LR,ssp126,lejano,12,0.49721617450149785
qm_sin_recentrado,IPSL-CM6A-LR,ssp245,medio,1,0.5325213276224355
qm_sin_recentrado,IPSL-CM6A-LR,ssp245,medio,2,0.5333250561105151
qm_sin_recentrado,IPSL-CM6A-LR,ssp245,medio,3,0.5253288992703095
qm_sin_recentrado,IPSL-CM6A-LR,ssp245,medio,4,0.5156242815017522
qm_sin_recentrado,IPSL-CM6A-LR,ssp245,medio,5,0.4997213004969667
qm_sin_recentrado,IPSL-CM6A-LR,ssp245,medio,6,0.5429831788326891
qm_sin_recentrado,IPSL-CM6A-LR,ssp245,medio,7,0.5392191863417742
qm_sin_recentrado,IPSL-CM6A-LR,ssp245,medio,8,0.4950065247854989
qm_sin_recentrado,IPSL-CM6A-LR,ssp245,medio,9,0.41145886734042114
qm_sin_recentrado,IPSL-CM6A-LR,ssp245,medio,10,0.313612240637813
qm_sin_recentrado,IPSL-CM6A-LR,ssp245,medio,11,0.41471854089072724
qm_sin_recentrado,IPSL-CM6A-LR,ssp245,medio,12,0.5009082666639317
qm_sin_recentrado,IPSL-CM6A-LR,ssp245,lejano,1,0.5229253638066127
qm_sin_recentrado,IPSL-CM6A-LR,ssp245,lejano,2,0.5428207979492546
qm_sin_recentrado,IPSL-CM6A-LR,ssp245,lejano,3,0.5084777430997734
qm_sin_recentrado,IPSL-CM6A-LR,ssp245,lejano,4,0.5165997360185608
qm_sin_recentrado,IPSL-CM6A-LR,ssp245,lejano,5,0.4972104120369337
qm_sin_recentrado,IPSL-CM6A-LR,ssp245,lejano,6,0.5491665038518994
qm_sin_recentrado,IPSL-CM6A-LR,ssp245,lejano,7,0.5366662481758065
qm_sin_recentrado,IPSL-CM6A-LR,ssp245,lejano,8,0.5023866931449477
qm_sin_recentrado,IPSL-CM6A-LR,ssp245,lejano,9,0.42387412633944516
qm_sin_recentrado,IPSL-CM6A-LR,ssp245,lejano,10,0.32132596149794646
qm_sin_recentrado,IPSL-CM6A-LR,ssp245,lejano,11,0.415452661679074
qm_sin_recentrado,IPSL-CM6A-LR,ssp245,lejano,12,0.5206153797101536
qm_sin_recentrado,IPSL-CM6A-LR,ssp585,medio,1,0.5328348311493858
qm_sin_recentrado,IPSL-CM6A-LR,ssp585,medio,2,0.5325617022211449
qm_sin_recentrado,IPSL-CM6A-LR,ssp585,medio,3,0.5228366209682721
qm_sin_recentrado,IPSL-CM6A-LR,ssp585,medio,4,0.5322481786050977
qm_sin_recentrado,IPSL-CM6A-LR,ssp585,medio,5,0.5118249483641216
qm_sin_recentrado,IPSL-CM6A-LR,ssp585,medio,6,0.5492306490308226
qm_sin_recentrado,IPSL-CM6A-LR,ssp585,medio,7,0.5365816396219674
qm_sin_recentrado,IPSL-CM6A-LR,ssp585,medio,8,0.4927956101836827
qm_sin_recentrado,IPSL-CM6A-LR,ssp585,medio,9,0.41840298876979815
qm_sin_recentrado,IPSL-CM6A-LR,ssp585,medio,10,0.32794797393398206
qm_sin_recentrado,IPSL-CM6A-LR,ssp585,medio,11,0.4215722097033952
qm_sin_recentrado,IPSL-CM6A-LR,ssp585,medio,12,0.5154678868304924
qm_sin_recentrado,IPSL-CM6A-LR,ssp585,lejano,1,0.5278710182413026
qm_sin_recentrado,IPSL-CM6A-LR,ssp585,lejano,2,0.5430917890216597
qm_sin_recentrado,IPSL-CM6A-LR,ssp585,lejano,3,0.5219394076535233
qm_sin_recentrado,IPSL-CM6A-LR,ssp585,lejano,4,0.5332262393556598
qm_sin_recentrado,IPSL-CM6A-LR,ssp585,lejano,5,0.5317719625242828
qm_sin_recentrado,IPSL-CM6A-LR,ssp585,lejano,6,0.5425924852961811
qm_sin_recentrado,IPSL-CM6A-LR,ssp585,lejano,7,0.5425759586761949
qm_sin_recentrado,IPSL-CM6A-LR,ssp585,lejano,8,0.49209763853070027
qm_sin_recentrado,IPSL-CM6A-LR,ssp585,lejano,9,0.3976675942022454
qm_sin_recentrado,IPSL-CM6A-LR,ssp585,lejano,10,0.28923158411386884
qm_sin_recentrado,IPSL-CM6A-LR,ssp585,lejano,11,0.4001556797405026
qm_sin_recentrado,IPSL-CM6A-LR,ssp585,lejano,12,0.5179367898192658
qm_sin_recentrado,MIROC6,historical,historico,1,0.5441511116796545
qm_sin_recentrado,MIROC6,historical,historico,2,0.5497807239591163
qm_sin_recentrado,MIROC6,historical,historico,3,0.5411337333144505
qm_sin_recentrado,MIROC6,historical,historico,4,0.5136424631652516
qm_sin_recentrado,MIROC6,historical,historico,5,0.46087887148039747
qm_sin_recentrado,MIROC6,historical,historico,6,0.5296802571539893
qm_sin_recentrado,MIROC6,historical,historico,7,0.5548978299454216
qm_sin_recentrado,MIROC6,historical,historico,8,0.4800065412732424
qm_sin_recentrado,MIROC6,historical,historico,9,0.3607343587585231
qm_sin_recentrado,MIROC6,historical,historico,10,0.28735410954023977
qm_sin_recentrado,MIROC6,historical,historico,11,0.3800639099868691
qm_sin_recentrado,MIROC6,historical,historico,12,0.49969689859798055
qm_sin_recentrado,MIROC6,ssp126,medio,1,0.5093670669459793
qm_sin_recentrado,MIROC6,ssp126,medio,2,0.5080548745562414
qm_sin_recentrado,MIROC6,ssp126,medio,3,0.48143660413922007
qm_sin_recentrado,MIROC6,ssp126,medio,4,0.44886729803883635
qm_sin_recentrado,MIROC6,ssp126,medio,5,0.4194822021823381
qm_sin_recentrado,MIROC6,ssp126,medio,6,0.4894722926378586
qm_sin_recentrado,MIROC6,ssp126,medio,7,0.5193026347111698
qm_sin_recentrado,MIROC6,ssp126,medio,8,0.44449123704017374
qm_sin_recentrado,MIROC6,ssp126,medio,9,0.3662823976177127
qm_sin_recentrado,MIROC6,ssp126,medio,10,0.29097741092758905
qm_sin_recentrado,MIROC6,ssp126,medio,11,0.3314801067874374
qm_sin_recentrado,MIROC6,ssp126,medio,12,0.46551801919847546
qm_sin_recentrado,MIROC6,ssp126,lejano,1,0.5055919746788463
qm_sin_recentrado,MIROC6,ssp126,lejano,2,0.5121772932893648
qm_sin_recentrado,MIROC6,ssp126,lejano,3,0.4942704314070616
qm_sin_recentrado,MIROC6,ssp126,lejano,4,0.4483301261837446
qm_sin_recentrado,MIROC6,ssp126,lejano,5,0.4016030720085094
qm_sin_recentrado,MIROC6,ssp126,lejano,6,0.49950507943244277
qm_sin_recentrado,MIROC6,ssp126,lejano,7,0.5201427740375031
qm_sin_recentrado,MIROC6,ssp126,lejano,8,0.4751547756530087
qm_sin_recentrado,MIROC6,ssp126,lejano,9,0.3725054777234307
qm_sin_recentrado,MIROC6,ssp126,lejano,10,0.24451933661776495
qm_sin_recentrado,MIROC6,ssp126,lejano,11,0.35703939560465225
qm_sin_recentrado,MIROC6,ssp126,lejano,12,0.47618252683642387
qm_sin_recentrado,MIROC6,ssp245,medio,1,0.5035936546183342
qm_sin_recentrado,MIROC6,ssp245,medio,2,0.5023527172358159
qm_sin_recentrado,MIROC6,ssp245,medio,3,0.48418058521762436
qm_sin_recentrado,MIROC6,ssp245,medio,4,0.4610407069424109
qm_sin_recentrado,MIROC6,ssp245,medio,5,0.41457240619245167
qm_sin_recentrado,MIROC6,ssp245,medio,6,0.48427981538009635
qm_sin_recentrado,MIROC6,ssp245,medio,7,0.5124196800050074
qm_sin_recentrado,MIROC6,ssp245,medio,8,0.4574678734225786
qm_sin_recentrado,MIROC6,ssp245,medio,9,0.34287353863521947
qm_sin_recentrado,MIROC6,ssp245,medio,10,0.2666177603601913
qm_sin_recentrado,MIROC6,ssp245,medio,11,0.32036215253562733
qm_sin_recentrado,MIROC6,ssp245,medio,12,0.48315739564026877
qm_sin_recentrado,MIROC6,ssp245,lejano,1,0.5045575947578772
qm_sin_recentrado,MIROC6,ssp245,lejano,2,0.5116607935719779
qm_sin_recentrado,MIROC6,ssp245,lejano,3,0.4976479705375679
qm_sin_recentrado,MIROC6,ssp245,lejano,4,0.4478250699928295
qm_sin_recentrado,MIROC6,ssp245,lejano,5,0.4141170775652927
qm_sin_recentrado,MIROC6,ssp245,lejano,6,0.47095720540523617
qm_sin_recentrado,MIROC6,ssp245,lejano,7,0.5245597765047593
qm_sin_recentrado,MIROC6,ssp245,lejano,8,0.4863328773631005
qm_sin_recentrado,MIROC6,ssp245,lejano,9,0.3766872689661577
qm_sin_recentrado,MIROC6,ssp245,lejano,10,0.24707023499378306
qm_sin_recentrado,MIROC6,ssp245,lejano,11,0.3346365029229168
qm_sin_recentrado,MIROC6,ssp245,lejano,12,0.46683910822188845
qm_sin_recentrado,MIROC6,ssp585,medio,1,0.5094816152751296
qm_sin_recentrado,MIROC6,ssp585,medio,2,0.5074726993525643
qm_sin_recentrado,MIROC6,ssp585,medio,3,0.4890399533463652
qm_sin_recentrado,MIROC6,ssp585,medio,4,0.46280566486607366
qm_sin_recentrado,MIROC6,ssp585,medio,5,0.4309974914195149
qm_sin_recentrado,MIROC6,ssp585,medio,6,0.48843751534585284
qm_sin_recentrado,MIROC6,ssp585,medio,7,0.5154998558234071
qm_sin_recentrado,MIROC6,ssp585,medio,8,0.477159604615391
qm_sin_recentrado,MIROC6,ssp585,medio,9,0.39908993033625934
qm_sin_recentrado,MIROC6,ssp585,medio,10,0.28115128797329186
qm_sin_recentrado,MIROC6,ssp585,medio,11,0.3440982890945888
qm_sin_recentrado,MIROC6,ssp585,medio,12,0.47276408368037276
qm_sin_recentrado,MIROC6,ssp585,lejano,1,0.511250602444004
qm_sin_recentrado,MIROC6,ssp585,lejano,2,0.5053690941200775
qm_sin_recentrado,MIROC6,ssp585,lejano,3,0.47405619185286413
qm_sin_recentrado,MIROC6,ssp585,lejano,4,0.43941663618191523
qm_sin_recentrado,MIROC6,ssp585,lejano,5,0.4469938666997628
qm_sin_recentrado,MIROC6,ssp585,lejano,6,0.5019754211344517
qm_sin_recentrado,MIROC6,ssp585,lejano,7,0.5177875162594362
qm_sin_recentrado,MIROC6,ssp585,lejano,8,0.49748339100071604
qm_sin_recentrado,MIROC6,ssp585,lejano,9,0.4289495037437359
qm_sin_recentrado,MIROC6,ssp585,lejano,10,0.2715263569783161
qm_sin_recentrado,MIROC6,ssp585,lejano,11,0.31993860359422005
qm_sin_recentrado,MIROC6,ssp585,lejano,12,0.47005555187279635
qm_sin_recentrado,MPI-ESM1-2-HR,historical,historico,1,0.5181903035256036
qm_sin_recentrado,MPI-ESM1-2-HR,historical,historico,2,0.5232948266822659
qm_sin_recentrado,MPI-ESM1-2-HR,historical,historico,3,0.5146107468463785
qm_sin_recentrado,MPI-ESM1-2-HR,historical,historico,4,0.4862391512971276
qm_sin_recentrado,MPI-ESM1-2-HR,historical,historico,5,0.4393853041623694
qm_sin_recentrado,MPI-ESM1-2-HR,historical,historico,6,0.502966991136593
qm_sin_recentrado,MPI-ESM1-2-HR,historical,historico,7,0.5267317669309615
qm_sin_recentrado,MPI-ESM1-2-HR,historical,historico,8,0.45197152142143887
qm_sin_recentrado,MPI-ESM1-2-HR,historical,historico,9,0.3416541135730547
qm_sin_recentrado,MPI-ESM1-2-HR,historical,historico,10,0.26906287367096565
qm_sin_recentrado,MPI-ESM1-2-HR,historical,historico,11,0.3565107657028631
qm_sin_recentrado,MPI-ESM1-2-HR,historical,historico,12,0.47581533640513735
qm_sin_recentrado,MPI-ESM1-2-HR,ssp126,medio,1,0.5252695818238191
qm_sin_recentrado,MPI-ESM1-2-HR,ssp126,medio,2,0.5230459895213003
qm_sin_recentrado,MPI-ESM1-2-HR,ssp126,medio,3,0.5030098015181241
qm_sin_recentrado,MPI-ESM1-2-HR,ssp126,medio,4,0.4588503504702802
qm_sin_recentrado,MPI-ESM1-2-HR,ssp126,medio,5,0.45747929977489227
qm_sin_recentrado,MPI-ESM1-2-HR,ssp126,medio,6,0.5221316054622785
qm_sin_recentrado,MPI-ESM1-2-HR,ssp126,medio,7,0.5357165794670846
qm_sin_recentrado,MPI-ESM1-2-HR,ssp126,medio,8,0.43908328220186865
qm_sin_recentrado,MPI-ESM1-2-HR,ssp126,medio,9,0.32920008120873334
qm_sin_recentrado,MPI-ESM1-2-HR,ssp126,medio,10,0.27970249492890753
qm_sin_recentrado,MPI-ESM1-2-HR,ssp126,medio,11,0.33633670493459916
qm_sin_recentrado,MPI-ESM1-2-HR,ssp126,medio,12,0.4674632650673699
qm_sin_recentrado,MPI-ESM1-2-HR,ssp126,lejano,1,0.5300161569486376
qm_sin_recentrado,MPI-ESM1-2-HR,ssp126,lejano,2,0.5239705230616388
qm_sin_recentrado,MPI-ESM1-2-HR,ssp126,lejano,3,0.51052718642
qm_sin_recentrado,MPI-ESM1-2-HR,ssp126,lejano,4,0.4899345045285391
qm_sin_recentrado,MPI-ESM1-2-HR,ssp126,lejano,5,0.45235129631341964
qm_sin_recentrado,MPI-ESM1-2-HR,ssp126,lejano,6,0.5185288243262436
qm_sin_recentrado,MPI-ESM1-2-HR,ssp126,lejano,7,0.532995042067263
qm_sin_recentrado,MPI-ESM1-2-HR,ssp126,lejano,8,0.459212849514959
qm_sin_recentrado,MPI-ESM1-2-HR,ssp126,lejano,9,0.3691253325089258
qm_sin_recentrado,MPI-ESM1-2-HR,ssp126,lejano,10,0.28544559502585365
qm_sin_recentrado,MPI-ESM1-2-HR,ssp126,lejano,11,0.3766303777216116
qm_sin_recentrado,MPI-ESM1-2-HR,ssp126,lejano,12,0.470587995003488
qm_sin_recentrado,MPI-ESM1-2-HR,ssp245,medio,1,0.510891803586538
qm_sin_recentrado,MPI-ESM1-2-HR,ssp245,medio,2,0.5165024884025163
qm_sin_recentrado,MPI-ESM1-2-HR,ssp245,medio,3,0.5013762715716875
qm_sin_recentrado,MPI-ESM1-2-HR,ssp245,medio,4,0.47704749165554433
qm_sin_recentrado,MPI-ESM1-2-HR,ssp245,medio,5,0.4519500608454344
qm_sin_recentrado,MPI-ESM1-2-HR,ssp245,medio,6,0.5176970569504028
qm_sin_recentrado,MPI-ESM1-2-HR,ssp245,medio,7,0.5332621230523944
qm_sin_recentrado,MPI-ESM1-2-HR,ssp245,medio,8,0.44568130960613744
qm_sin_recentrado,MPI-ESM1-2-HR,ssp245,medio,9,0.37466656521895075
qm_sin_recentrado,MPI-ESM1-2-HR,ssp245,medio,10,0.29702083160117343
qm_sin_recentrado,MPI-ESM1-2-HR,ssp245,medio,11,0.34983543032304826
qm_sin_recentrado,MPI-ESM1-2-HR,ssp245,medio,12,0.47109993188374416
qm_sin_recentrado,MPI-ESM1-2-HR,ssp245,lejano,1,0.5114652727135521
qm_sin_recentrado,MPI-ESM1-2-HR,ssp245,lejano,2,0.516914834245618
qm_sin_recentrado,MPI-ESM1-2-HR,ssp245,lejano,3,0.5094501961883597
qm_sin_recentrado,MPI-ESM1-2-HR,ssp245,lejano,4,0.4944464982162506
qm_sin_recentrado,MPI-ESM1-2-HR,ssp245,lejano,5,0.47839677085018084
qm_sin_recentrado,MPI-ESM1-2-HR,ssp245,lejano,6,0.5300822597202328
qm_sin_recentrado,MPI-ESM1-2-HR,ssp245,lejano,7,0.5372408785499357
qm_sin_recentrado,MPI-ESM1-2-HR,ssp245,lejano,8,0.472937366779087
qm_sin_recentrado,MPI-ESM1-2-HR,ssp245,lejano,9,0.3759931402574155
qm_sin_recentrado,MPI-ESM1-2-HR,ssp245,lejano,10,0.3149315773710562
qm_sin_recentrado,MPI-ESM1-2-HR,ssp245,lejano,11,0.35752935416332066
qm_sin_recentrado,MPI-ESM1-2-HR,ssp245,lejano,12,0.4775089212312861
qm_sin_recentrado,MPI-ESM1-2-HR,ssp585,medio,1,0.5225009874173844
qm_sin_recentrado,MPI-ESM1-2-HR,ssp585,medio,2,0.5246492438449195
qm_sin_recentrado,MPI-ESM1-2-HR,ssp585,medio,3,0.497845950121019
qm_sin_recentrado,MPI-ESM1-2-HR,ssp585,medio,4,0.46595715464040555
qm_sin_recentrado,MPI-ESM1-2-HR,ssp585,medio,5,0.4370178256480913
qm_sin_recentrado,MPI-ESM1-2-HR,ssp585,medio,6,0.5330202396106132
qm_sin_recentrado,MPI-ESM1-2-HR,ssp585,medio,7,0.5418602485615213
qm_sin_recentrado,MPI-ESM1-2-HR,ssp585,medio,8,0.4679992730133554
qm_sin_recentrado,MPI-ESM1-2-HR,ssp585,medio,9,0.36274800236669497
qm_sin_recentrado,MPI-ESM1-2-HR,ssp585,medio,10,0.3163790490756168
qm_sin_recentrado,MPI-ESM1-2-HR,ssp585,medio,11,0.3651396573609891
qm_sin_recentrado,MPI-ESM1-2-HR,ssp585,medio,12,0.4713883183538268
qm_sin_recentrado,MPI-ESM1-2-HR,ssp585,lejano,1,0.5283221212139193
qm_sin_recentrado,MPI-ESM1-2-HR,ssp585,lejano,2,0.5344980501315522
qm_sin_recentrado,MPI-ESM1-2-HR,ssp585,lejano,3,0.5215020515851555
qm_sin_recentrado,MPI-ESM1-2-HR,ssp585,lejano,4,0.4879902051259927
qm_sin_recentrado,MPI-ESM1-2-HR,ssp585,lejano,5,0.46653453791982014
qm_sin_recentrado,MPI-ESM1-2-HR,ssp585,lejano,6,0.5323851738037708
qm_sin_recentrado,MPI-ESM1-2-HR,ssp585,lejano,7,0.5390801595919159
qm_sin_recentrado,MPI-ESM1-2-HR,ssp585,lejano,8,0.49376497011938175
qm_sin_recentrado,MPI-ESM1-2-HR,ssp585,lejano,9,0.4501106862891106
qm_sin_recentrado,MPI-ESM1-2-HR,ssp585,lejano,10,0.37266847022372074
qm_sin_recentrado,MPI-ESM1-2-HR,ssp585,lejano,11,0.3865487413477615
qm_sin_recentrado,MPI-ESM1-2-HR,ssp585,lejano,12,0.48925305460793533
qm_sin_recentrado,MPI-ESM1-2-LR,historical,historico,1,0.5173022859267983
qm_sin_recentrado,MPI-ESM1-2-LR,historical,historico,2,0.5240771338353257
qm_sin_recentrado,MPI-ESM1-2-LR,historical,historico,3,0.5149506758946865
qm_sin_recentrado,MPI-ESM1-2-LR,historical,historico,4,0.48913727976083715
qm_sin_recentrado,MPI-ESM1-2-LR,historical,historico,5,0.4398503164577228
qm_sin_recentrado,MPI-ESM1-2-LR,historical,historico,6,0.5055226527407909
qm_sin_recentrado,MPI-ESM1-2-LR,historical,historico,7,0.527542546208404
qm_sin_recentrado,MPI-ESM1-2-LR,historical,historico,8,0.4529765083802467
qm_sin_recentrado,MPI-ESM1-2-LR,historical,historico,9,0.3426056552286146
qm_sin_recentrado,MPI-ESM1-2-LR,historical,historico,10,0.2751284937734528
qm_sin_recentrado,MPI-ESM1-2-LR,historical,historico,11,0.35643364719361625
qm_sin_recentrado,MPI-ESM1-2-LR,historical,historico,12,0.47423583872644887
qm_sin_recentrado,MPI-ESM1-2-LR,ssp126,medio,1,0.5038904057968677
qm_sin_recentrado,MPI-ESM1-2-LR,ssp126,medio,2,0.5323504187787217
qm_sin_recentrado,MPI-ESM1-2-LR,ssp126,medio,3,0.5158438986963471
qm_sin_recentrado,MPI-ESM1-2-LR,ssp126,medio,4,0.4971732277866513
qm_sin_recentrado,MPI-ESM1-2-LR,ssp126,medio,5,0.47448994221027957
qm_sin_recentrado,MPI-ESM1-2-LR,ssp126,medio,6,0.5174453015430457
qm_sin_recentrado,MPI-ESM1-2-LR,ssp126,medio,7,0.5365354032568975
qm_sin_recentrado,MPI-ESM1-2-LR,ssp126,medio,8,0.47652225054936986
qm_sin_recentrado,MPI-ESM1-2-LR,ssp126,medio,9,0.4051652460756
qm_sin_recentrado,MPI-ESM1-2-LR,ssp126,medio,10,0.2830077206734763
qm_sin_recentrado,MPI-ESM1-2-LR,ssp126,medio,11,0.39015157692392416
qm_sin_recentrado,MPI-ESM1-2-LR,ssp126,medio,12,0.48558890146399913
qm_sin_recentrado,MPI-ESM1-2-LR,ssp126,lejano,1,0.5128297057613689
qm_sin_recentrado,MPI-ESM1-2-LR,ssp126,lejano,2,0.5295961950038875
qm_sin_recentrado,MPI-ESM1-2-LR,ssp126,lejano,3,0.5119272084326955
qm_sin_recentrado,MPI-ESM1-2-LR,ssp126,lejano,4,0.49926237551967195
qm_sin_recentrado,MPI-ESM1-2-LR,ssp126,lejano,5,0.4719812968779078
qm_sin_recentrado,MPI-ESM1-2-LR,ssp126,lejano,6,0.5123380989492667
qm_sin_recentrado,MPI-ESM1-2-LR,ssp126,lejano,7,0.5290788338232586
qm_sin_recentrado,MPI-ESM1-2-LR,ssp126,lejano,8,0.4729133184233103
qm_sin_recentrado,MPI-ESM1-2-LR,ssp126,lejano,9,0.4052052437571803
qm_sin_recentrado,MPI-ESM1-2-LR,ssp126,lejano,10,0.27407130308420036
qm_sin_recentrado,MPI-ESM1-2-LR,ssp126,lejano,11,0.38432858767721867
qm_sin_recentrado,MPI-ESM1-2-LR,ssp126,lejano,12,0.48999194834346727
qm_sin_recentrado,MPI-ESM1-2-LR,ssp245,medio,1,0.5109664170839084
qm_sin_recentrado,MPI-ESM1-2-LR,ssp245,medio,2,0.5369222015565905
qm_sin_recentrado,MPI-ESM1-2-LR,ssp245,medio,3,0.5221658523122636
qm_sin_recentrado,MPI-ESM1-2-LR,ssp245,medio,4,0.4999330953482051
qm_sin_recentrado,MPI-ESM1-2-LR,ssp245,medio,5,0.46919075841893704
qm_sin_recentrado,MPI-ESM1-2-LR,ssp245,medio,6,0.5226855400974973
qm_sin_recentrado,MPI-ESM1-2-LR,ssp245,medio,7,0.5325725855408222
qm_sin_recentrado,MPI-ESM1-2-LR,ssp245,medio,8,0.47372356349198197
qm_sin_recentrado,MPI-ESM1-2-LR,ssp245,medio,9,0.39094376034173717
qm_sin_recentrado,MPI-ESM1-2-LR,ssp245,medio,10,0.28641275754921414
qm_sin_recentrado,MPI-ESM1-2-LR,ssp245,medio,11,0.3830098151799263
qm_sin_recentrado,MPI-ESM1-2-LR,ssp245,medio,12,0.4837987778097487
qm_sin_recentrado,MPI-ESM1-2-LR,ssp245,lejano,1,0.5234286033010017
qm_sin_recentrado,MPI-ESM1-2-LR,ssp245,lejano,2,0.5330651983242736
qm_sin_recentrado,MPI-ESM1-2-LR,ssp245,lejano,3,0.5138626831494782
qm_sin_recentrado,MPI-ESM1-2-LR,ssp245,lejano,4,0.5090979567042742
qm_sin_recentrado,MPI-ESM1-2-LR,ssp245,lejano,5,0.4990274181886086
qm_sin_recentrado,MPI-ESM1-2-LR,ssp245,lejano,6,0.5362725311613705
qm_sin_recentrado,MPI-ESM1-2-LR,ssp245,lejano,7,0.5372608874516557
qm_sin_recentrado,MPI-ESM1-2-LR,ssp245,lejano,8,0.4872841975447798
qm_sin_recentrado,MPI-ESM1-2-LR,ssp245,lejano,9,0.436917945527845
qm_sin_recentrado,MPI-ESM1-2-LR,ssp245,lejano,10,0.33966167573671463
qm_sin_recentrado,MPI-ESM1-2-LR,ssp245,lejano,11,0.4106193006392743
qm_sin_recentrado,MPI-ESM1-2-LR,ssp245,lejano,12,0.4832425882521112
qm_sin_recentrado,MPI-ESM1-2-LR,ssp585,medio,1,0.5074150454658168
qm_sin_recentrado,MPI-ESM1-2-LR,ssp585,medio,2,0.5376754149157392
qm_sin_recentrado,MPI-ESM1-2-LR,ssp585,medio,3,0.5155295572744691
qm_sin_recentrado,MPI-ESM1-2-LR,ssp585,medio,4,0.5080414222184273
qm_sin_recentrado,MPI-ESM1-2-LR,ssp585,medio,5,0.4840901123022114
qm_sin_recentrado,MPI-ESM1-2-LR,ssp585,medio,6,0.5402433901883072
qm_sin_recentrado,MPI-ESM1-2-LR,ssp585,medio,7,0.5390156916909757
qm_sin_recentrado,MPI-ESM1-2-LR,ssp585,medio,8,0.5035070808483433
qm_sin_recentrado,MPI-ESM1-2-LR,ssp585,medio,9,0.4316292830100604
qm_sin_recentrado,MPI-ESM1-2-LR,ssp585,medio,10,0.33886276107468083
qm_sin_recentrado,MPI-ESM1-2-LR,ssp585,medio,11,0.3996233124852155
qm_sin_recentrado,MPI-ESM1-2-LR,ssp585,medio,12,0.5040046068185912
qm_sin_recentrado,MPI-ESM1-2-LR,ssp585,lejano,1,0.5246097382860149
qm_sin_recentrado,MPI-ESM1-2-LR,ssp585,lejano,2,0.5423642418673811
qm_sin_recentrado,MPI-ESM1-2-LR,ssp585,lejano,3,0.51646418401382
qm_sin_recentrado,MPI-ESM1-2-LR,ssp585,lejano,4,0.5012045071245503
qm_sin_recentrado,MPI-ESM1-2-LR,ssp585,lejano,5,0.517461901407377
qm_sin_recentrado,MPI-ESM1-2-LR,ssp585,lejano,6,0.5392260574553347
qm_sin_recentrado,MPI-ESM1-2-LR,ssp585,lejano,7,0.5374345008047305
qm_sin_recentrado,MPI-ESM1-2-LR,ssp585,lejano,8,0.5085666967178779
qm_sin_recentrado,MPI-ESM1-2-LR,ssp585,lejano,9,0.46282632327018747
qm_sin_recentrado,MPI-ESM1-2-LR,ssp585,lejano,10,0.36601772963245865
qm_sin_recentrado,MPI-ESM1-2-LR,ssp585,lejano,11,0.4012067201332839
qm_sin_recentrado,MPI-ESM1-2-LR,ssp585,lejano,12,0.5002646070400838
qm_sin_recentrado,NorESM2-MM,historical,historico,1,0.5149931587456564
qm_sin_recentrado,NorESM2-MM,historical,historico,2,0.5210624819622691
qm_sin_recentrado,NorESM2-MM,historical,historico,3,0.5144126060706639
qm_sin_recentrado,NorESM2-MM,historical,historico,4,0.4850039922220915
qm_sin_recentrado,NorESM2-MM,historical,historico,5,0.4410754924973661
qm_sin_recentrado,NorESM2-MM,historical,historico,6,0.5018030262528314
qm_sin_recentrado,NorESM2-MM,historical,historico,7,0.5239041105570759
qm_sin_recentrado,NorESM2-MM,historical,historico,8,0.4515396339976817
qm_sin_recentrado,NorESM2-MM,historical,historico,9,0.33884368856351577
qm_sin_recentrado,NorESM2-MM,historical,historico,10,0.27133129295115327
qm_sin_recentrado,NorESM2-MM,historical,historico,11,0.3576965203043784
qm_sin_recentrado,NorESM2-MM,historical,historico,12,0.4744913748196782
qm_sin_recentrado,NorESM2-MM,ssp126,medio,1,0.5130329586375039
qm_sin_recentrado,NorESM2-MM,ssp126,medio,2,0.4957124331933567
qm_sin_recentrado,NorESM2-MM,ssp126,medio,3,0.4861178135231885
qm_sin_recentrado,NorESM2-MM,ssp126,medio,4,0.4794581900259684
qm_sin_recentrado,NorESM2-MM,ssp126,medio,5,0.41864572500518626
qm_sin_recentrado,NorESM2-MM,ssp126,medio,6,0.5186292653740048
qm_sin_recentrado,NorESM2-MM,ssp126,medio,7,0.5383118692525107
qm_sin_recentrado,NorESM2-MM,ssp126,medio,8,0.5045499418603201
qm_sin_recentrado,NorESM2-MM,ssp126,medio,9,0.39770734290357596
qm_sin_recentrado,NorESM2-MM,ssp126,medio,10,0.33695930357849996
qm_sin_recentrado,NorESM2-MM,ssp126,medio,11,0.3282969472827902
qm_sin_recentrado,NorESM2-MM,ssp126,medio,12,0.4538414199244114
qm_sin_recentrado,NorESM2-MM,ssp126,lejano,1,0.4825058510678767
qm_sin_recentrado,NorESM2-MM,ssp126,lejano,2,0.49211935517709493
qm_sin_recentrado,NorESM2-MM,ssp126,lejano,3,0.46082034368734154
qm_sin_recentrado,NorESM2-MM,ssp126,lejano,4,0.4317594032722743
qm_sin_recentrado,NorESM2-MM,ssp126,lejano,5,0.356548566516632
qm_sin_recentrado,NorESM2-MM,ssp126,lejano,6,0.4809581584656572
qm_sin_recentrado,NorESM2-MM,ssp126,lejano,7,0.5308169027098989
qm_sin_recentrado,NorESM2-MM,ssp126,lejano,8,0.4754361594700445
qm_sin_recentrado,NorESM2-MM,ssp126,lejano,9,0.3602651512001998
qm_sin_recentrado,NorESM2-MM,ssp126,lejano,10,0.26623843560944743
qm_sin_recentrado,NorESM2-MM,ssp126,lejano,11,0.2867295630828615
qm_sin_recentrado,NorESM2-MM,ssp126,lejano,12,0.40882849832961127
qm_sin_recentrado,NorESM2-MM,ssp245,medio,1,0.5195718322651705
qm_sin_recentrado,NorESM2-MM,ssp245,medio,2,0.5173888196595481
qm_sin_recentrado,NorESM2-MM,ssp245,medio,3,0.5060603025640423
qm_sin_recentrado,NorESM2-MM,ssp245,medio,4,0.49602552730833194
qm_sin_recentrado,NorESM2-MM,ssp245,medio,5,0.4581860705506473
qm_sin_recentrado,NorESM2-MM,ssp245,medio,6,0.5076396240182293
qm_sin_recentrado,NorESM2-MM,ssp245,medio,7,0.5356219099376863
qm_sin_recentrado,NorESM2-MM,ssp245,medio,8,0.49908172091374176
qm_sin_recentrado,NorESM2-MM,ssp245,medio,9,0.4041357910620195
qm_sin_recentrado,NorESM2-MM,ssp245,medio,10,0.32514614939927633
qm_sin_recentrado,NorESM2-MM,ssp245,medio,11,0.3851920992604837
qm_sin_recentrado,NorESM2-MM,ssp245,medio,12,0.4666668431932063
qm_sin_recentrado,NorESM2-MM,ssp245,lejano,1,0.518754949761341
qm_sin_recentrado,NorESM2-MM,ssp245,lejano,2,0.5125943889612202
qm_sin_recentrado,NorESM2-MM,ssp245,lejano,3,0.4820923724066793
qm_sin_recentrado,NorESM2-MM,ssp245,lejano,4,0.47366354868785965
qm_sin_recentrado,NorESM2-MM,ssp245,lejano,5,0.4571973987798043
qm_sin_recentrado,NorESM2-MM,ssp245,lejano,6,0.5166445749804222
qm_sin_recentrado,NorESM2-MM,ssp245,lejano,7,0.5358759017277008
qm_sin_recentrado,NorESM2-MM,ssp245,lejano,8,0.4972618848473838
qm_sin_recentrado,NorESM2-MM,ssp245,lejano,9,0.42881305917141815
qm_sin_recentrado,NorESM2-MM,ssp245,lejano,10,0.3341483834631255
qm_sin_recentrado,NorESM2-MM,ssp245,lejano,11,0.33502608176490356
qm_sin_recentrado,NorESM2-MM,ssp245,lejano,12,0.47745872433151093
qm_sin_recentrado,NorESM2-MM,ssp585,medio,1,0.525121676097958
qm_sin_recentrado,NorESM2-MM,ssp585,medio,2,0.5140844977327416
qm_sin_recentrado,NorESM2-MM,ssp585,medio,3,0.5028140858066441
qm_sin_recentrado,NorESM2-MM,ssp585,medio,4,0.48374182772010677
qm_sin_recentrado,NorESM2-MM,ssp585,medio,5,0.46630572688540617
qm_sin_recentrado,NorESM2-MM,ssp585,medio,6,0.5140432706551785
qm_sin_recentrado,NorESM2-MM,ssp585,medio,7,0.5344559097516238
qm_sin_recentrado,NorESM2-MM,ssp585,medio,8,0.4997578064473308
qm_sin_recentrado,NorESM2-MM,ssp585,medio,9,0.42757956073581466
qm_sin_recentrado,NorESM2-MM,ssp585,medio,10,0.3570134257415415
qm_sin_recentrado,NorESM2-MM,ssp585,medio,11,0.3563315981892702
qm_sin_recentrado,NorESM2-MM,ssp585,medio,12,0.4730047937273843
qm_sin_recentrado,NorESM2-MM,ssp585,lejano,1,0.5190991030900138
qm_sin_recentrado,NorESM2-MM,ssp585,lejano,2,0.49809213804330976
qm_sin_recentrado,NorESM2-MM,ssp585,lejano,3,0.5018438727967811
qm_sin_recentrado,NorESM2-MM,ssp585,lejano,4,0.4806244291215536
qm_sin_recentrado,NorESM2-MM,ssp585,lejano,5,0.4701776217487072
qm_sin_recentrado,NorESM2-MM,ssp585,lejano,6,0.5221031097165304
qm_sin_recentrado,NorESM2-MM,ssp585,lejano,7,0.531318084134623
qm_sin_recentrado,NorESM2-MM,ssp585,lejano,8,0.5165588948617237
qm_sin_recentrado,NorESM2-MM,ssp585,lejano,9,0.46786096412172606
qm_sin_recentrado,NorESM2-MM,ssp585,lejano,10,0.36657417496323624
qm_sin_recentrado,NorESM2-MM,ssp585,lejano,11,0.34880078062399333
qm_sin_recentrado,NorESM2-MM,ssp585,lejano,12,0.4681617443848401
qm_recentrado,ACCESS-CM2,historical,historico,1,0.5169604080453318
qm_recentrado,ACCESS-CM2,historical,historico,2,0.5241924296849674
qm_recentrado,ACCESS-CM2,historical,historico,3,0.5160507924969533
qm_recentrado,ACCESS-CM2,historical,historico,4,0.4893199352664919
qm_recentrado,ACCESS-CM2,historical,historico,5,0.4354656583435696
qm_recentrado,ACCESS-CM2,historical,historico,6,0.49997248986160076
qm_recentrado,ACCESS-CM2,historical,historico,7,0.5264864924786673
qm_recentrado,ACCESS-CM2,historical,historico,8,0.4548366805306985
qm_recentrado,ACCESS-CM2,historical,historico,9,0.3377569161271813
qm_recentrado,ACCESS-CM2,historical,historico,10,0.27186041699525104
qm_recentrado,ACCESS-CM2,historical,historico,11,0.35349550697385584
qm_recentrado,ACCESS-CM2,historical,historico,12,0.47798210245650957
qm_recentrado,ACCESS-CM2,ssp126,medio,1,0.5153202964655097
qm_recentrado,ACCESS-CM2,ssp126,medio,2,0.5219816324640206
qm_recentrado,ACCESS-CM2,ssp126,medio,3,0.5053536261092104
qm_recentrado,ACCESS-CM2,ssp126,medio,4,0.4782273588534828
qm_recentrado,ACCESS-CM2,ssp126,medio,5,0.4321460856997894
qm_recentrado,ACCESS-CM2,ssp126,medio,6,0.49645616582598906
qm_recentrado,ACCESS-CM2,ssp126,medio,7,0.5283088306711441
qm_recentrado,ACCESS-CM2,ssp126,medio,8,0.4896640972533806
qm_recentrado,ACCESS-CM2,ssp126,medio,9,0.3513318895445237
qm_recentrado,ACCESS-CM2,ssp126,medio,10,0.26476490724982316
qm_recentrado,ACCESS-CM2,ssp126,medio,11,0.33250595471153205
qm_recentrado,ACCESS-CM2,ssp126,medio,12,0.47182089741245437
qm_recentrado,ACCESS-CM2,ssp126,lejano,1,0.5172661019198964
qm_recentrado,ACCESS-CM2,ssp126,lejano,2,0.519043529487734
qm_recentrado,ACCESS-CM2,ssp126,lejano,3,0.5126531440526829
qm_recentrado,ACCESS-CM2,ssp126,lejano,4,0.4847812841211056
qm_recentrado,ACCESS-CM2,ssp126,lejano,5,0.4548195647838443
qm_recentrado,ACCESS-CM2,ssp126,lejano,6,0.5096614889312807
qm_recentrado,ACCESS-CM2,ssp126,lejano,7,0.5327680363302345
qm_recentrado,ACCESS-CM2,ssp126,lejano,8,0.48728361071198306
qm_recentrado,ACCESS-CM2,ssp126,lejano,9,0.37916239914995103
qm_recentrado,ACCESS-CM2,ssp126,lejano,10,0.28215575001733006
qm_recentrado,ACCESS-CM2,ssp126,lejano,11,0.3639272018736723
qm_recentrado,ACCESS-CM2,ssp126,lejano,12,0.48027475864351976
qm_recentrado,ACCESS-CM2,ssp245,medio,1,0.5164149105921482
qm_recentrado,ACCESS-CM2,ssp245,medio,2,0.5243779031578262
qm_recentrado,ACCESS-CM2,ssp245,medio,3,0.5095824367429389
qm_recentrado,ACCESS-CM2,ssp245,medio,4,0.49000234726308906
qm_recentrado,ACCESS-CM2,ssp245,medio,5,0.47134523000905953
qm_recentrado,ACCESS-CM2,ssp245,medio,6,0.5190760409789913
qm_recentrado,ACCESS-CM2,ssp245,medio,7,0.532371812983894
qm_recentrado,ACCESS-CM2,ssp245,medio,8,0.49304755006297174
qm_recentrado,ACCESS-CM2,ssp245,medio,9,0.3622289657674276
qm_recentrado,ACCESS-CM2,ssp245,medio,10,0.2605934173680027
qm_recentrado,ACCESS-CM2,ssp245,medio,11,0.3439510286809337
qm_recentrado,ACCESS-CM2,ssp245,medio,12,0.48502342042870517
qm_recentrado,ACCESS-CM2,ssp245,lejano,1,0.5070517640612574
qm_recentrado,ACCESS-CM2,ssp245,lejano,2,0.5161353984158603
qm_recentrado,ACCESS-CM2,ssp245,lejano,3,0.4980065338334456
qm_recentrado,ACCESS-CM2,ssp245,lejano,4,0.46248964298308515
qm_recentrado,ACCESS-CM2,ssp245,lejano,5,0.41354445626900244
qm_recentrado,ACCESS-CM2,ssp245,lejano,6,0.49040710805656695
qm_recentrado,ACCESS-CM2,ssp245,lejano,7,0.5280812844818373
qm_recentrado,ACCESS-CM2,ssp245,lejano,8,0.48160838418446095
qm_recentrado,ACCESS-CM2,ssp245,lejano,9,0.35663024821016936
qm_recentrado,ACCESS-CM2,ssp245,lejano,10,0.2657018513456631
qm_recentrado,ACCESS-CM2,ssp245,lejano,11,0.31929697922072425
qm_recentrado,ACCESS-CM2,ssp245,lejano,12,0.47014172361867324
qm_recentrado,ACCESS-CM2,ssp585,medio,1,0.5515448741533305
qm_recentrado,ACCESS-CM2,ssp585,medio,2,0.550347236440351
qm_recentrado,ACCESS-CM2,ssp585,medio,3,0.541197075294783
qm_recentrado,ACCESS-CM2,ssp585,medio,4,0.5188547434687728
qm_recentrado,ACCESS-CM2,ssp585,medio,5,0.4837412532026732
qm_recentrado,ACCESS-CM2,ssp585,medio,6,0.5416876485656734
qm_recentrado,ACCESS-CM2,ssp585,medio,7,0.5693272621539189
qm_recentrado,ACCESS-CM2,ssp585,medio,8,0.5362536089402824
qm_recentrado,ACCESS-CM2,ssp585,medio,9,0.36090949545263185
qm_recentrado,ACCESS-CM2,ssp585,medio,10,0.25714558367996887
qm_recentrado,ACCESS-CM2,ssp585,medio,11,0.3803412363001981
qm_recentrado,ACCESS-CM2,ssp585,medio,12,0.5094280728278191
qm_recentrado,ACCESS-CM2,ssp585,lejano,1,0.5468885812112134
qm_recentrado,ACCESS-CM2,ssp585,lejano,2,0.5488755760635191
qm_recentrado,ACCESS-CM2,ssp585,lejano,3,0.5423451608295305
qm_recentrado,ACCESS-CM2,ssp585,lejano,4,0.518752957964869
qm_recentrado,ACCESS-CM2,ssp585,lejano,5,0.5087327476340303
qm_recentrado,ACCESS-CM2,ssp585,lejano,6,0.5608230144088306
qm_recentrado,ACCESS-CM2,ssp585,lejano,7,0.5768873157633544
qm_recentrado,ACCESS-CM2,ssp585,lejano,8,0.55791975373164
qm_recentrado,ACCESS-CM2,ssp585,lejano,9,0.45242601814466016
qm_recentrado,ACCESS-CM2,ssp585,lejano,10,0.34641684977359016
qm_recentrado,ACCESS-CM2,ssp585,lejano,11,0.41676970334383073
qm_recentrado,ACCESS-CM2,ssp585,lejano,12,0.5180767540412522
qm_recentrado,CanESM5,historical,historico,1,0.525332907623692
qm_recentrado,CanESM5,historical,historico,2,0.531563453395677
qm_recentrado,CanESM5,historical,historico,3,0.5242772589090421
qm_recentrado,CanESM5,historical,historico,4,0.4970567895170566
qm_recentrado,CanESM5,historical,historico,5,0.44591125294482503
qm_recentrado,CanESM5,historical,historico,6,0.5100305173471773
qm_recentrado,CanESM5,historical,historico,7,0.5334041867116919
qm_recentrado,CanESM5,historical,historico,8,0.45698420254731975
qm_recentrado,CanESM5,historical,historico,9,0.3452635711803326
qm_recentrado,CanESM5,historical,historico,10,0.2747902531989222
qm_recentrado,CanESM5,historical,historico,11,0.3618141605038639
qm_recentrado,CanESM5,historical,historico,12,0.4834679472872405
qm_recentrado,CanESM5,ssp126,medio,1,0.5584055456733328
qm_recentrado,CanESM5,ssp126,medio,2,0.5561598957274231
qm_recentrado,CanESM5,ssp126,medio,3,0.5432233863194563
qm_recentrado,CanESM5,ssp126,medio,4,0.5188780792209057
qm_recentrado,CanESM5,ssp126,medio,5,0.4746652843791002
qm_recentrado,CanESM5,ssp126,medio,6,0.5384450204940627
qm_recentrado,CanESM5,ssp126,medio,7,0.5716147961554027
qm_recentrado,CanESM5,ssp126,medio,8,0.5006672096066958
qm_recentrado,CanESM5,ssp126,medio,9,0.35914022721828337
qm_recentrado,CanESM5,ssp126,medio,10,0.3303475743423538
qm_recentrado,CanESM5,ssp126,medio,11,0.4154093906100978
qm_recentrado,CanESM5,ssp126,medio,12,0.5217631452679676
qm_recentrado,CanESM5,ssp126,lejano,1,0.5492378506194519
qm_recentrado,CanESM5,ssp126,lejano,2,0.5549391241911692
qm_recentrado,CanESM5,ssp126,lejano,3,0.5401659866569699
qm_recentrado,CanESM5,ssp126,lejano,4,0.5223211116092452
qm_recentrado,CanESM5,ssp126,lejano,5,0.4774988497778494
qm_recentrado,CanESM5,ssp126,lejano,6,0.5410748356960443
qm_recentrado,CanESM5,ssp126,lejano,7,0.5667540128979378
qm_recentrado,CanESM5,ssp126,lejano,8,0.49427949433398377
qm_recentrado,CanESM5,ssp126,lejano,9,0.3703706711218487
qm_recentrado,CanESM5,ssp126,lejano,10,0.2732941382758568
qm_recentrado,CanESM5,ssp126,lejano,11,0.3656619208428885
qm_recentrado,CanESM5,ssp126,lejano,12,0.5023759981464427
qm_recentrado,CanESM5,ssp245,medio,1,0.5277151979356872
qm_recentrado,CanESM5,ssp245,medio,2,0.5292223061117345
qm_recentrado,CanESM5,ssp245,medio,3,0.5162307308256875
qm_recentrado,CanESM5,ssp245,medio,4,0.49848041585047304
qm_recentrado,CanESM5,ssp245,medio,5,0.4616249735405619
qm_recentrado,CanESM5,ssp245,medio,6,0.5268295994373725
qm_recentrado,CanESM5,ssp245,medio,7,0.5423076959061203
qm_recentrado,CanESM5,ssp245,medio,8,0.48032884043017127
qm_recentrado,CanESM5,ssp245,medio,9,0.3524019206937783
qm_recentrado,CanESM5,ssp245,medio,10,0.27965465009198925
qm_recentrado,CanESM5,ssp245,medio,11,0.36688538610108834
qm_recentrado,CanESM5,ssp245,medio,12,0.48610538765920436
qm_recentrado,CanESM5,ssp245,lejano,1,0.5274856447827933
qm_recentrado,CanESM5,ssp245,lejano,2,0.5312190931441322
qm_recentrado,CanESM5,ssp245,lejano,3,0.51534921507404
qm_recentrado,CanESM5,ssp245,lejano,4,0.4984329853617374
qm_recentrado,CanESM5,ssp245,lejano,5,0.4538293078514551
qm_recentrado,CanESM5,ssp245,lejano,6,0.5290437778812539
qm_recentrado,CanESM5,ssp245,lejano,7,0.5409434576011604
qm_recentrado,CanESM5,ssp245,lejano,8,0.4891076387181942
qm_recentrado,CanESM5,ssp245,lejano,9,0.34222096344507336
qm_recentrado,CanESM5,ssp245,lejano,10,0.2596622933929521
qm_recentrado,CanESM5,ssp245,lejano,11,0.3653898735985221
qm_recentrado,CanESM5,ssp245,lejano,12,0.48610839230259456
qm_recentrado,CanESM5,ssp585,medio,1,0.5296361293987148
qm_recentrado,CanESM5,ssp585,medio,2,0.5348547353818921
qm_recentrado,CanESM5,ssp585,medio,3,0.5184458893637494
qm_recentrado,CanESM5,ssp585,medio,4,0.5000693647807343
qm_recentrado,CanESM5,ssp585,medio,5,0.454417606625271
qm_recentrado,CanESM5,ssp585,medio,6,0.5221109074470792
qm_recentrado,CanESM5,ssp585,medio,7,0.5404844012692268
qm_recentrado,CanESM5,ssp585,medio,8,0.46580932534933406
qm_recentrado,CanESM5,ssp585,medio,9,0.3182099437786232
qm_recentrado,CanESM5,ssp585,medio,10,0.2068752652700326
qm_recentrado,CanESM5,ssp585,medio,11,0.35413034014860234
qm_recentrado,CanESM5,ssp585,medio,12,0.4781993302739463
qm_recentrado,CanESM5,ssp585,lejano,1,0.5225189209438091
qm_recentrado,CanESM5,ssp585,lejano,2,0.5308605696162891
qm_recentrado,CanESM5,ssp585,lejano,3,0.5154825358992635
qm_recentrado,CanESM5,ssp585,lejano,4,0.4889255406646469
qm_recentrado,CanESM5,ssp585,lejano,5,0.4949503668268506
qm_recentrado,CanESM5,ssp585,lejano,6,0.5466298516299685
qm_recentrado,CanESM5,ssp585,lejano,7,0.5496741907408088
qm_recentrado,CanESM5,ssp585,lejano,8,0.5239593533684481
qm_recentrado,CanESM5,ssp585,lejano,9,0.4230466175625626
qm_recentrado,CanESM5,ssp585,lejano,10,0.34016530506443937
qm_recentrado,CanESM5,ssp585,lejano,11,0.37839128155298235
qm_recentrado,CanESM5,ssp585,lejano,12,0.4859677834364819
qm_recentrado,CESM2,historical,historico,1,0.5200325207911306
qm_recentrado,CESM2,historical,historico,2,0.5255002776860689
qm_recentrado,CESM2,historical,historico,3,0.5162379565697395
qm_recentrado,CESM2,historical,historico,4,0.48892284969157757
qm_recentrado,CESM2,historical,historico,5,0.4400764399081279
qm_recentrado,CESM2,historical,historico,6,0.5044908500120011
qm_recentrado,CESM2,historical,historico,7,0.52964183265848
qm_recentrado,CESM2,historical,historico,8,0.4525454685188453
qm_recentrado,CESM2,historical,historico,9,0.3434111546330118
qm_recentrado,CESM2,historical,historico,10,0.27134787102300556
qm_recentrado,CESM2,historical,historico,11,0.3585452454873961
qm_recentrado,CESM2,historical,historico,12,0.47811960432912826
qm_recentrado,CESM2,ssp126,medio,1,0.5169415171351682
qm_recentrado,CESM2,ssp126,medio,2,0.5343575818151033
qm_recentrado,CESM2,ssp126,medio,3,0.5202010339781084
qm_recentrado,CESM2,ssp126,medio,4,0.4928828782196404
qm_recentrado,CESM2,ssp126,medio,5,0.43033972800263764
qm_recentrado,CESM2,ssp126,medio,6,0.5020484235685081
qm_recentrado,CESM2,ssp126,medio,7,0.5327340091472157
qm_recentrado,CESM2,ssp126,medio,8,0.46870397105482126
qm_recentrado,CESM2,ssp126,medio,9,0.3458238416172324
qm_recentrado,CESM2,ssp126,medio,10,0.26334953335885763
qm_recentrado,CESM2,ssp126,medio,11,0.3461921781138826
qm_recentrado,CESM2,ssp126,medio,12,0.4756492464731696
qm_recentrado,CESM2,ssp126,lejano,1,0.5221852943477573
qm_recentrado,CESM2,ssp126,lejano,2,0.5328172991946944
qm_recentrado,CESM2,ssp126,lejano,3,0.5222405218609598
qm_recentrado,CESM2,ssp126,lejano,4,0.4877813650254322
qm_recentrado,CESM2,ssp126,lejano,5,0.4054691380249884
qm_recentrado,CESM2,ssp126,lejano,6,0.5158376368983104
qm_recentrado,CESM2,ssp126,lejano,7,0.531606803278367
qm_recentrado,CESM2,ssp126,lejano,8,0.4744073094311753
qm_recentrado,CESM2,ssp126,lejano,9,0.37227372424876193
qm_recentrado,CESM2,ssp126,lejano,10,0.28660895077764287
qm_recentrado,CESM2,ssp126,lejano,11,0.37452605181340515
qm_recentrado,CESM2,ssp126,lejano,12,0.4815715787185666
qm_recentrado,CESM2,ssp245,medio,1,0.5151530897767364
qm_recentrado,CESM2,ssp245,medio,2,0.5292535174572512
qm_recentrado,CESM2,ssp245,medio,3,0.5058401500227171
qm_recentrado,CESM2,ssp245,medio,4,0.48915138905556443
qm_recentrado,CESM2,ssp245,medio,5,0.4508975589268435
qm_recentrado,CESM2,ssp245,medio,6,0.5094843393488906
qm_recentrado,CESM2,ssp245,medio,7,0.534332655644188
qm_recentrado,CESM2,ssp245,medio,8,0.4730972933434119
qm_recentrado,CESM2,ssp245,medio,9,0.35089823755154825
qm_recentrado,CESM2,ssp245,medio,10,0.28143964122358633
qm_recentrado,CESM2,ssp245,medio,11,0.3566338921340107
qm_recentrado,CESM2,ssp245,medio,12,0.4775883116644111
qm_recentrado,CESM2,ssp245,lejano,1,0.5065966157227266
qm_recentrado,CESM2,ssp245,lejano,2,0.5155502123442022
qm_recentrado,CESM2,ssp245,lejano,3,0.5088711210083853
qm_recentrado,CESM2,ssp245,lejano,4,0.46776180875787543
qm_recentrado,CESM2,ssp245,lejano,5,0.43141326018109394
qm_recentrado,CESM2,ssp245,lejano,6,0.5172328091762627
qm_recentrado,CESM2,ssp245,lejano,7,0.5337561264740069
qm_recentrado,CESM2,ssp245,lejano,8,0.4765920293370546
qm_recentrado,CESM2,ssp245,lejano,9,0.3625007186533115
qm_recentrado,CESM2,ssp245,lejano,10,0.2661909682171008
qm_recentrado,CESM2,ssp245,lejano,11,0.3792541870937694
qm_recentrado,CESM2,ssp245,lejano,12,0.48413511879523047
qm_recentrado,CESM2,ssp585,medio,1,0.5132544749141905
qm_recentrado,CESM2,ssp585,medio,2,0.5154516749714133
qm_recentrado,CESM2,ssp585,medio,3,0.5038158011935906
qm_recentrado,CESM2,ssp585,medio,4,0.48453170360518216
qm_recentrado,CESM2,ssp585,medio,5,0.4433034548701778
qm_recentrado,CESM2,ssp585,medio,6,0.5115060863149271
qm_recentrado,CESM2,ssp585,medio,7,0.526164774652773
qm_recentrado,CESM2,ssp585,medio,8,0.4666646852112216
qm_recentrado,CESM2,ssp585,medio,9,0.3361171393085433
qm_recentrado,CESM2,ssp585,medio,10,0.24165649903215833
qm_recentrado,CESM2,ssp585,medio,11,0.3370023964593486
qm_recentrado,CESM2,ssp585,medio,12,0.4763142684560734
qm_recentrado,CESM2,ssp585,lejano,1,0.4961116326382369
qm_recentrado,CESM2,ssp585,lejano,2,0.5128334237222381
qm_recentrado,CESM2,ssp585,lejano,3,0.4946589800056307
qm_recentrado,CESM2,ssp585,lejano,4,0.47066864851420837
qm_recentrado,CESM2,ssp585,lejano,5,0.4441891279025725
qm_recentrado,CESM2,ssp585,lejano,6,0.5025203103596383
qm_recentrado,CESM2,ssp585,lejano,7,0.537395719860208
qm_recentrado,CESM2,ssp585,lejano,8,0.5059957775904449
qm_recentrado,CESM2,ssp585,lejano,9,0.4009890577352387
qm_recentrado,CESM2,ssp585,lejano,10,0.3191642979348915
qm_recentrado,CESM2,ssp585,lejano,11,0.3861728009164278
qm_recentrado,CESM2,ssp585,lejano,12,0.4607545515131012
qm_recentrado,CESM2-WACCM,historical,historico,1,0.5200981447752682
qm_recentrado,CESM2-WACCM,historical,historico,2,0.5254028164648468
qm_recentrado,CESM2-WACCM,historical,historico,3,0.517505208280202
qm_recentrado,CESM2-WACCM,historical,historico,4,0.4899039277966973
qm_recentrado,CESM2-WACCM,historical,historico,5,0.4389251790465958
qm_recentrado,CESM2-WACCM,historical,historico,6,0.505181519150026
qm_recentrado,CESM2-WACCM,historical,historico,7,0.5297026781805965
qm_recentrado,CESM2-WACCM,historical,historico,8,0.4548964694907295
qm_recentrado,CESM2-WACCM,historical,historico,9,0.3444595550162183
qm_recentrado,CESM2-WACCM,historical,historico,10,0.2772538583026051
qm_recentrado,CESM2-WACCM,historical,historico,11,0.3583879560374662
qm_recentrado,CESM2-WACCM,historical,historico,12,0.478788561541112
qm_recentrado,CESM2-WACCM,ssp126,medio,1,0.5231097970922681
qm_recentrado,CESM2-WACCM,ssp126,medio,2,0.5223963966422075
qm_recentrado,CESM2-WACCM,ssp126,medio,3,0.5161863865648968
qm_recentrado,CESM2-WACCM,ssp126,medio,4,0.48466888839404726
qm_recentrado,CESM2-WACCM,ssp126,medio,5,0.425747728480161
qm_recentrado,CESM2-WACCM,ssp126,medio,6,0.5104202101265124
qm_recentrado,CESM2-WACCM,ssp126,medio,7,0.5353392565974512
qm_recentrado,CESM2-WACCM,ssp126,medio,8,0.48165768191591063
qm_recentrado,CESM2-WACCM,ssp126,medio,9,0.3515056851290824
qm_recentrado,CESM2-WACCM,ssp126,medio,10,0.2821304607016417
qm_recentrado,CESM2-WACCM,ssp126,medio,11,0.38317700131851845
qm_recentrado,CESM2-WACCM,ssp126,medio,12,0.48270316981652406
qm_recentrado,CESM2-WACCM,ssp126,lejano,1,0.5190664367511701
qm_recentrado,CESM2-WACCM,ssp126,lejano,2,0.5211366154286831
qm_recentrado,CESM2-WACCM,ssp126,lejano,3,0.509989225026053
qm_recentrado,CESM2-WACCM,ssp126,lejano,4,0.47101453524633924
qm_recentrado,CESM2-WACCM,ssp126,lejano,5,0.41499771799967844
qm_recentrado,CESM2-WACCM,ssp126,lejano,6,0.4968243874099362
qm_recentrado,CESM2-WACCM,ssp126,lejano,7,0.531761647293168
qm_recentrado,CESM2-WACCM,ssp126,lejano,8,0.47119404599169085
qm_recentrado,CESM2-WACCM,ssp126,lejano,9,0.34802826574168694
qm_recentrado,CESM2-WACCM,ssp126,lejano,10,0.24987808905130252
qm_recentrado,CESM2-WACCM,ssp126,lejano,11,0.3730597144704088
qm_recentrado,CESM2-WACCM,ssp126,lejano,12,0.4684128193776983
qm_recentrado,CESM2-WACCM,ssp245,medio,1,0.514533945186034
qm_recentrado,CESM2-WACCM,ssp245,medio,2,0.5226417137338314
qm_recentrado,CESM2-WACCM,ssp245,medio,3,0.5081464158007167
qm_recentrado,CESM2-WACCM,ssp245,medio,4,0.4856156398103661
qm_recentrado,CESM2-WACCM,ssp245,medio,5,0.4180675643432059
qm_recentrado,CESM2-WACCM,ssp245,medio,6,0.505292111040369
qm_recentrado,CESM2-WACCM,ssp245,medio,7,0.52669325488782
qm_recentrado,CESM2-WACCM,ssp245,medio,8,0.45214716095391955
qm_recentrado,CESM2-WACCM,ssp245,medio,9,0.31079588608166864
qm_recentrado,CESM2-WACCM,ssp245,medio,10,0.2490694195852542
qm_recentrado,CESM2-WACCM,ssp245,medio,11,0.343264897636249
qm_recentrado,CESM2-WACCM,ssp245,medio,12,0.4770372693973691
qm_recentrado,CESM2-WACCM,ssp245,lejano,1,0.5130043883048832
qm_recentrado,CESM2-WACCM,ssp245,lejano,2,0.5230345640099499
qm_recentrado,CESM2-WACCM,ssp245,lejano,3,0.5044673024131059
qm_recentrado,CESM2-WACCM,ssp245,lejano,4,0.47032881713063107
qm_recentrado,CESM2-WACCM,ssp245,lejano,5,0.42991743837543767
qm_recentrado,CESM2-WACCM,ssp245,lejano,6,0.5025800218737868
qm_recentrado,CESM2-WACCM,ssp245,lejano,7,0.5309662012953962
qm_recentrado,CESM2-WACCM,ssp245,lejano,8,0.4961864245655452
qm_recentrado,CESM2-WACCM,ssp245,lejano,9,0.3859744590311767
qm_recentrado,CESM2-WACCM,ssp245,lejano,10,0.2765924781441442
qm_recentrado,CESM2-WACCM,ssp245,lejano,11,0.3596601730877188
qm_recentrado,CESM2-WACCM,ssp245,lejano,12,0.47002471689819053
qm_recentrado,CESM2-WACCM,ssp585,medio,1,0.5099996736283887
qm_recentrado,CESM2-WACCM,ssp585,medio,2,0.5196525098131928
qm_recentrado,CESM2-WACCM,ssp585,medio,3,0.49835725231171835
qm_recentrado,CESM2-WACCM,ssp585,medio,4,0.4897973501050816
qm_recentrado,CESM2-WACCM,ssp585,medio,5,0.4282566706959478
qm_recentrado,CESM2-WACCM,ssp585,medio,6,0.5158059894434371
qm_recentrado,CESM2-WACCM,ssp585,medio,7,0.5331755833723609
qm_recentrado,CESM2-WACCM,ssp585,medio,8,0.45949971892178515
qm_recentrado,CESM2-WACCM,ssp585,medio,9,0.3235632029453006
qm_recentrado,CESM2-WACCM,ssp585,medio,10,0.22695019351500223
qm_recentrado,CESM2-WACCM,ssp585,medio,11,0.34882452858771545
qm_recentrado,CESM2-WACCM,ssp585,medio,12,0.46865243352385405
qm_recentrado,CESM2-WACCM,ssp585,lejano,1,0.5093920521096955
qm_recentrado,CESM2-WACCM,ssp585,lejano,2,0.50093179445615
qm_recentrado,CESM2-WACCM,ssp585,lejano,3,0.48431446972564957
qm_recentrado,CESM2-WACCM,ssp585,lejano,4,0.4724408377152979
qm_recentrado,CESM2-WACCM,ssp585,lejano,5,0.4301917614345366
qm_recentrado,CESM2-WACCM,ssp585,lejano,6,0.5112936988164868
qm_recentrado,CESM2-WACCM,ssp585,lejano,7,0.5369738337430693
qm_recentrado,CESM2-WACCM,ssp585,lejano,8,0.5216175577032984
qm_recentrado,CESM2-WACCM,ssp585,lejano,9,0.4025295337663925
qm_recentrado,CESM2-WACCM,ssp585,lejano,10,0.30603592399014407
qm_recentrado,CESM2-WACCM,ssp585,lejano,11,0.4000949475828863
qm_recentrado,CESM2-WACCM,ssp585,lejano,12,0.4823378605050749
qm_recentrado,CMCC-CM2-SR5,historical,historico,1,0.5266345563532643
qm_recentrado,CMCC-CM2-SR5,historical,historico,2,0.5334030533563385
qm_recentrado,CMCC-CM2-SR5,historical,historico,3,0.5254378921933548
qm_recentrado,CMCC-CM2-SR5,historical,historico,4,0.4985339354888999
qm_recentrado,CMCC-CM2-SR5,historical,historico,5,0.44718363330399424
qm_recentrado,CMCC-CM2-SR5,historical,historico,6,0.5129742041068661
qm_recentrado,CMCC-CM2-SR5,historical,historico,7,0.5365209187753732
qm_recentrado,CMCC-CM2-SR5,historical,historico,8,0.4600909764413019
qm_recentrado,CMCC-CM2-SR5,historical,historico,9,0.34595661488565627
qm_recentrado,CMCC-CM2-SR5,historical,historico,10,0.27693776244545343
qm_recentrado,CMCC-CM2-SR5,historical,historico,11,0.36197159759345665
qm_recentrado,CMCC-CM2-SR5,historical,historico,12,0.48477889299646165
qm_recentrado,CMCC-CM2-SR5,ssp126,medio,1,0.5238131649941526
qm_recentrado,CMCC-CM2-SR5,ssp126,medio,2,0.5331364824372592
qm_recentrado,CMCC-CM2-SR5,ssp126,medio,3,0.5276834897868862
qm_recentrado,CMCC-CM2-SR5,ssp126,medio,4,0.5132637025149546
qm_recentrado,CMCC-CM2-SR5,ssp126,medio,5,0.4487264081835752
qm_recentrado,CMCC-CM2-SR5,ssp126,medio,6,0.511670502988098
qm_recentrado,CMCC-CM2-SR5,ssp126,medio,7,0.5341395196490233
qm_recentrado,CMCC-CM2-SR5,ssp126,medio,8,0.4624719191582658
qm_recentrado,CMCC-CM2-SR5,ssp126,medio,9,0.35256131322264644
qm_recentrado,CMCC-CM2-SR5,ssp126,medio,10,0.2840504638471712
qm_recentrado,CMCC-CM2-SR5,ssp126,medio,11,0.3651569563829125
qm_recentrado,CMCC-CM2-SR5,ssp126,medio,12,0.4924838439954904
qm_recentrado,CMCC-CM2-SR5,ssp126,lejano,1,0.5308325768400787
qm_recentrado,CMCC-CM2-SR5,ssp126,lejano,2,0.5277584446109778
qm_recentrado,CMCC-CM2-SR5,ssp126,lejano,3,0.5257419638339623
qm_recentrado,CMCC-CM2-SR5,ssp126,lejano,4,0.4917558161721816
qm_recentrado,CMCC-CM2-SR5,ssp126,lejano,5,0.44777292998618096
qm_recentrado,CMCC-CM2-SR5,ssp126,lejano,6,0.4955705298692197
qm_recentrado,CMCC-CM2-SR5,ssp126,lejano,7,0.5273081640510445
qm_recentrado,CMCC-CM2-SR5,ssp126,lejano,8,0.41742040975257827
qm_recentrado,CMCC-CM2-SR5,ssp126,lejano,9,0.30485563674109534
qm_recentrado,CMCC-CM2-SR5,ssp126,lejano,10,0.25368058158668844
qm_recentrado,CMCC-CM2-SR5,ssp126,lejano,11,0.3525998275913527
qm_recentrado,CMCC-CM2-SR5,ssp126,lejano,12,0.47260732240673314
qm_recentrado,CMCC-CM2-SR5,ssp245,medio,1,0.5212844627372517
qm_recentrado,CMCC-CM2-SR5,ssp245,medio,2,0.5289673598163287
qm_recentrado,CMCC-CM2-SR5,ssp245,medio,3,0.5238533765101111
qm_recentrado,CMCC-CM2-SR5,ssp245,medio,4,0.5001887255466309
qm_recentrado,CMCC-CM2-SR5,ssp245,medio,5,0.4289898115773286
qm_recentrado,CMCC-CM2-SR5,ssp245,medio,6,0.5007124735675448
qm_recentrado,CMCC-CM2-SR5,ssp245,medio,7,0.5359348964224758
qm_recentrado,CMCC-CM2-SR5,ssp245,medio,8,0.4626920846206375
qm_recentrado,CMCC-CM2-SR5,ssp245,medio,9,0.3552771490741554
qm_recentrado,CMCC-CM2-SR5,ssp245,medio,10,0.2935411408032806
qm_recentrado,CMCC-CM2-SR5,ssp245,medio,11,0.36101821604598117
qm_recentrado,CMCC-CM2-SR5,ssp245,medio,12,0.4794689016904785
qm_recentrado,CMCC-CM2-SR5,ssp245,lejano,1,0.531242315773724
qm_recentrado,CMCC-CM2-SR5,ssp245,lejano,2,0.5324122684995686
qm_recentrado,CMCC-CM2-SR5,ssp245,lejano,3,0.5223659197411928
qm_recentrado,CMCC-CM2-SR5,ssp245,lejano,4,0.49105173674894076
qm_recentrado,CMCC-CM2-SR5,ssp245,lejano,5,0.44076825522660446
qm_recentrado,CMCC-CM2-SR5,ssp245,lejano,6,0.5002248504986123
qm_recentrado,CMCC-CM2-SR5,ssp245,lejano,7,0.5262931845105387
qm_recentrado,CMCC-CM2-SR5,ssp245,lejano,8,0.407652556733025
qm_recentrado,CMCC-CM2-SR5,ssp245,lejano,9,0.3145018645858195
qm_recentrado,CMCC-CM2-SR5,ssp245,lejano,10,0.25500048133616793
qm_recentrado,CMCC-CM2-SR5,ssp245,lejano,11,0.3532822567068264
qm_recentrado,CMCC-CM2-SR5,ssp245,lejano,12,0.46965997285907257
qm_recentrado,CMCC-CM2-SR5,ssp585,medio,1,0.5406890431696469
qm_recentrado,CMCC-CM2-SR5,ssp585,medio,2,0.5427993564074571
qm_recentrado,CMCC-CM2-SR5,ssp585,medio,3,0.5349627705688665
qm_recentrado,CMCC-CM2-SR5,ssp585,medio,4,0.5195271110940118
qm_recentrado,CMCC-CM2-SR5,ssp585,medio,5,0.46679091388855065
qm_recentrado,CMCC-CM2-SR5,ssp585,medio,6,0.5050404311440649
qm_recentrado,CMCC-CM2-SR5,ssp585,medio,7,0.5463093479231478
qm_recentrado,CMCC-CM2-SR5,ssp585,medio,8,0.47406577669085814
qm_recentrado,CMCC-CM2-SR5,ssp585,medio,9,0.35265021827572685
qm_recentrado,CMCC-CM2-SR5,ssp585,medio,10,0.28007974155599397
qm_recentrado,CMCC-CM2-SR5,ssp585,medio,11,0.3660011430503259
qm_recentrado,CMCC-CM2-SR5,ssp585,medio,12,0.4959199421419206
qm_recentrado,CMCC-CM2-SR5,ssp585,lejano,1,0.5251743551774198
qm_recentrado,CMCC-CM2-SR5,ssp585,lejano,2,0.5315152309486526
qm_recentrado,CMCC-CM2-SR5,ssp585,lejano,3,0.5213148514831666
qm_recentrado,CMCC-CM2-SR5,ssp585,lejano,4,0.5095404087176888
qm_recentrado,CMCC-CM2-SR5,ssp585,lejano,5,0.43189871121027334
qm_recentrado,CMCC-CM2-SR5,ssp585,lejano,6,0.5013619257258117
qm_recentrado,CMCC-CM2-SR5,ssp585,lejano,7,0.52736353889049
qm_recentrado,CMCC-CM2-SR5,ssp585,lejano,8,0.42346862737461005
qm_recentrado,CMCC-CM2-SR5,ssp585,lejano,9,0.3161275790450643
qm_recentrado,CMCC-CM2-SR5,ssp585,lejano,10,0.2804242943660554
qm_recentrado,CMCC-CM2-SR5,ssp585,lejano,11,0.3573983506252067
qm_recentrado,CMCC-CM2-SR5,ssp585,lejano,12,0.46364996405449704
qm_recentrado,CMCC-ESM2,historical,historico,1,0.5260684851172975
qm_recentrado,CMCC-ESM2,historical,historico,2,0.5328119659533991
qm_recentrado,CMCC-ESM2,historical,historico,3,0.5245887534063303
qm_recentrado,CMCC-ESM2,historical,historico,4,0.4966780620175295
qm_recentrado,CMCC-ESM2,historical,historico,5,0.44487470495695036
qm_recentrado,CMCC-ESM2,historical,historico,6,0.5136839425120662
qm_recentrado,CMCC-ESM2,historical,historico,7,0.5361333332140468
qm_recentrado,CMCC-ESM2,historical,historico,8,0.4591490030513915
qm_recentrado,CMCC-ESM2,historical,historico,9,0.34518383791944324
qm_recentrado,CMCC-ESM2,historical,historico,10,0.27632669194847526
qm_recentrado,CMCC-ESM2,historical,historico,11,0.3627355372284752
qm_recentrado,CMCC-ESM2,historical,historico,12,0.4849285352363923
qm_recentrado,CMCC-ESM2,ssp126,medio,1,0.5264839266164204
qm_recentrado,CMCC-ESM2,ssp126,medio,2,0.5247279240290069
qm_recentrado,CMCC-ESM2,ssp126,medio,3,0.5254154705159835
qm_recentrado,CMCC-ESM2,ssp126,medio,4,0.4926989498998042
qm_recentrado,CMCC-ESM2,ssp126,medio,5,0.43141930567683046
qm_recentrado,CMCC-ESM2,ssp126,medio,6,0.4996194394741254
qm_recentrado,CMCC-ESM2,ssp126,medio,7,0.5382140137651107
qm_recentrado,CMCC-ESM2,ssp126,medio,8,0.4618086116251273
qm_recentrado,CMCC-ESM2,ssp126,medio,9,0.33881370478002204
qm_recentrado,CMCC-ESM2,ssp126,medio,10,0.2668009280067566
qm_recentrado,CMCC-ESM2,ssp126,medio,11,0.36894833207719935
qm_recentrado,CMCC-ESM2,ssp126,medio,12,0.4938726203386566
qm_recentrado,CMCC-ESM2,ssp126,lejano,1,0.5243546475874309
qm_recentrado,CMCC-ESM2,ssp126,lejano,2,0.5285340524915473
qm_recentrado,CMCC-ESM2,ssp126,lejano,3,0.5214286643979106
qm_recentrado,CMCC-ESM2,ssp126,lejano,4,0.4870946021542472
qm_recentrado,CMCC-ESM2,ssp126,lejano,5,0.41204396375252933
qm_recentrado,CMCC-ESM2,ssp126,lejano,6,0.49707948986397293
qm_recentrado,CMCC-ESM2,ssp126,lejano,7,0.5354340191182442
qm_recentrado,CMCC-ESM2,ssp126,lejano,8,0.44613781399732283
qm_recentrado,CMCC-ESM2,ssp126,lejano,9,0.30330044862439665
qm_recentrado,CMCC-ESM2,ssp126,lejano,10,0.26499560417173107
qm_recentrado,CMCC-ESM2,ssp126,lejano,11,0.3338218170775095
qm_recentrado,CMCC-ESM2,ssp126,lejano,12,0.4782182334565361
qm_recentrado,CMCC-ESM2,ssp245,medio,1,0.5223339301516775
qm_recentrado,CMCC-ESM2,ssp245,medio,2,0.5303128977550902
qm_recentrado,CMCC-ESM2,ssp245,medio,3,0.5122473237863592
qm_recentrado,CMCC-ESM2,ssp245,medio,4,0.4920586277184154
qm_recentrado,CMCC-ESM2,ssp245,medio,5,0.4143127386384857
qm_recentrado,CMCC-ESM2,ssp245,medio,6,0.49885257353730955
qm_recentrado,CMCC-ESM2,ssp245,medio,7,0.5332840862994395
qm_recentrado,CMCC-ESM2,ssp245,medio,8,0.45797818642526417
qm_recentrado,CMCC-ESM2,ssp245,medio,9,0.3289476030525921
qm_recentrado,CMCC-ESM2,ssp245,medio,10,0.28643578102076267
qm_recentrado,CMCC-ESM2,ssp245,medio,11,0.3788933007260525
qm_recentrado,CMCC-ESM2,ssp245,medio,12,0.48886027536983295
qm_recentrado,CMCC-ESM2,ssp245,lejano,1,0.5242988983258688
qm_recentrado,CMCC-ESM2,ssp245,lejano,2,0.5337389293241627
qm_recentrado,CMCC-ESM2,ssp245,lejano,3,0.5170735395535591
qm_recentrado,CMCC-ESM2,ssp245,lejano,4,0.4994093306827869
qm_recentrado,CMCC-ESM2,ssp245,lejano,5,0.4486679011606593
qm_recentrado,CMCC-ESM2,ssp245,lejano,6,0.5076237401819466
qm_recentrado,CMCC-ESM2,ssp245,lejano,7,0.5334292253339921
qm_recentrado,CMCC-ESM2,ssp245,lejano,8,0.46084491201374844
qm_recentrado,CMCC-ESM2,ssp245,lejano,9,0.3432890678995246
qm_recentrado,CMCC-ESM2,ssp245,lejano,10,0.2725822913446365
qm_recentrado,CMCC-ESM2,ssp245,lejano,11,0.3609015183712183
qm_recentrado,CMCC-ESM2,ssp245,lejano,12,0.48303966105630375
qm_recentrado,CMCC-ESM2,ssp585,medio,1,0.5207741180083605
qm_recentrado,CMCC-ESM2,ssp585,medio,2,0.5303593228435938
qm_recentrado,CMCC-ESM2,ssp585,medio,3,0.5227817322371162
qm_recentrado,CMCC-ESM2,ssp585,medio,4,0.4979944273313552
qm_recentrado,CMCC-ESM2,ssp585,medio,5,0.441875347099497
qm_recentrado,CMCC-ESM2,ssp585,medio,6,0.508183064742295
qm_recentrado,CMCC-ESM2,ssp585,medio,7,0.5323097479710699
qm_recentrado,CMCC-ESM2,ssp585,medio,8,0.441740965339325
qm_recentrado,CMCC-ESM2,ssp585,medio,9,0.33546417395643446
qm_recentrado,CMCC-ESM2,ssp585,medio,10,0.28151878415566794
qm_recentrado,CMCC-ESM2,ssp585,medio,11,0.3582121476331579
qm_recentrado,CMCC-ESM2,ssp585,medio,12,0.477344120240145
qm_recentrado,CMCC-ESM2,ssp585,lejano,1,0.5115691499171112
qm_recentrado,CMCC-ESM2,ssp585,lejano,2,0.524294781615888
qm_recentrado,CMCC-ESM2,ssp585,lejano,3,0.5176620913632841
qm_recentrado,CMCC-ESM2,ssp585,lejano,4,0.4891631655875213
qm_recentrado,CMCC-ESM2,ssp585,lejano,5,0.41946200019619095
qm_recentrado,CMCC-ESM2,ssp585,lejano,6,0.49709968167907403
qm_recentrado,CMCC-ESM2,ssp585,lejano,7,0.528640999063125
qm_recentrado,CMCC-ESM2,ssp585,lejano,8,0.43306780001705897
qm_recentrado,CMCC-ESM2,ssp585,lejano,9,0.3074088500033952
qm_recentrado,CMCC-ESM2,ssp585,lejano,10,0.2655142650095647
qm_recentrado,CMCC-ESM2,ssp585,lejano,11,0.35505420548451666
qm_recentrado,CMCC-ESM2,ssp585,lejano,12,0.48211828531065154
qm_recentrado,EC-Earth3,historical,historico,1,0.5256401058694178
qm_recentrado,EC-Earth3,historical,historico,2,0.5324542524334287
qm_recentrado,EC-Earth3,historical,historico,3,0.5236785183737193
qm_recentrado,EC-Earth3,historical,historico,4,0.4958024161562089
qm_recentrado,EC-Earth3,historical,historico,5,0.44281142883106656
qm_recentrado,EC-Earth3,historical,historico,6,0.5116313416343806
qm_recentrado,EC-Earth3,historical,historico,7,0.5342780526249946
qm_recentrado,EC-Earth3,historical,historico,8,0.45554632998955225
qm_recentrado,EC-Earth3,historical,historico,9,0.34775088317982306
qm_recentrado,EC-Earth3,historical,historico,10,0.27850094457746744
qm_recentrado,EC-Earth3,historical,historico,11,0.3624828003156276
qm_recentrado,EC-Earth3,historical,historico,12,0.4839456123932886
qm_recentrado,EC-Earth3,ssp126,medio,1,0.5254646883209831
qm_recentrado,EC-Earth3,ssp126,medio,2,0.5360896802641709
qm_recentrado,EC-Earth3,ssp126,medio,3,0.5227125130023873
qm_recentrado,EC-Earth3,ssp126,medio,4,0.4917281986421479
qm_recentrado,EC-Earth3,ssp126,medio,5,0.42729698671101085
qm_recentrado,EC-Earth3,ssp126,medio,6,0.5240054622539383
qm_recentrado,EC-Earth3,ssp126,medio,7,0.533767594174128
qm_recentrado,EC-Earth3,ssp126,medio,8,0.4375984105108339
qm_recentrado,EC-Earth3,ssp126,medio,9,0.3391941297176836
qm_recentrado,EC-Earth3,ssp126,medio,10,0.28120475406366596
qm_recentrado,EC-Earth3,ssp126,medio,11,0.3602165091173452
qm_recentrado,EC-Earth3,ssp126,medio,12,0.47132333334854704
qm_recentrado,EC-Earth3,ssp126,lejano,1,0.5277021867634558
qm_recentrado,EC-Earth3,ssp126,lejano,2,0.5202424991759041
qm_recentrado,EC-Earth3,ssp126,lejano,3,0.5215664677151423
qm_recentrado,EC-Earth3,ssp126,lejano,4,0.484187089933307
qm_recentrado,EC-Earth3,ssp126,lejano,5,0.44120358376018454
qm_recentrado,EC-Earth3,ssp126,lejano,6,0.51067931769258
qm_recentrado,EC-Earth3,ssp126,lejano,7,0.5300669004206381
qm_recentrado,EC-Earth3,ssp126,lejano,8,0.4415389917804405
qm_recentrado,EC-Earth3,ssp126,lejano,9,0.3300103075182489
qm_recentrado,EC-Earth3,ssp126,lejano,10,0.2856741699937841
qm_recentrado,EC-Earth3,ssp126,lejano,11,0.375464687209488
qm_recentrado,EC-Earth3,ssp126,lejano,12,0.4783993711043041
qm_recentrado,EC-Earth3,ssp245,medio,1,0.5231821359235216
qm_recentrado,EC-Earth3,ssp245,medio,2,0.5272969413651927
qm_recentrado,EC-Earth3,ssp245,medio,3,0.5213680717176484
qm_recentrado,EC-Earth3,ssp245,medio,4,0.49667708639165287
qm_recentrado,EC-Earth3,ssp245,medio,5,0.4328888890484711
qm_recentrado,EC-Earth3,ssp245,medio,6,0.5151489083040891
qm_recentrado,EC-Earth3,ssp245,medio,7,0.5265497062024243
qm_recentrado,EC-Earth3,ssp245,medio,8,0.44173756903865374
qm_recentrado,EC-Earth3,ssp245,medio,9,0.33750871292624324
qm_recentrado,EC-Earth3,ssp245,medio,10,0.262902204758733
qm_recentrado,EC-Earth3,ssp245,medio,11,0.34457226668113083
qm_recentrado,EC-Earth3,ssp245,medio,12,0.485212185343084
qm_recentrado,EC-Earth3,ssp245,lejano,1,0.5227295837959093
qm_recentrado,EC-Earth3,ssp245,lejano,2,0.5302937740002514
qm_recentrado,EC-Earth3,ssp245,lejano,3,0.5236998154540277
qm_recentrado,EC-Earth3,ssp245,lejano,4,0.4914312696536274
qm_recentrado,EC-Earth3,ssp245,lejano,5,0.4496490897491042
qm_recentrado,EC-Earth3,ssp245,lejano,6,0.5121201722097267
qm_recentrado,EC-Earth3,ssp245,lejano,7,0.5307855107491883
qm_recentrado,EC-Earth3,ssp245,lejano,8,0.4371427605064664
qm_recentrado,EC-Earth3,ssp245,lejano,9,0.3482984893564977
qm_recentrado,EC-Earth3,ssp245,lejano,10,0.3058340592384093
qm_recentrado,EC-Earth3,ssp245,lejano,11,0.3649886119566519
qm_recentrado,EC-Earth3,ssp245,lejano,12,0.4766838418382315
qm_recentrado,EC-Earth3,ssp585,medio,1,0.5120608591832384
qm_recentrado,EC-Earth3,ssp585,medio,2,0.5231720120290789
qm_recentrado,EC-Earth3,ssp585,medio,3,0.5231273108093001
qm_recentrado,EC-Earth3,ssp585,medio,4,0.4656627898203485
qm_recentrado,EC-Earth3,ssp585,medio,5,0.4123167920463131
qm_recentrado,EC-Earth3,ssp585,medio,6,0.5135948981144921
qm_recentrado,EC-Earth3,ssp585,medio,7,0.5266181979944142
qm_recentrado,EC-Earth3,ssp585,medio,8,0.4362959685154501
qm_recentrado,EC-Earth3,ssp585,medio,9,0.3324722435816597
qm_recentrado,EC-Earth3,ssp585,medio,10,0.27869996342170456
qm_recentrado,EC-Earth3,ssp585,medio,11,0.3625980550456393
qm_recentrado,EC-Earth3,ssp585,medio,12,0.47501031091641605
qm_recentrado,EC-Earth3,ssp585,lejano,1,0.5232434594121744
qm_recentrado,EC-Earth3,ssp585,lejano,2,0.531563720027847
qm_recentrado,EC-Earth3,ssp585,lejano,3,0.5294993436212011
qm_recentrado,EC-Earth3,ssp585,lejano,4,0.5063879694110125
qm_recentrado,EC-Earth3,ssp585,lejano,5,0.435484616506896
qm_recentrado,EC-Earth3,ssp585,lejano,6,0.5261685060171256
qm_recentrado,EC-Earth3,ssp585,lejano,7,0.5237784986265887
qm_recentrado,EC-Earth3,ssp585,lejano,8,0.3948372949264762
qm_recentrado,EC-Earth3,ssp585,lejano,9,0.35115793021728325
qm_recentrado,EC-Earth3,ssp585,lejano,10,0.3044606972011883
qm_recentrado,EC-Earth3,ssp585,lejano,11,0.35101559954029093
qm_recentrado,EC-Earth3,ssp585,lejano,12,0.484952339015493
qm_recentrado,IPSL-CM6A-LR,historical,historico,1,0.5285696408750588
qm_recentrado,IPSL-CM6A-LR,historical,historico,2,0.5350634836295959
qm_recentrado,IPSL-CM6A-LR,historical,historico,3,0.5271447528833788
qm_recentrado,IPSL-CM6A-LR,historical,historico,4,0.5008697220225125
qm_recentrado,IPSL-CM6A-LR,historical,historico,5,0.45015227787520995
qm_recentrado,IPSL-CM6A-LR,historical,historico,6,0.5136557504313318
qm_recentrado,IPSL-CM6A-LR,historical,historico,7,0.5400930045906982
qm_recentrado,IPSL-CM6A-LR,historical,historico,8,0.4632785059152233
qm_recentrado,IPSL-CM6A-LR,historical,historico,9,0.347220724471253
qm_recentrado,IPSL-CM6A-LR,historical,historico,10,0.2811558495239145
qm_recentrado,IPSL-CM6A-LR,historical,historico,11,0.3627510156634154
qm_recentrado,IPSL-CM6A-LR,historical,historico,12,0.4883093385918006
qm_recentrado,IPSL-CM6A-LR,ssp126,medio,1,0.5248416221143842
qm_recentrado,IPSL-CM6A-LR,ssp126,medio,2,0.5356699671704659
qm_recentrado,IPSL-CM6A-LR,ssp126,medio,3,0.5178002562025765
qm_recentrado,IPSL-CM6A-LR,ssp126,medio,4,0.4960142981739604
qm_recentrado,IPSL-CM6A-LR,ssp126,medio,5,0.4661899189272675
qm_recentrado,IPSL-CM6A-LR,ssp126,medio,6,0.5444444169588954
qm_recentrado,IPSL-CM6A-LR,ssp126,medio,7,0.5405183034591012
qm_recentrado,IPSL-CM6A-LR,ssp126,medio,8,0.4728540277617159
qm_recentrado,IPSL-CM6A-LR,ssp126,medio,9,0.3484929071648235
qm_recentrado,IPSL-CM6A-LR,ssp126,medio,10,0.29563683269215757
qm_recentrado,IPSL-CM6A-LR,ssp126,medio,11,0.37576677770197464
qm_recentrado,IPSL-CM6A-LR,ssp126,medio,12,0.4885632118591208
qm_recentrado,IPSL-CM6A-LR,ssp126,lejano,1,0.5250259841385374
qm_recentrado,IPSL-CM6A-LR,ssp126,lejano,2,0.5312177628570605
qm_recentrado,IPSL-CM6A-LR,ssp126,lejano,3,0.5228887289461605
qm_recentrado,IPSL-CM6A-LR,ssp126,lejano,4,0.49159572032049115
qm_recentrado,IPSL-CM6A-LR,ssp126,lejano,5,0.45144509904302416
qm_recentrado,IPSL-CM6A-LR,ssp126,lejano,6,0.5437938436393001
qm_recentrado,IPSL-CM6A-LR,ssp126,lejano,7,0.5432797948582515
qm_recentrado,IPSL-CM6A-LR,ssp126,lejano,8,0.4866419325462585
qm_recentrado,IPSL-CM6A-LR,ssp126,lejano,9,0.3759120472272993
qm_recentrado,IPSL-CM6A-LR,ssp126,lejano,10,0.2800259856613898
qm_recentrado,IPSL-CM6A-LR,ssp126,lejano,11,0.3817225309904097
qm_recentrado,IPSL-CM6A-LR,ssp126,lejano,12,0.48144014889576536
qm_recentrado,IPSL-CM6A-LR,ssp245,medio,1,0.5263009986178948
qm_recentrado,IPSL-CM6A-LR,ssp245,medio,2,0.5299303586213988
qm_recentrado,IPSL-CM6A-LR,ssp245,medio,3,0.5277002025398426
qm_recentrado,IPSL-CM6A-LR,ssp245,medio,4,0.49490685431121645
qm_recentrado,IPSL-CM6A-LR,ssp245,medio,5,0.47761562967097543
qm_recentrado,IPSL-CM6A-LR,ssp245,medio,6,0.5367649209737732
qm_recentrado,IPSL-CM6A-LR,ssp245,medio,7,0.5394889899245534
qm_recentrado,IPSL-CM6A-LR,ssp245,medio,8,0.48456310773479155
qm_recentrado,IPSL-CM6A-LR,ssp245,medio,9,0.36089532292149923
qm_recentrado,IPSL-CM6A-LR,ssp245,medio,10,0.2632028445576679
qm_recentrado,IPSL-CM6A-LR,ssp245,medio,11,0.371849406474403
qm_recentrado,IPSL-CM6A-LR,ssp245,medio,12,0.48030021676613116
qm_recentrado,IPSL-CM6A-LR,ssp245,lejano,1,0.5203147452058174
qm_recentrado,IPSL-CM6A-LR,ssp245,lejano,2,0.5375176079840693
qm_recentrado,IPSL-CM6A-LR,ssp245,lejano,3,0.5105861714928818
qm_recentrado,IPSL-CM6A-LR,ssp245,lejano,4,0.49418533486082894
qm_recentrado,IPSL-CM6A-LR,ssp245,lejano,5,0.4779926438039797
qm_recentrado,IPSL-CM6A-LR,ssp245,lejano,6,0.547710025545938
qm_recentrado,IPSL-CM6A-LR,ssp245,lejano,7,0.5363194179406562
qm_recentrado,IPSL-CM6A-LR,ssp245,lejano,8,0.4925433879022047
qm_recentrado,IPSL-CM6A-LR,ssp245,lejano,9,0.37381853361042156
qm_recentrado,IPSL-CM6A-LR,ssp245,lejano,10,0.26914381358996387
qm_recentrado,IPSL-CM6A-LR,ssp245,lejano,11,0.37226182466526264
qm_recentrado,IPSL-CM6A-LR,ssp245,lejano,12,0.5039408753284433
qm_recentrado,IPSL-CM6A-LR,ssp585,medio,1,0.5225890312595345
qm_recentrado,IPSL-CM6A-LR,ssp585,medio,2,0.5305520149855177
qm_recentrado,IPSL-CM6A-LR,ssp585,medio,3,0.5204197979395275
qm_recentrado,IPSL-CM6A-LR,ssp585,medio,4,0.5019114017051877
qm_recentrado,IPSL-CM6A-LR,ssp585,medio,5,0.46289970627329263
qm_recentrado,IPSL-CM6A-LR,ssp585,medio,6,0.5447848701397965
qm_recentrado,IPSL-CM6A-LR,ssp585,medio,7,0.5356146641957769
qm_recentrado,IPSL-CM6A-LR,ssp585,medio,8,0.48511809680513673
qm_recentrado,IPSL-CM6A-LR,ssp585,medio,9,0.3775859503247126
qm_recentrado,IPSL-CM6A-LR,ssp585,medio,10,0.29262621487214835
qm_recentrado,IPSL-CM6A-LR,ssp585,medio,11,0.39756771261561813
qm_recentrado,IPSL-CM6A-LR,ssp585,medio,12,0.4987664701464693
qm_recentrado,IPSL-CM6A-LR,ssp585,lejano,1,0.5228938181940763
qm_recentrado,IPSL-CM6A-LR,ssp585,lejano,2,0.5391331517402975
qm_recentrado,IPSL-CM6A-LR,ssp585,lejano,3,0.524924510778328
qm_recentrado,IPSL-CM6A-LR,ssp585,lejano,4,0.5120186315018869
qm_recentrado,IPSL-CM6A-LR,ssp585,lejano,5,0.5108378332472631
qm_recentrado,IPSL-CM6A-LR,ssp585,lejano,6,0.551562081961519
qm_recentrado,IPSL-CM6A-LR,ssp585,lejano,7,0.5426308866318422
qm_recentrado,IPSL-CM6A-LR,ssp585,lejano,8,0.4847067782567818
qm_recentrado,IPSL-CM6A-LR,ssp585,lejano,9,0.3543419569567335
qm_recentrado,IPSL-CM6A-LR,ssp585,lejano,10,0.255017980862183
qm_recentrado,IPSL-CM6A-LR,ssp585,lejano,11,0.37502001817158137
qm_recentrado,IPSL-CM6A-LR,ssp585,lejano,12,0.5005244904826147
qm_recentrado,MIROC6,historical,historico,1,0.5470763911974021
qm_recentrado,MIROC6,historical,historico,2,0.5532554899609432
qm_recentrado,MIROC6,historical,historico,3,0.5444153830165834
qm_recentrado,MIROC6,historical,historico,4,0.5181070607506129
qm_recentrado,MIROC6,historical,historico,5,0.4617442197150446
qm_recentrado,MIROC6,historical,historico,6,0.5337631261133834
qm_recentrado,MIROC6,historical,historico,7,0.5595650542691684
qm_recentrado,MIROC6,historical,historico,8,0.48162246213175225
qm_recentrado,MIROC6,historical,historico,9,0.3610279283713217
qm_recentrado,MIROC6,historical,historico,10,0.28707539398018633
qm_recentrado,MIROC6,historical,historico,11,0.38019573153346764
qm_recentrado,MIROC6,historical,historico,12,0.5039386843815438
qm_recentrado,MIROC6,ssp126,medio,1,0.5097392433451812
qm_recentrado,MIROC6,ssp126,medio,2,0.510369882752041
qm_recentrado,MIROC6,ssp126,medio,3,0.5001646807586819
qm_recentrado,MIROC6,ssp126,medio,4,0.4619452703801821
qm_recentrado,MIROC6,ssp126,medio,5,0.43014389533036806
qm_recentrado,MIROC6,ssp126,medio,6,0.4899154957628849
qm_recentrado,MIROC6,ssp126,medio,7,0.5207040490225971
qm_recentrado,MIROC6,ssp126,medio,8,0.44013028266425136
qm_recentrado,MIROC6,ssp126,medio,9,0.3407341105632258
qm_recentrado,MIROC6,ssp126,medio,10,0.29943932488508934
qm_recentrado,MIROC6,ssp126,medio,11,0.34844751944972874
qm_recentrado,MIROC6,ssp126,medio,12,0.46740080495874453
qm_recentrado,MIROC6,ssp126,lejano,1,0.5070060040144156
qm_recentrado,MIROC6,ssp126,lejano,2,0.513290586915228
qm_recentrado,MIROC6,ssp126,lejano,3,0.5082975019292522
qm_recentrado,MIROC6,ssp126,lejano,4,0.46116881944877797
qm_recentrado,MIROC6,ssp126,lejano,5,0.4127741056054545
qm_recentrado,MIROC6,ssp126,lejano,6,0.49895042155909447
qm_recentrado,MIROC6,ssp126,lejano,7,0.5211262271722872
qm_recentrado,MIROC6,ssp126,lejano,8,0.4719916188314325
qm_recentrado,MIROC6,ssp126,lejano,9,0.34688027281555
qm_recentrado,MIROC6,ssp126,lejano,10,0.2525764146683235
qm_recentrado,MIROC6,ssp126,lejano,11,0.3720979769143016
qm_recentrado,MIROC6,ssp126,lejano,12,0.4772071931903067
qm_recentrado,MIROC6,ssp245,medio,1,0.5053337172369725
qm_recentrado,MIROC6,ssp245,medio,2,0.5081825664101693
qm_recentrado,MIROC6,ssp245,medio,3,0.4977622395119859
qm_recentrado,MIROC6,ssp245,medio,4,0.47046936416073254
qm_recentrado,MIROC6,ssp245,medio,5,0.42633892379041877
qm_recentrado,MIROC6,ssp245,medio,6,0.4853854359976097
qm_recentrado,MIROC6,ssp245,medio,7,0.5131749694293588
qm_recentrado,MIROC6,ssp245,medio,8,0.441627984461055
qm_recentrado,MIROC6,ssp245,medio,9,0.3229122400987339
qm_recentrado,MIROC6,ssp245,medio,10,0.26747850490966696
qm_recentrado,MIROC6,ssp245,medio,11,0.33869993751659005
qm_recentrado,MIROC6,ssp245,medio,12,0.48138495482639226
qm_recentrado,MIROC6,ssp245,lejano,1,0.5071930784561769
qm_recentrado,MIROC6,ssp245,lejano,2,0.5150436660993077
qm_recentrado,MIROC6,ssp245,lejano,3,0.5074390591479637
qm_recentrado,MIROC6,ssp245,lejano,4,0.46074453810777866
qm_recentrado,MIROC6,ssp245,lejano,5,0.42557133765963695
qm_recentrado,MIROC6,ssp245,lejano,6,0.4739744339046101
qm_recentrado,MIROC6,ssp245,lejano,7,0.5249367291382644
qm_recentrado,MIROC6,ssp245,lejano,8,0.47436441877680363
qm_recentrado,MIROC6,ssp245,lejano,9,0.360702511115262
qm_recentrado,MIROC6,ssp245,lejano,10,0.24795827902881784
qm_recentrado,MIROC6,ssp245,lejano,11,0.3522927153499292
qm_recentrado,MIROC6,ssp245,lejano,12,0.46687023377773734
qm_recentrado,MIROC6,ssp585,medio,1,0.507873404500295
qm_recentrado,MIROC6,ssp585,medio,2,0.509168601234174
qm_recentrado,MIROC6,ssp585,medio,3,0.5063371196251506
qm_recentrado,MIROC6,ssp585,medio,4,0.47048116423600983
qm_recentrado,MIROC6,ssp585,medio,5,0.4257337246468747
qm_recentrado,MIROC6,ssp585,medio,6,0.48780295347256303
qm_recentrado,MIROC6,ssp585,medio,7,0.5160451671681137
qm_recentrado,MIROC6,ssp585,medio,8,0.45560823970812775
qm_recentrado,MIROC6,ssp585,medio,9,0.33818707163877854
qm_recentrado,MIROC6,ssp585,medio,10,0.27310121604679993
qm_recentrado,MIROC6,ssp585,medio,11,0.3508143960186573
qm_recentrado,MIROC6,ssp585,medio,12,0.46539858530395384
qm_recentrado,MIROC6,ssp585,lejano,1,0.5086065515940142
qm_recentrado,MIROC6,ssp585,lejano,2,0.5081986608897744
qm_recentrado,MIROC6,ssp585,lejano,3,0.4970541066800149
qm_recentrado,MIROC6,ssp585,lejano,4,0.44854860459597223
qm_recentrado,MIROC6,ssp585,lejano,5,0.44183770899120367
qm_recentrado,MIROC6,ssp585,lejano,6,0.5016355719024345
qm_recentrado,MIROC6,ssp585,lejano,7,0.5217646629743307
qm_recentrado,MIROC6,ssp585,lejano,8,0.4811409387932394
qm_recentrado,MIROC6,ssp585,lejano,9,0.3742848892924516
qm_recentrado,MIROC6,ssp585,lejano,10,0.26313330797277523
qm_recentrado,MIROC6,ssp585,lejano,11,0.326468322077697
qm_recentrado,MIROC6,ssp585,lejano,12,0.46637107462303745
qm_recentrado,MPI-ESM1-2-HR,historical,historico,1,0.5202072827835427
qm_recentrado,MPI-ESM1-2-HR,historical,historico,2,0.5256389021657587
qm_recentrado,MPI-ESM1-2-HR,historical,historico,3,0.5172898085673191
qm_recentrado,MPI-ESM1-2-HR,historical,historico,4,0.4899963952235349
qm_recentrado,MPI-ESM1-2-HR,historical,historico,5,0.43988227208762914
qm_recentrado,MPI-ESM1-2-HR,historical,historico,6,0.5048649312270284
qm_recentrado,MPI-ESM1-2-HR,historical,historico,7,0.5299726098138807
qm_recentrado,MPI-ESM1-2-HR,historical,historico,8,0.4531044089978551
qm_recentrado,MPI-ESM1-2-HR,historical,historico,9,0.34168919657354746
qm_recentrado,MPI-ESM1-2-HR,historical,historico,10,0.2689099906616648
qm_recentrado,MPI-ESM1-2-HR,historical,historico,11,0.3565476174970792
qm_recentrado,MPI-ESM1-2-HR,historical,historico,12,0.4790108486901929
qm_recentrado,MPI-ESM1-2-HR,ssp126,medio,1,0.5208261432604191
qm_recentrado,MPI-ESM1-2-HR,ssp126,medio,2,0.525591362596108
qm_recentrado,MPI-ESM1-2-HR,ssp126,medio,3,0.5149277273274167
qm_recentrado,MPI-ESM1-2-HR,ssp126,medio,4,0.4887999501231364
qm_recentrado,MPI-ESM1-2-HR,ssp126,medio,5,0.4600544831269164
qm_recentrado,MPI-ESM1-2-HR,ssp126,medio,6,0.5153735766442292
qm_recentrado,MPI-ESM1-2-HR,ssp126,medio,7,0.5328295270513801
qm_recentrado,MPI-ESM1-2-HR,ssp126,medio,8,0.4350655152937118
qm_recentrado,MPI-ESM1-2-HR,ssp126,medio,9,0.32686808064154194
qm_recentrado,MPI-ESM1-2-HR,ssp126,medio,10,0.26755967550871873
qm_recentrado,MPI-ESM1-2-HR,ssp126,medio,11,0.3343458960780672
qm_recentrado,MPI-ESM1-2-HR,ssp126,medio,12,0.4792486185608181
qm_recentrado,MPI-ESM1-2-HR,ssp126,lejano,1,0.526209027383588
qm_recentrado,MPI-ESM1-2-HR,ssp126,lejano,2,0.5272327961565298
qm_recentrado,MPI-ESM1-2-HR,ssp126,lejano,3,0.5200540316692718
qm_recentrado,MPI-ESM1-2-HR,ssp126,lejano,4,0.5106423074337213
qm_recentrado,MPI-ESM1-2-HR,ssp126,lejano,5,0.45484360663015205
qm_recentrado,MPI-ESM1-2-HR,ssp126,lejano,6,0.5143205583003555
qm_recentrado,MPI-ESM1-2-HR,ssp126,lejano,7,0.5333844216793051
qm_recentrado,MPI-ESM1-2-HR,ssp126,lejano,8,0.45685023774673844
qm_recentrado,MPI-ESM1-2-HR,ssp126,lejano,9,0.3672400239121119
qm_recentrado,MPI-ESM1-2-HR,ssp126,lejano,10,0.27345669058247846
qm_recentrado,MPI-ESM1-2-HR,ssp126,lejano,11,0.3745532348014869
qm_recentrado,MPI-ESM1-2-HR,ssp126,lejano,12,0.4831087097815723
qm_recentrado,MPI-ESM1-2-HR,ssp245,medio,1,0.5138963413185628
qm_recentrado,MPI-ESM1-2-HR,ssp245,medio,2,0.5264964543018033
qm_recentrado,MPI-ESM1-2-HR,ssp245,medio,3,0.5118324526694532
qm_recentrado,MPI-ESM1-2-HR,ssp245,medio,4,0.494543945969754
qm_recentrado,MPI-ESM1-2-HR,ssp245,medio,5,0.44455236171651125
qm_recentrado,MPI-ESM1-2-HR,ssp245,medio,6,0.5133244639798769
qm_recentrado,MPI-ESM1-2-HR,ssp245,medio,7,0.5307518539976468
qm_recentrado,MPI-ESM1-2-HR,ssp245,medio,8,0.44397202641008554
qm_recentrado,MPI-ESM1-2-HR,ssp245,medio,9,0.36457008522579515
qm_recentrado,MPI-ESM1-2-HR,ssp245,medio,10,0.2732539104751925
qm_recentrado,MPI-ESM1-2-HR,ssp245,medio,11,0.35356623729191533
qm_recentrado,MPI-ESM1-2-HR,ssp245,medio,12,0.47788469168849995
qm_recentrado,MPI-ESM1-2-HR,ssp245,lejano,1,0.5141392869116284
qm_recentrado,MPI-ESM1-2-HR,ssp245,lejano,2,0.5264281454236943
qm_recentrado,MPI-ESM1-2-HR,ssp245,lejano,3,0.5174903342805728
qm_recentrado,MPI-ESM1-2-HR,ssp245,lejano,4,0.5068750338521895
qm_recentrado,MPI-ESM1-2-HR,ssp245,lejano,5,0.4715721909035275
qm_recentrado,MPI-ESM1-2-HR,ssp245,lejano,6,0.5287439756459006
qm_recentrado,MPI-ESM1-2-HR,ssp245,lejano,7,0.5376625594898851
qm_recentrado,MPI-ESM1-2-HR,ssp245,lejano,8,0.4719811312262532
qm_recentrado,MPI-ESM1-2-HR,ssp245,lejano,9,0.36661554143529906
qm_recentrado,MPI-ESM1-2-HR,ssp245,lejano,10,0.2889712142040009
qm_recentrado,MPI-ESM1-2-HR,ssp245,lejano,11,0.3612303237179559
qm_recentrado,MPI-ESM1-2-HR,ssp245,lejano,12,0.4844541865978964
qm_recentrado,MPI-ESM1-2-HR,ssp585,medio,1,0.5183608918477736
qm_recentrado,MPI-ESM1-2-HR,ssp585,medio,2,0.5256333446210039
qm_recentrado,MPI-ESM1-2-HR,ssp585,medio,3,0.5061865320485588
qm_recentrado,MPI-ESM1-2-HR,ssp585,medio,4,0.4904290514160514
qm_recentrado,MPI-ESM1-2-HR,ssp585,medio,5,0.4377500719145739
qm_recentrado,MPI-ESM1-2-HR,ssp585,medio,6,0.5269936928650979
qm_recentrado,MPI-ESM1-2-HR,ssp585,medio,7,0.5389396998020118
qm_recentrado,MPI-ESM1-2-HR,ssp585,medio,8,0.45372501405366344
qm_recentrado,MPI-ESM1-2-HR,ssp585,medio,9,0.3162333646076259
qm_recentrado,MPI-ESM1-2-HR,ssp585,medio,10,0.2558725544585903
qm_recentrado,MPI-ESM1-2-HR,ssp585,medio,11,0.34582377157236693
qm_recentrado,MPI-ESM1-2-HR,ssp585,medio,12,0.47026157106486005
qm_recentrado,MPI-ESM1-2-HR,ssp585,lejano,1,0.5242191493588336
qm_recentrado,MPI-ESM1-2-HR,ssp585,lejano,2,0.5350953161947631
qm_recentrado,MPI-ESM1-2-HR,ssp585,lejano,3,0.5245542696606584
qm_recentrado,MPI-ESM1-2-HR,ssp585,lejano,4,0.5063828400328244
qm_recentrado,MPI-ESM1-2-HR,ssp585,lejano,5,0.4674227647261337
qm_recentrado,MPI-ESM1-2-HR,ssp585,lejano,6,0.5333633175700451
qm_recentrado,MPI-ESM1-2-HR,ssp585,lejano,7,0.5405168332426149
qm_recentrado,MPI-ESM1-2-HR,ssp585,lejano,8,0.48570132060417587
qm_recentrado,MPI-ESM1-2-HR,ssp585,lejano,9,0.411783327000536
qm_recentrado,MPI-ESM1-2-HR,ssp585,lejano,10,0.31848272601045075
qm_recentrado,MPI-ESM1-2-HR,ssp585,lejano,11,0.3676230400636773
qm_recentrado,MPI-ESM1-2-HR,ssp585,lejano,12,0.4878754249201808
qm_recentrado,MPI-ESM1-2-LR,historical,historico,1,0.5221860794631813
qm_recentrado,MPI-ESM1-2-LR,historical,historico,2,0.5280863948212945
qm_recentrado,MPI-ESM1-2-LR,historical,historico,3,0.5208037518067442
qm_recentrado,MPI-ESM1-2-LR,historical,historico,4,0.49354825568829924
qm_recentrado,MPI-ESM1-2-LR,historical,historico,5,0.4405699542846849
qm_recentrado,MPI-ESM1-2-LR,historical,historico,6,0.5087739938283402
qm_recentrado,MPI-ESM1-2-LR,historical,historico,7,0.5317349333181577
qm_recentrado,MPI-ESM1-2-LR,historical,historico,8,0.45436907662233383
qm_recentrado,MPI-ESM1-2-LR,historical,historico,9,0.34266275287141307
qm_recentrado,MPI-ESM1-2-LR,historical,historico,10,0.27489753310254444
qm_recentrado,MPI-ESM1-2-LR,historical,historico,11,0.35652769818733687
qm_recentrado,MPI-ESM1-2-LR,historical,historico,12,0.4800564790341538
qm_recentrado,MPI-ESM1-2-LR,ssp126,medio,1,0.5157632425490032
qm_recentrado,MPI-ESM1-2-LR,ssp126,medio,2,0.5251906340427319
qm_recentrado,MPI-ESM1-2-LR,ssp126,medio,3,0.5203036332999047
qm_recentrado,MPI-ESM1-2-LR,ssp126,medio,4,0.4976034207465676
qm_recentrado,MPI-ESM1-2-LR,ssp126,medio,5,0.4658140041174533
qm_recentrado,MPI-ESM1-2-LR,ssp126,medio,6,0.5165176332311162
qm_recentrado,MPI-ESM1-2-LR,ssp126,medio,7,0.5380208944332204
qm_recentrado,MPI-ESM1-2-LR,ssp126,medio,8,0.46786220909661896
qm_recentrado,MPI-ESM1-2-LR,ssp126,medio,9,0.3576650019306689
qm_recentrado,MPI-ESM1-2-LR,ssp126,medio,10,0.263903699455777
qm_recentrado,MPI-ESM1-2-LR,ssp126,medio,11,0.3637503067793109
qm_recentrado,MPI-ESM1-2-LR,ssp126,medio,12,0.4897852372808718
qm_recentrado,MPI-ESM1-2-LR,ssp126,lejano,1,0.5236770540576474
qm_recentrado,MPI-ESM1-2-LR,ssp126,lejano,2,0.5224378968082458
qm_recentrado,MPI-ESM1-2-LR,ssp126,lejano,3,0.517335716401095
qm_recentrado,MPI-ESM1-2-LR,ssp126,lejano,4,0.4988152577462444
qm_recentrado,MPI-ESM1-2-LR,ssp126,lejano,5,0.46343418076096804
qm_recentrado,MPI-ESM1-2-LR,ssp126,lejano,6,0.5084913343754008
qm_recentrado,MPI-ESM1-2-LR,ssp126,lejano,7,0.5305877660860142
qm_recentrado,MPI-ESM1-2-LR,ssp126,lejano,8,0.46331852929428086
qm_recentrado,MPI-ESM1-2-LR,ssp126,lejano,9,0.3534066937280242
qm_recentrado,MPI-ESM1-2-LR,ssp126,lejano,10,0.2556364685442992
qm_recentrado,MPI-ESM1-2-LR,ssp126,lejano,11,0.3558331786561566
qm_recentrado,MPI-ESM1-2-LR,ssp126,lejano,12,0.49318447349252875
qm_recentrado,MPI-ESM1-2-LR,ssp245,medio,1,0.5143208423187978
qm_recentrado,MPI-ESM1-2-LR,ssp245,medio,2,0.5322664628264805
qm_recentrado,MPI-ESM1-2-LR,ssp245,medio,3,0.523066975482669
qm_recentrado,MPI-ESM1-2-LR,ssp245,medio,4,0.4953914205094575
qm_recentrado,MPI-ESM1-2-LR,ssp245,medio,5,0.44472882985133305
qm_recentrado,MPI-ESM1-2-LR,ssp245,medio,6,0.5175744884535338
qm_recentrado,MPI-ESM1-2-LR,ssp245,medio,7,0.5324778661820535
qm_recentrado,MPI-ESM1-2-LR,ssp245,medio,8,0.46325870819326775
qm_recentrado,MPI-ESM1-2-LR,ssp245,medio,9,0.33665405791879127
qm_recentrado,MPI-ESM1-2-LR,ssp245,medio,10,0.25261683489861875
qm_recentrado,MPI-ESM1-2-LR,ssp245,medio,11,0.3481932682358211
qm_recentrado,MPI-ESM1-2-LR,ssp245,medio,12,0.4865078492126932
qm_recentrado,MPI-ESM1-2-LR,ssp245,lejano,1,0.5243412382477016
qm_recentrado,MPI-ESM1-2-LR,ssp245,lejano,2,0.531351308621617
qm_recentrado,MPI-ESM1-2-LR,ssp245,lejano,3,0.5156991127161994
qm_recentrado,MPI-ESM1-2-LR,ssp245,lejano,4,0.5053392199829561
qm_recentrado,MPI-ESM1-2-LR,ssp245,lejano,5,0.47957905796682904
qm_recentrado,MPI-ESM1-2-LR,ssp245,lejano,6,0.5363810640309684
qm_recentrado,MPI-ESM1-2-LR,ssp245,lejano,7,0.5391856178125535
qm_recentrado,MPI-ESM1-2-LR,ssp245,lejano,8,0.4783424706485389
qm_recentrado,MPI-ESM1-2-LR,ssp245,lejano,9,0.3919352647280704
qm_recentrado,MPI-ESM1-2-LR,ssp245,lejano,10,0.30639618711662997
qm_recentrado,MPI-ESM1-2-LR,ssp245,lejano,11,0.37703031705388856
qm_recentrado,MPI-ESM1-2-LR,ssp245,lejano,12,0.4868641783578918
qm_recentrado,MPI-ESM1-2-LR,ssp585,medio,1,0.5121068601462373
qm_recentrado,MPI-ESM1-2-LR,ssp585,medio,2,0.5283008904130886
qm_recentrado,MPI-ESM1-2-LR,ssp585,medio,3,0.5164690979960304
qm_recentrado,MPI-ESM1-2-LR,ssp585,medio,4,0.5028669380582276
qm_recentrado,MPI-ESM1-2-LR,ssp585,medio,5,0.4505153072384809
qm_recentrado,MPI-ESM1-2-LR,ssp585,medio,6,0.5371275887924236
qm_recentrado,MPI-ESM1-2-LR,ssp585,medio,7,0.5378993943765727
qm_recentrado,MPI-ESM1-2-LR,ssp585,medio,8,0.48912430510553834
qm_recentrado,MPI-ESM1-2-LR,ssp585,medio,9,0.3522667878947247
qm_recentrado,MPI-ESM1-2-LR,ssp585,medio,10,0.26264279423709913
qm_recentrado,MPI-ESM1-2-LR,ssp585,medio,11,0.36638748738839594
qm_recentrado,MPI-ESM1-2-LR,ssp585,medio,12,0.4894037458992684
qm_recentrado,MPI-ESM1-2-LR,ssp585,lejano,1,0.5256210642518824
qm_recentrado,MPI-ESM1-2-LR,ssp585,lejano,2,0.5351251836238952
qm_recentrado,MPI-ESM1-2-LR,ssp585,lejano,3,0.5134730475766593
qm_recentrado,MPI-ESM1-2-LR,ssp585,lejano,4,0.4949589167006765
qm_recentrado,MPI-ESM1-2-LR,ssp585,lejano,5,0.4974122695230706
qm_recentrado,MPI-ESM1-2-LR,ssp585,lejano,6,0.5429241528153083
qm_recentrado,MPI-ESM1-2-LR,ssp585,lejano,7,0.5397107586913911
qm_recentrado,MPI-ESM1-2-LR,ssp585,lejano,8,0.49506516744679924
qm_recentrado,MPI-ESM1-2-LR,ssp585,lejano,9,0.38750451699291183
qm_recentrado,MPI-ESM1-2-LR,ssp585,lejano,10,0.29275115289623277
qm_recentrado,MPI-ESM1-2-LR,ssp585,lejano,11,0.3681695940259269
qm_recentrado,MPI-ESM1-2-LR,ssp585,lejano,12,0.48712075897853124
qm_recentrado,NorESM2-MM,historical,historico,1,0.5199493344026953
qm_recentrado,NorESM2-MM,historical,historico,2,0.5263962711983161
qm_recentrado,NorESM2-MM,historical,historico,3,0.5182560319029503
qm_recentrado,NorESM2-MM,historical,historico,4,0.48986842700409505
qm_recentrado,NorESM2-MM,historical,historico,5,0.44171509544303494
qm_recentrado,NorESM2-MM,historical,historico,6,0.5061139151645494
qm_recentrado,NorESM2-MM,historical,historico,7,0.5298755300541438
qm_recentrado,NorESM2-MM,historical,historico,8,0.45281520398855807
qm_recentrado,NorESM2-MM,historical,historico,9,0.3388154871510496
qm_recentrado,NorESM2-MM,historical,historico,10,0.2710920863693346
qm_recentrado,NorESM2-MM,historical,historico,11,0.3578181211113131
qm_recentrado,NorESM2-MM,historical,historico,12,0.4790595116658959
qm_recentrado,NorESM2-MM,ssp126,medio,1,0.5252202821041444
qm_recentrado,NorESM2-MM,ssp126,medio,2,0.5281490089233863
qm_recentrado,NorESM2-MM,ssp126,medio,3,0.5181936282963298
qm_recentrado,NorESM2-MM,ssp126,medio,4,0.5030444419151058
qm_recentrado,NorESM2-MM,ssp126,medio,5,0.4485804511232745
qm_recentrado,NorESM2-MM,ssp126,medio,6,0.520126730578494
qm_recentrado,NorESM2-MM,ssp126,medio,7,0.5395743581207761
qm_recentrado,NorESM2-MM,ssp126,medio,8,0.4945822774149079
qm_recentrado,NorESM2-MM,ssp126,medio,9,0.3615907832155915
qm_recentrado,NorESM2-MM,ssp126,medio,10,0.3030370896712512
qm_recentrado,NorESM2-MM,ssp126,medio,11,0.36814884008489834
qm_recentrado,NorESM2-MM,ssp126,medio,12,0.4821332333959113
qm_recentrado,NorESM2-MM,ssp126,lejano,1,0.5050331324411368
qm_recentrado,NorESM2-MM,ssp126,lejano,2,0.5286090633164594
qm_recentrado,NorESM2-MM,ssp126,lejano,3,0.5079782821985533
qm_recentrado,NorESM2-MM,ssp126,lejano,4,0.47046658749785886
qm_recentrado,NorESM2-MM,ssp126,lejano,5,0.3963871902820397
qm_recentrado,NorESM2-MM,ssp126,lejano,6,0.48394086665207103
qm_recentrado,NorESM2-MM,ssp126,lejano,7,0.5318112955963942
qm_recentrado,NorESM2-MM,ssp126,lejano,8,0.4571341262705369
qm_recentrado,NorESM2-MM,ssp126,lejano,9,0.31585796952720485
qm_recentrado,NorESM2-MM,ssp126,lejano,10,0.23112826317692978
qm_recentrado,NorESM2-MM,ssp126,lejano,11,0.3297248141541608
qm_recentrado,NorESM2-MM,ssp126,lejano,12,0.4507684942837836
qm_recentrado,NorESM2-MM,ssp245,medio,1,0.5110807261520018
qm_recentrado,NorESM2-MM,ssp245,medio,2,0.5244509063260878
qm_recentrado,NorESM2-MM,ssp245,medio,3,0.5089455490077538
qm_recentrado,NorESM2-MM,ssp245,medio,4,0.4899744821424255
qm_recentrado,NorESM2-MM,ssp245,medio,5,0.44973584176173376
qm_recentrado,NorESM2-MM,ssp245,medio,6,0.5044477063594128
qm_recentrado,NorESM2-MM,ssp245,medio,7,0.5343892681820315
qm_recentrado,NorESM2-MM,ssp245,medio,8,0.4810782227148708
qm_recentrado,NorESM2-MM,ssp245,medio,9,0.33993036926719733
qm_recentrado,NorESM2-MM,ssp245,medio,10,0.27144648550485356
qm_recentrado,NorESM2-MM,ssp245,medio,11,0.3916491117919229
qm_recentrado,NorESM2-MM,ssp245,medio,12,0.4651135037973286
qm_recentrado,NorESM2-MM,ssp245,lejano,1,0.5133897927718578
qm_recentrado,NorESM2-MM,ssp245,lejano,2,0.5194599103531983
qm_recentrado,NorESM2-MM,ssp245,lejano,3,0.4951602534322956
qm_recentrado,NorESM2-MM,ssp245,lejano,4,0.4702635981087663
qm_recentrado,NorESM2-MM,ssp245,lejano,5,0.44825278505330757
qm_recentrado,NorESM2-MM,ssp245,lejano,6,0.5149743258664726
qm_recentrado,NorESM2-MM,ssp245,lejano,7,0.5350915856383347
qm_recentrado,NorESM2-MM,ssp245,lejano,8,0.4825268527403391
qm_recentrado,NorESM2-MM,ssp245,lejano,9,0.3716987218513303
qm_recentrado,NorESM2-MM,ssp245,lejano,10,0.278625738007445
qm_recentrado,NorESM2-MM,ssp245,lejano,11,0.34184473966601636
qm_recentrado,NorESM2-MM,ssp245,lejano,12,0.47440600924941984
qm_recentrado,NorESM2-MM,ssp585,medio,1,0.5188148339047585
qm_recentrado,NorESM2-MM,ssp585,medio,2,0.5200412141811925
qm_recentrado,NorESM2-MM,ssp585,medio,3,0.5023282362732349
qm_recentrado,NorESM2-MM,ssp585,medio,4,0.471157521593461
qm_recentrado,NorESM2-MM,ssp585,medio,5,0.44722940241063674
qm_recentrado,NorESM2-MM,ssp585,medio,6,0.5081229789820861
qm_recentrado,NorESM2-MM,ssp585,medio,7,0.5322897330507539
qm_recentrado,NorESM2-MM,ssp585,medio,8,0.4807647666913313
qm_recentrado,NorESM2-MM,ssp585,medio,9,0.3432768398908665
qm_recentrado,NorESM2-MM,ssp585,medio,10,0.27696348087785994
qm_recentrado,NorESM2-MM,ssp585,medio,11,0.3605865605787454
qm_recentrado,NorESM2-MM,ssp585,medio,12,0.47459686438167314
qm_recentrado,NorESM2-MM,ssp585,lejano,1,0.5130480732386585
qm_recentrado,NorESM2-MM,ssp585,lejano,2,0.5101257074092994
qm_recentrado,NorESM2-MM,ssp585,lejano,3,0.5025072395709429
qm_recentrado,NorESM2-MM,ssp585,lejano,4,0.4726608299987212
qm_recentrado,NorESM2-MM,ssp585,lejano,5,0.45721799158900006
qm_recentrado,NorESM2-MM,ssp585,lejano,6,0.5283451650727267
qm_recentrado,NorESM2-MM,ssp585,lejano,7,0.5375770146047912
qm_recentrado,NorESM2-MM,ssp585,lejano,8,0.503119204980402
qm_recentrado,NorESM2-MM,ssp585,lejano,9,0.3914134687520263
qm_recentrado,NorESM2-MM,ssp585,lejano,10,0.28595908581692164
qm_recentrado,NorESM2-MM,ssp585,lejano,11,0.35320440018820753
qm_recentrado,NorESM2-MM,ssp585,lejano,12,0.47204657810354306
