method,model,scenario,horizon,year,n_days,cf_annual,energy_equivalent_GWh
qm_sin_recentrado,ACCESS-CM2,historical,historico,1981,365,0.43972959542954476,4243.397631568633
qm_sin_recentrado,ACCESS-CM2,historical,historico,1982,365,0.4558948861186954,4399.392945363587
qm_sin_recentrado,ACCESS-CM2,historical,historico,1983,365,0.44019015041293585,4247.841994527237
qm_sin_recentrado,ACCESS-CM2,historical,historico,1984,366,0.4189894454163958,4043.254852099346
qm_sin_recentrado,ACCESS-CM2,historical,historico,1985,365,0.4746681479938576,4580.555222831093
qm_sin_recentrado,ACCESS-CM2,historical,historico,1986,365,0.32251010466248375,3112.2276701546425
qm_sin_recentrado,ACCESS-CM2,historical,historico,1987,365,0.44767193666352695,4320.041351554021
qm_sin_recentrado,ACCESS-CM2,historical,historico,1988,366,0.43949954932317475,4241.1776829614255
qm_sin_recentrado,ACCESS-CM2,historical,historico,1989,365,0.4675868980904201,4512.221047962923
qm_sin_recentrado,ACCESS-CM2,historical,historico,1990,365,0.4637683077043982,4475.3715896403655
qm_sin_recentrado,ACCESS-CM2,historical,historico,1991,365,0.44422692254430596,4286.796910183312
qm_sin_recentrado,ACCESS-CM2,historical,historico,1992,366,0.48300671072115264,4661.022486566494
qm_sin_recentrado,ACCESS-CM2,historical,historico,1993,365,0.389474546744399,3758.4356076761983
qm_sin_recentrado,ACCESS-CM2,historical,historico,1994,365,0.437092657983568,4217.951143023958
qm_sin_recentrado,ACCESS-CM2,historical,historico,1995,365,0.4776089482676392,4608.93399252589
qm_sin_recentrado,ACCESS-CM2,historical,historico,1996,366,0.47045778209808026,4539.925124570988
qm_sin_recentrado,ACCESS-CM2,historical,historico,1997,365,0.5142275973444779,4962.304542015769
qm_sin_recentrado,ACCESS-CM2,historical,historico,1998,365,0.4199104370206448,4052.142435816214
qm_sin_recentrado,ACCESS-CM2,historical,historico,1999,365,0.39368991750727284,3799.1140029838625
qm_sin_recentrado,ACCESS-CM2,historical,historico,2000,366,0.3804831833983039,3671.668807524567
qm_sin_recentrado,ACCESS-CM2,historical,historico,2001,365,0.4561019847057397,4401.391450042143
qm_sin_recentrado,ACCESS-CM2,historical,historico,2002,365,0.46690527174406965,4505.643342814619
qm_sin_recentrado,ACCESS-CM2,historical,historico,2003,365,0.46579396408811924,4494.919206153775
qm_sin_recentrado,ACCESS-CM2,historical,historico,2004,366,0.44530279586832694,4297.179104974089
qm_sin_recentrado,ACCESS-CM2,historical,historico,2005,365,0.45902406022485887,4429.58952555485
qm_sin_recentrado,ACCESS-CM2,historical,historico,2006,365,0.42438884653921166,4095.3591593249366
qm_sin_recentrado,ACCESS-CM2,historical,historico,2007,365,0.458472910450316,4424.270921412117
qm_sin_recentrado,ACCESS-CM2,historical,historico,2008,366,0.480959956518733,4641.271275765078
qm_sin_recentrado,ACCESS-CM2,historical,historico,2009,365,0.5158362350125042,4977.827921250425
qm_sin_recentrado,ACCESS-CM2,historical,historico,2010,365,0.4339078503463616,4187.217698367995
qm_sin_recentrado,ACCESS-CM2,historical,historico,2011,365,0.4804498455680136,4636.348696928861
qm_sin_recentrado,ACCESS-CM2,historical,historico,2012,366,0.41195261084350704,3975.349285881616
qm_sin_recentrado,ACCESS-CM2,historical,historico,2013,365,0.4789681979443747,4622.050773654382
qm_sin_recentrado,ACCESS-CM2,historical,historico,2014,365,0.484456653060703,4675.014453342233
qm_sin_recentrado,ACCESS-CM2,ssp126,medio,2040,366,0.4059863136196019,3917.774422210176
qm_sin_recentrado,ACCESS-CM2,ssp126,medio,2041,365,0.5052226566323356,4875.406720064543
qm_sin_recentrado,ACCESS-CM2,ssp126,medio,2042,365,0.48175060593408786,4648.901055273642
qm_sin_recentrado,ACCESS-CM2,ssp126,medio,2043,365,0.41461881681350077,4001.078216151351
qm_sin_recentrado,ACCESS-CM2,ssp126,medio,2044,366,0.4412145603247944,4257.727566567231
qm_sin_recentrado,ACCESS-CM2,ssp126,medio,2045,365,0.4858448687599312,4688.410757051236
qm_sin_recentrado,ACCESS-CM2,ssp126,medio,2046,365,0.47788816252122024,4611.628414540374
qm_sin_recentrado,ACCESS-CM2,ssp126,medio,2047,365,0.49761769254602445,4802.018694952216
qm_sin_recentrado,ACCESS-CM2,ssp126,medio,2048,366,0.46960121625256507,4531.6592504567125
qm_sin_recentrado,ACCESS-CM2,ssp126,medio,2049,365,0.3743325529963188,3612.3151257353243
qm_sin_recentrado,ACCESS-CM2,ssp126,medio,2050,365,0.46728816296273634,4509.338249201012
qm_sin_recentrado,ACCESS-CM2,ssp126,medio,2051,365,0.3867324445203318,3731.9742773403136
qm_sin_recentrado,ACCESS-CM2,ssp126,medio,2052,366,0.42930050572117756,4142.756749017454
qm_sin_recentrado,ACCESS-CM2,ssp126,medio,2053,365,0.4174002233398185,4027.918833632822
qm_sin_recentrado,ACCESS-CM2,ssp126,medio,2054,365,0.34156971749343357,3296.1532389271138
qm_sin_recentrado,ACCESS-CM2,ssp126,medio,2055,365,0.4882063029844959,4711.198635101234
qm_sin_recentrado,ACCESS-CM2,ssp126,medio,2056,366,0.40768800482766815,3934.195769595075
qm_sin_recentrado,ACCESS-CM2,ssp126,medio,2057,365,0.4720798639833717,4555.57824071736
qm_sin_recentrado,ACCESS-CM2,ssp126,medio,2058,365,0.4349918741479934,4197.678545398123
qm_sin_recentrado,ACCESS-CM2,ssp126,medio,2059,365,0.46464699594361314,4483.8509452078015
qm_sin_recentrado,ACCESS-CM2,ssp126,medio,2060,366,0.4601271213121411,4440.234082696103
qm_sin_recentrado,ACCESS-CM2,ssp126,medio,2061,365,0.43227500184909506,4171.460684243796
qm_sin_recentrado,ACCESS-CM2,ssp126,medio,2062,365,0.45686624740290266,4408.7665972979685
qm_sin_recentrado,ACCESS-CM2,ssp126,medio,2063,365,0.44409621426819873,4285.535573227546
qm_sin_recentrado,ACCESS-CM2,ssp126,medio,2064,366,0.4495133791430191,4337.8113009442
qm_sin_recentrado,ACCESS-CM2,ssp126,medio,2065,365,0.44814223009894544,4324.579690730505
qm_sin_recentrado,ACCESS-CM2,ssp126,medio,2066,365,0.47385469261380875,4572.705365398337
qm_sin_recentrado,ACCESS-CM2,ssp126,medio,2067,365,0.4111136488026988,3967.2532887644243
qm_sin_recentrado,ACCESS-CM2,ssp126,medio,2068,366,0.47131374664867415,4548.185196179652
qm_sin_recentrado,ACCESS-CM2,ssp126,medio,2069,365,0.46966994361310593,4532.32247058557
qm_sin_recentrado,ACCESS-CM2,ssp126,lejano,2070,365,0.44580234136845537,4301.999727043056
qm_sin_recentrado,ACCESS-CM2,ssp126,lejano,2071,365,0.43097628650745146,4158.92806041749
qm_sin_recentrado,ACCESS-CM2,ssp126,lejano,2072,366,0.4934819424406613,4762.10864026346
qm_sin_recentrado,ACCESS-CM2,ssp126,lejano,2073,365,0.47221363505013736,4556.869133651986
qm_sin_recentrado,ACCESS-CM2,ssp126,lejano,2074,365,0.36752460399813097,3546.6183089756278
qm_sin_recentrado,ACCESS-CM2,ssp126,lejano,2075,365,0.4786401770744556,4618.885367011329
qm_sin_recentrado,ACCESS-CM2,ssp126,lejano,2076,366,0.46300100464211924,4467.967102812525
qm_sin_recentrado,ACCESS-CM2,ssp126,lejano,2077,365,0.43585779542905284,4206.0346996150865
qm_sin_recentrado,ACCESS-CM2,ssp126,lejano,2078,365,0.4945097938922177,4772.027423216604
qm_sin_recentrado,ACCESS-CM2,ssp126,lejano,2079,365,0.4507895712688763,4350.126575377796
qm_sin_recentrado,ACCESS-CM2,ssp126,lejano,2080,366,0.44475862329197374,4291.927830905519
qm_sin_recentrado,ACCESS-CM2,ssp126,lejano,2081,365,0.46647060110652055,4501.44876420754
qm_sin_recentrado,ACCESS-CM2,ssp126,lejano,2082,365,0.42471004449076816,4098.458724696624
qm_sin_recentrado,ACCESS-CM2,ssp126,lejano,2083,365,0.4639909436792056,4477.520030359433
qm_sin_recentrado,ACCESS-CM2,ssp126,lejano,2084,366,0.44115490860703627,4257.151926536437
qm_sin_recentrado,ACCESS-CM2,ssp126,lejano,2085,365,0.4965006268944822,4791.238993541783
qm_sin_recentrado,ACCESS-CM2,ssp126,lejano,2086,365,0.46772496405946845,4513.553386773295
qm_sin_recentrado,ACCESS-CM2,ssp126,lejano,2087,365,0.4376079297414335,4222.923523731709
qm_sin_recentrado,ACCESS-CM2,ssp126,lejano,2088,366,0.44669744394388927,4310.637481217634
qm_sin_recentrado,ACCESS-CM2,ssp126,lejano,2089,365,0.5030637526238129,4854.573261839836
qm_sin_recentrado,ACCESS-CM2,ssp126,lejano,2090,365,0.4731836702743569,4566.229989086269
qm_sin_recentrado,ACCESS-CM2,ssp126,lejano,2091,365,0.4781949761436508,4614.589170905849
qm_sin_recentrado,ACCESS-CM2,ssp126,lejano,2092,366,0.4120384211100093,3976.1773563263278
qm_sin_recentrado,ACCESS-CM2,ssp126,lejano,2093,365,0.4635756566762832,4473.51250413664
qm_sin_recentrado,ACCESS-CM2,ssp126,lejano,2094,365,0.42691869426531104,4119.77223035936
qm_sin_recentrado,ACCESS-CM2,ssp126,lejano,2095,365,0.495744748194952,4783.944751997257
qm_sin_recentrado,ACCESS-CM2,ssp126,lejano,2096,366,0.41789101726264416,4032.6550028407923
qm_sin_recentrado,ACCESS-CM2,ssp126,lejano,2097,365,0.4525797641121715,4367.40196495868
qm_sin_recentrado,ACCESS-CM2,ssp126,lejano,2098,365,0.4798287232530134,4630.354856651151
qm_sin_recentrado,ACCESS-CM2,ssp126,lejano,2099,365,0.5089187734403078,4911.074306399345
qm_sin_recentrado,ACCESS-CM2,ssp245,medio,2040,366,0.4238766910888827,4090.416851034775
qm_sin_recentrado,ACCESS-CM2,ssp245,medio,2041,365,0.4764127630007446,4597.390785561393
qm_sin_recentrado,ACCESS-CM2,ssp245,medio,2042,365,0.47200315365356804,4554.83798480739
qm_sin_recentrado,ACCESS-CM2,ssp245,medio,2043,365,0.39425235989791974,3804.541581052684
qm_sin_recentrado,ACCESS-CM2,ssp245,medio,2044,366,0.4778127352490825,4610.90054015741
qm_sin_recentrado,ACCESS-CM2,ssp245,medio,2045,365,0.43563255519004557,4203.861127704822
qm_sin_recentrado,ACCESS-CM2,ssp245,medio,2046,365,0.41134028653443566,3969.440346501888
qm_sin_recentrado,ACCESS-CM2,ssp245,medio,2047,365,0.4386368157069424,4232.852289761045
qm_sin_recentrado,ACCESS-CM2,ssp245,medio,2048,366,0.4759017699715731,4592.459694654
qm_sin_recentrado,ACCESS-CM2,ssp245,medio,2049,365,0.5009357984368811,4834.038469888676
qm_sin_recentrado,ACCESS-CM2,ssp245,medio,2050,365,0.487248192484327,4701.952853444835
qm_sin_recentrado,ACCESS-CM2,ssp245,medio,2051,365,0.46817713617022677,4517.916854876867
qm_sin_recentrado,ACCESS-CM2,ssp245,medio,2052,366,0.4528385144958331,4369.898910301022
qm_sin_recentrado,ACCESS-CM2,ssp245,medio,2053,365,0.4379847492828511,4226.559838335501
qm_sin_recentrado,ACCESS-CM2,ssp245,medio,2054,365,0.47533003450572575,4586.942438260806
qm_sin_recentrado,ACCESS-CM2,ssp245,medio,2055,365,0.46491279032927874,4486.415865282184
qm_sin_recentrado,ACCESS-CM2,ssp245,medio,2056,366,0.44889406859690156,4331.834944265197
qm_sin_recentrado,ACCESS-CM2,ssp245,medio,2057,365,0.5013929831418001,4838.450309606102
qm_sin_recentrado,ACCESS-CM2,ssp245,medio,2058,365,0.47574834330108356,4590.979124828948
qm_sin_recentrado,ACCESS-CM2,ssp245,medio,2059,365,0.46470511319143604,4484.411777579169
qm_sin_recentrado,ACCESS-CM2,ssp245,medio,2060,366,0.4894321838262543,4723.028404838295
qm_sin_recentrado,ACCESS-CM2,ssp245,medio,2061,365,0.4708243084065989,4543.462109312613
qm_sin_recentrado,ACCESS-CM2,ssp245,medio,2062,365,0.4317943562795417,4166.822446807278
qm_sin_recentrado,ACCESS-CM2,ssp245,medio,2063,365,0.46550290807991346,4492.110511017693
qm_sin_recentrado,ACCESS-CM2,ssp245,medio,2064,366,0.4524768521921501,4366.408863283884
qm_sin_recentrado,ACCESS-CM2,ssp245,medio,2065,365,0.44173841000521785,4262.782724364912
qm_sin_recentrado,ACCESS-CM2,ssp245,medio,2066,365,0.474683872102657,4580.706960732593
qm_sin_recentrado,ACCESS-CM2,ssp245,medio,2067,365,0.48033095282821275,4635.2013800874975
qm_sin_recentrado,ACCESS-CM2,ssp245,medio,2068,366,0.46610420568561806,4497.913042533505
qm_sin_recentrado,ACCESS-CM2,ssp245,medio,2069,365,0.3983059890499208,3843.659167227561
qm_sin_recentrado,ACCESS-CM2,ssp245,lejano,2070,365,0.4307234472978856,4156.488157999753
qm_sin_recentrado,ACCESS-CM2,ssp245,lejano,2071,365,0.45147620614421374,4356.752612910961
qm_sin_recentrado,ACCESS-CM2,ssp245,lejano,2072,366,0.4437999129817725,4282.676261072712
qm_sin_recentrado,ACCESS-CM2,ssp245,lejano,2073,365,0.3926605910358322,3789.1809860652365
qm_sin_recentrado,ACCESS-CM2,ssp245,lejano,2074,365,0.4713858143062339,4548.880650228186
qm_sin_recentrado,ACCESS-CM2,ssp245,lejano,2075,365,0.3784902178980575,3652.436658559741
qm_sin_recentrado,ACCESS-CM2,ssp245,lejano,2076,366,0.4575109263545243,4414.987759495981
qm_sin_recentrado,ACCESS-CM2,ssp245,lejano,2077,365,0.4416452154469013,4261.883395386044
qm_sin_recentrado,ACCESS-CM2,ssp245,lejano,2078,365,0.47889270105768933,4621.322227489919
qm_sin_recentrado,ACCESS-CM2,ssp245,lejano,2079,365,0.44870093245803755,4329.971177434982
qm_sin_recentrado,ACCESS-CM2,ssp245,lejano,2080,366,0.4855000529646693,4685.0832791099065
qm_sin_recentrado,ACCESS-CM2,ssp245,lejano,2081,365,0.44474848277786866,4291.829974782157
qm_sin_recentrado,ACCESS-CM2,ssp245,lejano,2082,365,0.48119632193669376,4643.552205830245
qm_sin_recentrado,ACCESS-CM2,ssp245,lejano,2083,365,0.4005469505897901,3865.284481942684
qm_sin_recentrado,ACCESS-CM2,ssp245,lejano,2084,366,0.45771386991511864,4416.946168102813
qm_sin_recentrado,ACCESS-CM2,ssp245,lejano,2085,365,0.4213552215602956,4066.084629740397
qm_sin_recentrado,ACCESS-CM2,ssp245,lejano,2086,365,0.43058533213926187,4155.155344509191
qm_sin_recentrado,ACCESS-CM2,ssp245,lejano,2087,365,0.4288642289977726,4138.54667165617
qm_sin_recentrado,ACCESS-CM2,ssp245,lejano,2088,366,0.4566995226407381,4407.157700675485
qm_sin_recentrado,ACCESS-CM2,ssp245,lejano,2089,365,0.3890423257417756,3754.264668085346
qm_sin_recentrado,ACCESS-CM2,ssp245,lejano,2090,365,0.45062079054726845,4348.497838713789
qm_sin_recentrado,ACCESS-CM2,ssp245,lejano,2091,365,0.46411796920446025,4478.745828710548
qm_sin_recentrado,ACCESS-CM2,ssp245,lejano,2092,366,0.4627148749751542,4465.205946948237
qm_sin_recentrado,ACCESS-CM2,ssp245,lejano,2093,365,0.44976767327881034,4340.265243423292
qm_sin_recentrado,ACCESS-CM2,ssp245,lejano,2094,365,0.4388555606861882,4234.9631823106865
qm_sin_recentrado,ACCESS-CM2,ssp245,lejano,2095,365,0.4691314236230277,4527.125744064995
qm_sin_recentrado,ACCESS-CM2,ssp245,lejano,2096,366,0.4031817645803195,3890.7104791083157
qm_sin_recentrado,ACCESS-CM2,ssp245,lejano,2097,365,0.48175248042588936,4648.919144149519
qm_sin_recentrado,ACCESS-CM2,ssp245,lejano,2098,365,0.46935942620093796,4529.325972589871
qm_sin_recentrado,ACCESS-CM2,ssp245,lejano,2099,365,0.36336727635718696,3506.500030723276
qm_sin_recentrado,ACCESS-CM2,ssp585,medio,2040,366,0.4839304390271361,4669.936479498888
qm_sin_recentrado,ACCESS-CM2,ssp585,medio,2041,365,0.4909619208325399,4737.790391424744
qm_sin_recentrado,ACCESS-CM2,ssp585,medio,2042,365,0.5306515993115265,5120.79642378182
qm_sin_recentrado,ACCESS-CM2,ssp585,medio,2043,365,0.5292940831830534,5107.696371421796
qm_sin_recentrado,ACCESS-CM2,ssp585,medio,2044,366,0.43525474826902694,4200.215284872082
qm_sin_recentrado,ACCESS-CM2,ssp585,medio,2045,365,0.5220800692742456,5038.081021777577
qm_sin_recentrado,ACCESS-CM2,ssp585,medio,2046,365,0.461154622887105,4450.149489334529
qm_sin_recentrado,ACCESS-CM2,ssp585,medio,2047,365,0.5263187366578835,5078.984229848363
qm_sin_recentrado,ACCESS-CM2,ssp585,medio,2048,366,0.46266731386693327,4464.746981492927
qm_sin_recentrado,ACCESS-CM2,ssp585,medio,2049,365,0.5213180067241474,5030.72710597613
qm_sin_recentrado,ACCESS-CM2,ssp585,medio,2050,365,0.488474279500776,4713.78461277096
qm_sin_recentrado,ACCESS-CM2,ssp585,medio,2051,365,0.538175491994352,5193.402108553369
qm_sin_recentrado,ACCESS-CM2,ssp585,medio,2052,366,0.507789462756446,4900.176440231107
qm_sin_recentrado,ACCESS-CM2,ssp585,medio,2053,365,0.47938876169420114,4626.109220569228
qm_sin_recentrado,ACCESS-CM2,ssp585,medio,2054,365,0.5077192635622881,4899.499016884297
qm_sin_recentrado,ACCESS-CM2,ssp585,medio,2055,365,0.5145976825712288,4965.875870375279
qm_sin_recentrado,ACCESS-CM2,ssp585,medio,2056,366,0.528718235181324,5102.139428991539
qm_sin_recentrado,ACCESS-CM2,ssp585,medio,2057,365,0.5385338624582943,5196.860389264338
qm_sin_recentrado,ACCESS-CM2,ssp585,medio,2058,365,0.5306695236888535,5120.9693943098155
qm_sin_recentrado,ACCESS-CM2,ssp585,medio,2059,365,0.5079011844661852,4901.254556517638
qm_sin_recentrado,ACCESS-CM2,ssp585,medio,2060,366,0.5273540626399736,5088.975142140747
qm_sin_recentrado,ACCESS-CM2,ssp585,medio,2061,365,0.4980903119305547,4806.579479574843
qm_sin_recentrado,ACCESS-CM2,ssp585,medio,2062,365,0.5113101980472599,4934.151592119226
qm_sin_recentrado,ACCESS-CM2,ssp585,medio,2063,365,0.5132672400782005,4953.037079030475
qm_sin_recentrado,ACCESS-CM2,ssp585,medio,2064,366,0.40726530962348584,3930.1167541115924
qm_sin_recentrado,ACCESS-CM2,ssp585,medio,2065,365,0.5481083042897212,5289.253906128679
qm_sin_recentrado,ACCESS-CM2,ssp585,medio,2066,365,0.5060106549601827,4883.010916536242
qm_sin_recentrado,ACCESS-CM2,ssp585,medio,2067,365,0.4981920701338935,4807.561447865193
qm_sin_recentrado,ACCESS-CM2,ssp585,medio,2068,366,0.5468193867018541,5276.815830783079
qm_sin_recentrado,ACCESS-CM2,ssp585,medio,2069,365,0.5109798414812959,4930.9636459719695
qm_sin_recentrado,ACCESS-CM2,ssp585,lejano,2070,365,0.4947789497144386,4774.624781207527
qm_sin_recentrado,ACCESS-CM2,ssp585,lejano,2071,365,0.4881635442763423,4710.786012883412
qm_sin_recentrado,ACCESS-CM2,ssp585,lejano,2072,366,0.5401158170091493,5212.126275991363
qm_sin_recentrado,ACCESS-CM2,ssp585,lejano,2073,365,0.5159045290602593,4978.486959903967
qm_sin_recentrado,ACCESS-CM2,ssp585,lejano,2074,365,0.5161537072574073,4980.891533493295
qm_sin_recentrado,ACCESS-CM2,ssp585,lejano,2075,365,0.5442784083518707,5252.295349050085
qm_sin_recentrado,ACCESS-CM2,ssp585,lejano,2076,366,0.4891578919761078,4720.381484095711
qm_sin_recentrado,ACCESS-CM2,ssp585,lejano,2077,365,0.5180736892244072,4999.419390194556
qm_sin_recentrado,ACCESS-CM2,ssp585,lejano,2078,365,0.4833333433926659,4664.1744970727195
qm_sin_recentrado,ACCESS-CM2,ssp585,lejano,2079,365,0.5420378740866729,5230.674157542378
qm_sin_recentrado,ACCESS-CM2,ssp585,lejano,2080,366,0.5077345876613877,4899.646894685794
qm_sin_recentrado,ACCESS-CM2,ssp585,lejano,2081,365,0.5470909619764696,5279.436536528322
qm_sin_recentrado,ACCESS-CM2,ssp585,lejano,2082,365,0.5344463459558849,5157.415789615824
qm_sin_recentrado,ACCESS-CM2,ssp585,lejano,2083,365,0.546036042868087,5269.256550253725
qm_sin_recentrado,ACCESS-CM2,ssp585,lejano,2084,366,0.5229397785759371,5046.37723029425
qm_sin_recentrado,ACCESS-CM2,ssp585,lejano,2085,365,0.5473257662609304,5281.7024016302385
qm_sin_recentrado,ACCESS-CM2,ssp585,lejano,2086,365,0.5518816193300061,5325.666456640468
qm_sin_recentrado,ACCESS-CM2,ssp585,lejano,2087,365,0.526460010870156,5080.347528257179
qm_sin_recentrado,ACCESS-CM2,ssp585,lejano,2088,366,0.5350965395084285,5163.690167800966
qm_sin_recentrado,ACCESS-CM2,ssp585,lejano,2089,365,0.5511827679175935,5318.922529329063
qm_sin_recentrado,ACCESS-CM2,ssp585,lejano,2090,365,0.5485373751438837,5293.394446736479
qm_sin_recentrado,ACCESS-CM2,ssp585,lejano,2091,365,0.5417462454335321,5227.859936373511
qm_sin_recentrado,ACCESS-CM2,ssp585,lejano,2092,366,0.5350944756176673,5163.670251222099
qm_sin_recentrado,ACCESS-CM2,ssp585,lejano,2093,365,0.5535567119015083,5341.831126756945
qm_sin_recentrado,ACCESS-CM2,ssp585,lejano,2094,365,0.5225367743965708,5042.488233515298
qm_sin_recentrado,ACCESS-CM2,ssp585,lejano,2095,365,0.5267092753914139,5082.75293487555
qm_sin_recentrado,ACCESS-CM2,ssp585,lejano,2096,366,0.49232179771527834,4750.9132251012
qm_sin_recentrado,ACCESS-CM2,ssp585,lejano,2097,365,0.5406649513932754,5217.425431584329
qm_sin_recentrado,ACCESS-CM2,ssp585,lejano,2098,365,0.533993795971556,5153.048675026251
qm_sin_recentrado,ACCESS-CM2,ssp585,lejano,2099,365,0.49607702924059716,4787.15126940423
qm_sin_recentrado,CanESM5,historical,historico,1981,365,0.4589592872040991,4428.9644648681515
qm_sin_recentrado,CanESM5,historical,historico,1982,365,0.4559203953647284,4399.639109995955
qm_sin_recentrado,CanESM5,historical,historico,1983,365,0.40090681257069716,3868.7571558162285
qm_sin_recentrado,CanESM5,historical,historico,1984,365,0.4586980091872404,4426.443127825017
qm_sin_recentrado,CanESM5,historical,historico,1985,365,0.41896746518303224,4043.042742495704
qm_sin_recentrado,CanESM5,historical,historico,1986,365,0.45713706417364725,4411.3799834687225
qm_sin_recentrado,CanESM5,historical,historico,1987,365,0.36015666445137645,3475.5175744624134
qm_sin_recentrado,CanESM5,historical,historico,1988,365,0.374106696575094,3610.1356076568018
qm_sin_recentrado,CanESM5,historical,historico,1989,365,0.46897101324679474,4525.5777813677805
qm_sin_recentrado,CanESM5,historical,historico,1990,365,0.4355078214739695,4202.657445348949
qm_sin_recentrado,CanESM5,historical,historico,1991,365,0.4772107030160882,4605.090919476499
qm_sin_recentrado,CanESM5,historical,historico,1992,365,0.4174014108244654,4027.930292878664
qm_sin_recentrado,CanESM5,historical,historico,1993,365,0.494779917194959,4774.634117410029
qm_sin_recentrado,CanESM5,historical,historico,1994,365,0.46476577113338774,4484.997127689529
qm_sin_recentrado,CanESM5,historical,historico,1995,365,0.46874840264283196,4523.42958547777
qm_sin_recentrado,CanESM5,historical,historico,1996,365,0.4520438953505169,4362.230822834814
qm_sin_recentrado,CanESM5,historical,historico,1997,365,0.4463128482666831,4306.926126779063
qm_sin_recentrado,CanESM5,historical,historico,1998,365,0.40971257636985764,3953.732917370348
qm_sin_recentrado,CanESM5,historical,historico,1999,365,0.4618725839103722,4457.077824696435
qm_sin_recentrado,CanESM5,historical,historico,2000,365,0.5088568373703465,4910.476622333242
qm_sin_recentrado,CanESM5,historical,historico,2001,365,0.41151080478860463,3971.085850382911
qm_sin_recentrado,CanESM5,historical,historico,2002,365,0.48004604854897676,4632.452049234403
qm_sin_recentrado,CanESM5,historical,historico,2003,365,0.4544900753420607,4385.836498892091
qm_sin_recentrado,CanESM5,historical,historico,2004,365,0.44907849410232364,4333.614653343328
qm_sin_recentrado,CanESM5,historical,historico,2005,365,0.4637633959200502,4475.324190842819
qm_sin_recentrado,CanESM5,historical,historico,2006,365,0.46011719959446795,4440.138337961809
qm_sin_recentrado,CanESM5,historical,historico,2007,365,0.4736625772658165,4570.851449216366
qm_sin_recentrado,CanESM5,historical,historico,2008,365,0.4766731210853465,4599.90324524353
qm_sin_recentrado,CanESM5,historical,historico,2009,365,0.4945490468751056,4772.406215129519
qm_sin_recentrado,CanESM5,historical,historico,2010,365,0.4975443884520065,4801.311309272078
qm_sin_recentrado,CanESM5,historical,historico,2011,365,0.4807335733758548,4639.0866748141725
qm_sin_recentrado,CanESM5,historical,historico,2012,365,0.4930973140354258,4758.396969998883
qm_sin_recentrado,CanESM5,historical,historico,2013,365,0.4822346903091578,4653.5724772384165
qm_sin_recentrado,CanESM5,historical,historico,2014,365,0.4148775538809244,4003.5750329917823
qm_sin_recentrado,CanESM5,ssp126,medio,2040,365,0.49746167938208774,4800.513165424017
qm_sin_recentrado,CanESM5,ssp126,medio,2041,365,0.47296345868160367,4564.104943692814
qm_sin_recentrado,CanESM5,ssp126,medio,2042,365,0.49409017489287543,4767.978093159046
qm_sin_recentrado,CanESM5,ssp126,medio,2043,365,0.48507210842224263,4680.953607428377
qm_sin_recentrado,CanESM5,ssp126,medio,2044,365,0.5404908105948054,5215.74497009284
qm_sin_recentrado,CanESM5,ssp126,medio,2045,365,0.5053914122053462,4877.0352140441855
qm_sin_recentrado,CanESM5,ssp126,medio,2046,365,0.5273202324099061,5088.648679879312
qm_sin_recentrado,CanESM5,ssp126,medio,2047,365,0.4477263558244996,4320.566497328114
qm_sin_recentrado,CanESM5,ssp126,medio,2048,365,0.4973046624937373,4798.997949939165
qm_sin_recentrado,CanESM5,ssp126,medio,2049,365,0.5061447239148308,4884.304684093699
qm_sin_recentrado,CanESM5,ssp126,medio,2050,365,0.4708691147152255,4543.894490907761
qm_sin_recentrado,CanESM5,ssp126,medio,2051,365,0.4962134308369308,4788.467546991275
qm_sin_recentrado,CanESM5,ssp126,medio,2052,365,0.5177348778621091,4996.149855127398
qm_sin_recentrado,CanESM5,ssp126,medio,2053,365,0.5138502961581346,4958.6635795307375
qm_sin_recentrado,CanESM5,ssp126,medio,2054,365,0.5217583729886308,5034.9766474742555
qm_sin_recentrado,CanESM5,ssp126,medio,2055,365,0.4736098591214806,4570.342718280033
qm_sin_recentrado,CanESM5,ssp126,medio,2056,365,0.5190554142199166,5008.893052108822
qm_sin_recentrado,CanESM5,ssp126,medio,2057,365,0.5034602456396086,4858.399425786152
qm_sin_recentrado,CanESM5,ssp126,medio,2058,365,0.4382201933192311,4228.831877053673
qm_sin_recentrado,CanESM5,ssp126,medio,2059,365,0.47486332906197065,4582.438723261281
qm_sin_recentrado,CanESM5,ssp126,medio,2060,365,0.4271601768168924,4122.102540845841
qm_sin_recentrado,CanESM5,ssp126,medio,2061,365,0.44097318109012645,4255.398253090617
qm_sin_recentrado,CanESM5,ssp126,medio,2062,365,0.4851080547342564,4681.30048991445
qm_sin_recentrado,CanESM5,ssp126,medio,2063,365,0.4622248513470169,4460.477211096334
qm_sin_recentrado,CanESM5,ssp126,medio,2064,365,0.49689050871794477,4795.001359376306
qm_sin_recentrado,CanESM5,ssp126,medio,2065,365,0.4850569759092493,4680.80757843587
qm_sin_recentrado,CanESM5,ssp126,medio,2066,365,0.5155447425136189,4975.015013972303
qm_sin_recentrado,CanESM5,ssp126,medio,2067,365,0.4682185370744983,4518.3163742655015
qm_sin_recentrado,CanESM5,ssp126,medio,2068,365,0.4630103486853673,4468.057272979373
qm_sin_recentrado,CanESM5,ssp126,medio,2069,365,0.48635748156691516,4693.357478840436
qm_sin_recentrado,CanESM5,ssp126,lejano,2070,365,0.435820743183408,4205.677144851778
qm_sin_recentrado,CanESM5,ssp126,lejano,2071,365,0.4674286208225377,4510.693669795422
qm_sin_recentrado,CanESM5,ssp126,lejano,2072,365,0.5061046239531992,4883.917718822356
qm_sin_recentrado,CanESM5,ssp126,lejano,2073,365,0.4637004012254719,4474.716291032223
qm_sin_recentrado,CanESM5,ssp126,lejano,2074,365,0.46597808986041694,4496.696022802461
qm_sin_recentrado,CanESM5,ssp126,lejano,2075,365,0.4565930398330163,4406.130139877244
qm_sin_recentrado,CanESM5,ssp126,lejano,2076,365,0.5064104130505017,4886.86858850395
qm_sin_recentrado,CanESM5,ssp126,lejano,2077,365,0.5111216863060479,4932.332450800343
qm_sin_recentrado,CanESM5,ssp126,lejano,2078,365,0.5028903619476643,4852.900039040752
qm_sin_recentrado,CanESM5,ssp126,lejano,2079,365,0.5118670897124201,4939.525605598289
qm_sin_recentrado,CanESM5,ssp126,lejano,2080,365,0.4862053949963991,4691.88984100157
qm_sin_recentrado,CanESM5,ssp126,lejano,2081,365,0.44716492084375115,4315.1486407809325
qm_sin_recentrado,CanESM5,ssp126,lejano,2082,365,0.4530764957544538,4372.19543325441
qm_sin_recentrado,CanESM5,ssp126,lejano,2083,365,0.5186006845996438,5004.5049039975165
qm_sin_recentrado,CanESM5,ssp126,lejano,2084,365,0.49798789952523376,4805.591198224897
qm_sin_recentrado,CanESM5,ssp126,lejano,2085,365,0.5177823031195333,4996.607509620346
qm_sin_recentrado,CanESM5,ssp126,lejano,2086,365,0.5100944276922286,4922.419388740848
qm_sin_recentrado,CanESM5,ssp126,lejano,2087,365,0.3871844015113739,3736.3356695351818
qm_sin_recentrado,CanESM5,ssp126,lejano,2088,365,0.4496460359027167,4339.09144079779
qm_sin_recentrado,CanESM5,ssp126,lejano,2089,365,0.500258999280996,4827.5073472056
qm_sin_recentrado,CanESM5,ssp126,lejano,2090,365,0.48263042811401774,4657.39135338712
qm_sin_recentrado,CanESM5,ssp126,lejano,2091,365,0.4217533812938521,4069.926877539773
qm_sin_recentrado,CanESM5,ssp126,lejano,2092,365,0.5034387420851005,4858.191916141092
qm_sin_recentrado,CanESM5,ssp126,lejano,2093,365,0.4566548285654625,4406.72640213397
qm_sin_recentrado,CanESM5,ssp126,lejano,2094,365,0.46014314364648046,4440.388698478835
qm_sin_recentrado,CanESM5,ssp126,lejano,2095,365,0.4958068104840349,4784.543654079905
qm_sin_recentrado,CanESM5,ssp126,lejano,2096,365,0.4642043593925337,4479.579495407701
qm_sin_recentrado,CanESM5,ssp126,lejano,2097,365,0.46143762307523134,4452.880445677951
qm_sin_recentrado,CanESM5,ssp126,lejano,2098,365,0.4960434036146859,4786.8267815761765
qm_sin_recentrado,CanESM5,ssp126,lejano,2099,365,0.44598772402257114,4303.788672621396
qm_sin_recentrado,CanESM5,ssp245,medio,2040,365,0.48188406389803856,4650.188926761094
qm_sin_recentrado,CanESM5,ssp245,medio,2041,365,0.4782401801286559,4615.025390084411
qm_sin_recentrado,CanESM5,ssp245,medio,2042,365,0.48961721964538635,4724.814003453492
qm_sin_recentrado,CanESM5,ssp245,medio,2043,365,0.4766385068196021,4599.56921702527
qm_sin_recentrado,CanESM5,ssp245,medio,2044,365,0.5114663625375088,4935.65858194876
qm_sin_recentrado,CanESM5,ssp245,medio,2045,365,0.49555775899216664,4782.140303198552
qm_sin_recentrado,CanESM5,ssp245,medio,2046,365,0.38250700504448937,3691.1987187914024
qm_sin_recentrado,CanESM5,ssp245,medio,2047,365,0.49878054007431505,4813.240192205782
qm_sin_recentrado,CanESM5,ssp245,medio,2048,365,0.40918579897642926,3948.6495070953256
qm_sin_recentrado,CanESM5,ssp245,medio,2049,365,0.42849374128845846,4134.971459333485
qm_sin_recentrado,CanESM5,ssp245,medio,2050,365,0.4986303271271297,4811.790634862035
qm_sin_recentrado,CanESM5,ssp245,medio,2051,365,0.4475686809885504,4319.044932638407
qm_sin_recentrado,CanESM5,ssp245,medio,2052,365,0.435882136672652,4206.269593005278
qm_sin_recentrado,CanESM5,ssp245,medio,2053,365,0.4734302066337793,4568.609068899276
qm_sin_recentrado,CanESM5,ssp245,medio,2054,365,0.4258159702453627,4109.130925923274
qm_sin_recentrado,CanESM5,ssp245,medio,2055,365,0.518069917469264,4999.382992697077
qm_sin_recentrado,CanESM5,ssp245,medio,2056,365,0.4586071961798089,4425.566780850294
qm_sin_recentrado,CanESM5,ssp245,medio,2057,365,0.47884092201732165,4620.8225589219055
qm_sin_recentrado,CanESM5,ssp245,medio,2058,365,0.5025109280482833,4849.238495840782
qm_sin_recentrado,CanESM5,ssp245,medio,2059,365,0.5073487375197078,4895.923434644979
qm_sin_recentrado,CanESM5,ssp245,medio,2060,365,0.46819685671187383,4518.10715841929
qm_sin_recentrado,CanESM5,ssp245,medio,2061,365,0.47044518440209576,4539.803556603174
qm_sin_recentrado,CanESM5,ssp245,medio,2062,365,0.46313168173817176,4469.228138880265
qm_sin_recentrado,CanESM5,ssp245,medio,2063,365,0.5085625186842232,4907.636442303053
qm_sin_recentrado,CanESM5,ssp245,medio,2064,365,0.4456517959198871,4300.546961055645
qm_sin_recentrado,CanESM5,ssp245,medio,2065,365,0.4821463999144023,4652.7204735163805
qm_sin_recentrado,CanESM5,ssp245,medio,2066,365,0.4172202857902897,4026.1824334008675
qm_sin_recentrado,CanESM5,ssp245,medio,2067,365,0.4890496875620767,4719.337309769041
qm_sin_recentrado,CanESM5,ssp245,medio,2068,365,0.4870127790937586,4699.681110459235
qm_sin_recentrado,CanESM5,ssp245,medio,2069,365,0.4765302024755869,4598.524078372654
qm_sin_recentrado,CanESM5,ssp245,lejano,2070,365,0.48547161319463245,4684.808834874014
qm_sin_recentrado,CanESM5,ssp245,lejano,2071,365,0.43031851036138996,4152.580510083579
qm_sin_recentrado,CanESM5,ssp245,lejano,2072,365,0.5091601744910448,4913.403830401374
qm_sin_recentrado,CanESM5,ssp245,lejano,2073,365,0.49397935637828905,4766.9086927201915
qm_sin_recentrado,CanESM5,ssp245,lejano,2074,365,0.5041617432738534,4865.168889180578
qm_sin_recentrado,CanESM5,ssp245,lejano,2075,365,0.4212285829121283,4064.8625647593644
qm_sin_recentrado,CanESM5,ssp245,lejano,2076,365,0.47635270764373644,4596.811250405379
qm_sin_recentrado,CanESM5,ssp245,lejano,2077,365,0.45082313082711617,4350.450425651764
qm_sin_recentrado,CanESM5,ssp245,lejano,2078,365,0.44278336569031473,4272.866563445387
qm_sin_recentrado,CanESM5,ssp245,lejano,2079,365,0.49994337053566024,4824.46152476305
qm_sin_recentrado,CanESM5,ssp245,lejano,2080,365,0.4831582056415876,4662.4844149726105
qm_sin_recentrado,CanESM5,ssp245,lejano,2081,365,0.4125222835819552,3980.8466369224047
qm_sin_recentrado,CanESM5,ssp245,lejano,2082,365,0.45932219084042203,4432.466490765126
qm_sin_recentrado,CanESM5,ssp245,lejano,2083,365,0.45279598191588655,4369.488470224015
qm_sin_recentrado,CanESM5,ssp245,lejano,2084,365,0.47278587354934587,4562.391244325165
qm_sin_recentrado,CanESM5,ssp245,lejano,2085,365,0.5212392078324692,5029.966695410653
qm_sin_recentrado,CanESM5,ssp245,lejano,2086,365,0.45029706737459746,4345.373904917943
qm_sin_recentrado,CanESM5,ssp245,lejano,2087,365,0.4936166196497492,4763.4082774859935
qm_sin_recentrado,CanESM5,ssp245,lejano,2088,365,0.4661619570426529,4498.470344052913
qm_sin_recentrado,CanESM5,ssp245,lejano,2089,365,0.4766460263722091,4599.6417808282395
qm_sin_recentrado,CanESM5,ssp245,lejano,2090,365,0.44372481045873235,4281.951520523734
qm_sin_recentrado,CanESM5,ssp245,lejano,2091,365,0.45575610168281,4398.0536733367435
qm_sin_recentrado,CanESM5,ssp245,lejano,2092,365,0.4678151050950417,4514.423249208834
qm_sin_recentrado,CanESM5,ssp245,lejano,2093,365,0.44779596796005167,4321.238255549986
qm_sin_recentrado,CanESM5,ssp245,lejano,2094,365,0.5167130335426635,4986.28904109524
qm_sin_recentrado,CanESM5,ssp245,lejano,2095,365,0.44144979722559624,4259.997606423759
qm_sin_recentrado,CanESM5,ssp245,lejano,2096,365,0.40381947363724513,3896.8643817109933
qm_sin_recentrado,CanESM5,ssp245,lejano,2097,365,0.4949276846956476,4776.0600761559535
qm_sin_recentrado,CanESM5,ssp245,lejano,2098,365,0.48104586936285576,4642.1003360854675
qm_sin_recentrado,CanESM5,ssp245,lejano,2099,365,0.4949580191877832,4776.352804490414
qm_sin_recentrado,CanESM5,ssp585,medio,2040,365,0.46117986544226874,4450.39308039574
qm_sin_recentrado,CanESM5,ssp585,medio,2041,365,0.44306617751410343,4275.595702069938
qm_sin_recentrado,CanESM5,ssp585,medio,2042,365,0.47781109219431644,4610.8846846526285
qm_sin_recentrado,CanESM5,ssp585,medio,2043,365,0.5047224207969297,4870.579436249104
qm_sin_recentrado,CanESM5,ssp585,medio,2044,365,0.40958545111428685,3952.5061566200857
qm_sin_recentrado,CanESM5,ssp585,medio,2045,365,0.44632307069846056,4307.024773409275
qm_sin_recentrado,CanESM5,ssp585,medio,2046,365,0.5121530061063065,4942.2847033739545
qm_sin_recentrado,CanESM5,ssp585,medio,2047,365,0.4778647474365447,4611.402458598614
qm_sin_recentrado,CanESM5,ssp585,medio,2048,365,0.4707723169725324,4542.96039114201
qm_sin_recentrado,CanESM5,ssp585,medio,2049,365,0.48362718290755696,4667.01005309285
qm_sin_recentrado,CanESM5,ssp585,medio,2050,365,0.42826311166191366,4132.745879747254
qm_sin_recentrado,CanESM5,ssp585,medio,2051,365,0.45462826254302224,4387.170007592365
qm_sin_recentrado,CanESM5,ssp585,medio,2052,365,0.4808665892198208,4640.3702798366985
qm_sin_recentrado,CanESM5,ssp585,medio,2053,365,0.46704621389356343,4507.003436812309
qm_sin_recentrado,CanESM5,ssp585,medio,2054,365,0.49005856772013684,4729.073019436403
qm_sin_recentrado,CanESM5,ssp585,medio,2055,365,0.490075375941556,4729.23521904203
qm_sin_recentrado,CanESM5,ssp585,medio,2056,365,0.4643499959577745,4480.984890592458
qm_sin_recentrado,CanESM5,ssp585,medio,2057,365,0.4363004147669777,4210.305983307971
qm_sin_recentrado,CanESM5,ssp585,medio,2058,365,0.5008424325254363,4833.13748734938
qm_sin_recentrado,CanESM5,ssp585,medio,2059,365,0.5158555167475122,4978.01399030176
qm_sin_recentrado,CanESM5,ssp585,medio,2060,365,0.47882100194862953,4620.630329940306
qm_sin_recentrado,CanESM5,ssp585,medio,2061,365,0.4565595729399591,4405.807183823772
qm_sin_recentrado,CanESM5,ssp585,medio,2062,365,0.3976981489668061,3837.793500700062
qm_sin_recentrado,CanESM5,ssp585,medio,2063,365,0.47862520261563807,4618.740863244149
qm_sin_recentrado,CanESM5,ssp585,medio,2064,365,0.4943555866079707,4770.539320456302
qm_sin_recentrado,CanESM5,ssp585,medio,2065,365,0.514277966870166,4962.790608744572
qm_sin_recentrado,CanESM5,ssp585,medio,2066,365,0.4922132339958954,4749.865583472134
qm_sin_recentrado,CanESM5,ssp585,medio,2067,365,0.46899249914789887,4525.78512065721
qm_sin_recentrado,CanESM5,ssp585,medio,2068,365,0.4908785674423263,4736.9860298755275
qm_sin_recentrado,CanESM5,ssp585,medio,2069,365,0.5227224004193188,5044.279527604834
qm_sin_recentrado,CanESM5,ssp585,lejano,2070,365,0.49886887464800794,4814.092622255272
qm_sin_recentrado,CanESM5,ssp585,lejano,2071,365,0.42069259891742966,4059.690310634778
qm_sin_recentrado,CanESM5,ssp585,lejano,2072,365,0.4714707201397753,4549.699992880353
qm_sin_recentrado,CanESM5,ssp585,lejano,2073,365,0.49465265380713785,4773.406023681341
qm_sin_recentrado,CanESM5,ssp585,lejano,2074,365,0.5084210505718381,4906.271272755045
qm_sin_recentrado,CanESM5,ssp585,lejano,2075,365,0.5025692146586357,4849.8009625632685
qm_sin_recentrado,CanESM5,ssp585,lejano,2076,365,0.5235222711645473,5051.99829309422
qm_sin_recentrado,CanESM5,ssp585,lejano,2077,365,0.5213281677262125,5030.8251598086335
qm_sin_recentrado,CanESM5,ssp585,lejano,2078,365,0.4580370290973865,4420.064659382246
qm_sin_recentrado,CanESM5,ssp585,lejano,2079,365,0.4641225606198264,4478.790135942294
qm_sin_recentrado,CanESM5,ssp585,lejano,2080,365,0.5226354280133971,5043.44024249613
qm_sin_recentrado,CanESM5,ssp585,lejano,2081,365,0.5221324418190402,5038.586417672806
qm_sin_recentrado,CanESM5,ssp585,lejano,2082,365,0.5218902438597637,5036.249203490622
qm_sin_recentrado,CanESM5,ssp585,lejano,2083,365,0.5161705358631089,4981.053929807574
qm_sin_recentrado,CanESM5,ssp585,lejano,2084,365,0.5127764018296196,4948.300482078258
qm_sin_recentrado,CanESM5,ssp585,lejano,2085,365,0.4714104613542532,4549.118494635924
qm_sin_recentrado,CanESM5,ssp585,lejano,2086,365,0.4989683922125655,4815.0529683455325
qm_sin_recentrado,CanESM5,ssp585,lejano,2087,365,0.5234085242947744,5050.90063398096
qm_sin_recentrado,CanESM5,ssp585,lejano,2088,365,0.5124279805873209,4944.938211515336
qm_sin_recentrado,CanESM5,ssp585,lejano,2089,365,0.49351185015256804,4762.397250161884
qm_sin_recentrado,CanESM5,ssp585,lejano,2090,365,0.4951017676737043,4777.739979679529
qm_sin_recentrado,CanESM5,ssp585,lejano,2091,365,0.5061828607028283,4884.672704708063
qm_sin_recentrado,CanESM5,ssp585,lejano,2092,365,0.4599940118521739,4438.949574277667
qm_sin_recentrado,CanESM5,ssp585,lejano,2093,365,0.5100847851469432,4922.326338024564
qm_sin_recentrado,CanESM5,ssp585,lejano,2094,365,0.5050978108791507,4874.201956548777
qm_sin_recentrado,CanESM5,ssp585,lejano,2095,365,0.5167580140019455,4986.723103246999
qm_sin_recentrado,CanESM5,ssp585,lejano,2096,365,0.5055616887107389,4878.6783850456495
qm_sin_recentrado,CanESM5,ssp585,lejano,2097,365,0.499718214824214,4822.288768545101
qm_sin_recentrado,CanESM5,ssp585,lejano,2098,365,0.47855196967764246,4618.034164220764
qm_sin_recentrado,CanESM5,ssp585,lejano,2099,365,0.5092073516085699,4913.859090340325
qm_sin_recentrado,CESM2,historical,historico,1981,365,0.460545390022006,4444.270382438598
qm_sin_recentrado,CESM2,historical,historico,1982,365,0.47279871383408073,4562.515153278299
qm_sin_recentrado,CESM2,historical,historico,1983,365,0.37057329883210965,3576.0382629026394
qm_sin_recentrado,CESM2,historical,historico,1984,365,0.4501502066363108,4343.9566964437045
qm_sin_recentrado,CESM2,historical,historico,1985,365,0.4432041896066509,4276.927520971214
qm_sin_recentrado,CESM2,historical,historico,1986,365,0.5057918971304032,4880.899899978744
qm_sin_recentrado,CESM2,historical,historico,1987,365,0.4569187864113655,4409.27359957026
qm_sin_recentrado,CESM2,historical,historico,1988,365,0.4356523824211179,4204.052460801906
qm_sin_recentrado,CESM2,historical,historico,1989,365,0.44959131496639887,4338.563382886788
qm_sin_recentrado,CESM2,historical,historico,1990,365,0.4803861167721476,4635.7337130290925
qm_sin_recentrado,CESM2,historical,historico,1991,365,0.3968007544102048,3829.133628870547
qm_sin_recentrado,CESM2,historical,historico,1992,365,0.4277298120223411,4127.599529692584
qm_sin_recentrado,CESM2,historical,historico,1993,365,0.4852910494553541,4683.0663919009585
qm_sin_recentrado,CESM2,historical,historico,1994,365,0.4484822645615823,4327.861028735501
qm_sin_recentrado,CESM2,historical,historico,1995,365,0.46259457685742894,4464.045068187418
qm_sin_recentrado,CESM2,historical,historico,1996,365,0.46917940120474066,4527.588728496167
qm_sin_recentrado,CESM2,historical,historico,1997,365,0.44500465482760304,4294.302039160847
qm_sin_recentrado,CESM2,historical,historico,1998,365,0.4567705314391838,4407.842936716626
qm_sin_recentrado,CESM2,historical,historico,1999,365,0.456133512208164,4401.695690944977
qm_sin_recentrado,CESM2,historical,historico,2000,365,0.46697572923684666,4506.323258747238
qm_sin_recentrado,CESM2,historical,historico,2001,365,0.47174991790470006,4552.394255779041
qm_sin_recentrado,CESM2,historical,historico,2002,365,0.4989866668008445,4815.229318414818
qm_sin_recentrado,CESM2,historical,historico,2003,365,0.45667824550588476,4406.952375983716
qm_sin_recentrado,CESM2,historical,historico,2004,365,0.4355960983565957,4203.509318678722
qm_sin_recentrado,CESM2,historical,historico,2005,365,0.4541236218685508,4382.300217009465
qm_sin_recentrado,CESM2,historical,historico,2006,365,0.49567464012543544,4783.268208004693
qm_sin_recentrado,CESM2,historical,historico,2007,365,0.33843329035831415,3265.886666890377
qm_sin_recentrado,CESM2,historical,historico,2008,365,0.38117321348942357,3678.3276089443525
qm_sin_recentrado,CESM2,historical,historico,2009,365,0.47870456607787976,4619.506721924597
qm_sin_recentrado,CESM2,historical,historico,2010,365,0.44832663478777035,4326.35919892814
qm_sin_recentrado,CESM2,historical,historico,2011,365,0.4547406316437885,4388.254371212664
qm_sin_recentrado,CESM2,historical,historico,2012,365,0.4772256962359792,4605.235604288339
qm_sin_recentrado,CESM2,historical,historico,2013,365,0.3916812087347216,3779.729931189403
qm_sin_recentrado,CESM2,historical,historico,2014,365,0.432446101258099,4173.1117962782755
qm_sin_recentrado,CESM2,ssp126,medio,2040,365,0.45549745536270886,4395.557732209426
qm_sin_recentrado,CESM2,ssp126,medio,2041,365,0.36057358625110375,3479.540876500531
qm_sin_recentrado,CESM2,ssp126,medio,2042,365,0.38623622469063973,3727.185748044268
qm_sin_recentrado,CESM2,ssp126,medio,2043,365,0.43411789501807574,4189.244632810751
qm_sin_recentrado,CESM2,ssp126,medio,2044,365,0.41996496324295185,4052.668614733897
qm_sin_recentrado,CESM2,ssp126,medio,2045,365,0.39675955196947305,3828.736024658246
qm_sin_recentrado,CESM2,ssp126,medio,2046,365,0.4175281826177056,4029.1536427117803
qm_sin_recentrado,CESM2,ssp126,medio,2047,365,0.39353665089236356,3797.6349776977227
qm_sin_recentrado,CESM2,ssp126,medio,2048,365,0.45058150862824725,4348.118767566723
qm_sin_recentrado,CESM2,ssp126,medio,2049,365,0.4342568496264201,4190.585547004548
qm_sin_recentrado,CESM2,ssp126,medio,2050,365,0.42989107490583006,4148.455751098458
qm_sin_recentrado,CESM2,ssp126,medio,2051,365,0.4327272021039618,4175.824423938465
qm_sin_recentrado,CESM2,ssp126,medio,2052,365,0.45969270992240785,4436.042005834594
qm_sin_recentrado,CESM2,ssp126,medio,2053,365,0.46475529416197203,4484.896024747737
qm_sin_recentrado,CESM2,ssp126,medio,2054,365,0.2873015515066162,2772.4645688636697
qm_sin_recentrado,CESM2,ssp126,medio,2055,365,0.4032625937466457,3891.4904818566306
qm_sin_recentrado,CESM2,ssp126,medio,2056,365,0.45929965742338,4432.249042930135
qm_sin_recentrado,CESM2,ssp126,medio,2057,365,0.3815665229750749,3682.1230517738395
qm_sin_recentrado,CESM2,ssp126,medio,2058,365,0.40908394047272795,3947.666570904872
qm_sin_recentrado,CESM2,ssp126,medio,2059,365,0.45968531056983325,4435.97060196386
qm_sin_recentrado,CESM2,ssp126,medio,2060,365,0.4302642814149693,4152.057199882956
qm_sin_recentrado,CESM2,ssp126,medio,2061,365,0.47108118887030714,4545.941009897485
qm_sin_recentrado,CESM2,ssp126,medio,2062,365,0.4328067277278969,4176.591847481849
qm_sin_recentrado,CESM2,ssp126,medio,2063,365,0.4703886963869986,4539.258446353678
qm_sin_recentrado,CESM2,ssp126,medio,2064,365,0.36838706603697263,3554.9410814498424
qm_sin_recentrado,CESM2,ssp126,medio,2065,365,0.46243261421034976,4462.482126051702
qm_sin_recentrado,CESM2,ssp126,medio,2066,365,0.43732218256896527,4220.166058945435
qm_sin_recentrado,CESM2,ssp126,medio,2067,365,0.4456557633422485,4300.585246744911
qm_sin_recentrado,CESM2,ssp126,medio,2068,365,0.41856155950047724,4039.125746164557
qm_sin_recentrado,CESM2,ssp126,medio,2069,365,0.469913177227619,4534.669678857358
qm_sin_recentrado,CESM2,ssp126,lejano,2070,365,0.39174338253690094,3780.3299093752144
qm_sin_recentrado,CESM2,ssp126,lejano,2071,365,0.42619676787762567,4112.805629167373
qm_sin_recentrado,CESM2,ssp126,lejano,2072,365,0.4644081215237082,4481.545803233727
qm_sin_recentrado,CESM2,ssp126,lejano,2073,365,0.40832478662658944,3940.3407241431737
qm_sin_recentrado,CESM2,ssp126,lejano,2074,365,0.44999143708980543,4342.424567779615
qm_sin_recentrado,CESM2,ssp126,lejano,2075,365,0.43525282671200877,4200.196741816112
qm_sin_recentrado,CESM2,ssp126,lejano,2076,365,0.39111224922379273,3774.2394628055868
qm_sin_recentrado,CESM2,ssp126,lejano,2077,365,0.4506122147744512,4348.41508236889
qm_sin_recentrado,CESM2,ssp126,lejano,2078,365,0.4819207811516508,4650.543248845929
qm_sin_recentrado,CESM2,ssp126,lejano,2079,365,0.4154004601297819,4008.621086659757
qm_sin_recentrado,CESM2,ssp126,lejano,2080,365,0.44626234520564834,4306.438771432029
qm_sin_recentrado,CESM2,ssp126,lejano,2081,365,0.4139058156620112,3994.197743631458
qm_sin_recentrado,CESM2,ssp126,lejano,2082,365,0.4043414609280956,3901.901567419497
qm_sin_recentrado,CESM2,ssp126,lejano,2083,365,0.4609267356601587,4447.950373948302
qm_sin_recentrado,CESM2,ssp126,lejano,2084,365,0.4168664842623108,4022.768242995047
qm_sin_recentrado,CESM2,ssp126,lejano,2085,365,0.46266572646534126,4464.7316630421665
qm_sin_recentrado,CESM2,ssp126,lejano,2086,365,0.3917240369104463,3780.143223770397
qm_sin_recentrado,CESM2,ssp126,lejano,2087,365,0.4648498339649893,4485.80833535949
qm_sin_recentrado,CESM2,ssp126,lejano,2088,365,0.4146335318858223,4001.2202168346953
qm_sin_recentrado,CESM2,ssp126,lejano,2089,365,0.4411064071578375,4256.683886775646
qm_sin_recentrado,CESM2,ssp126,lejano,2090,365,0.41044033509425415,3960.755800704914
qm_sin_recentrado,CESM2,ssp126,lejano,2091,365,0.4282282496966623,4132.409461224785
qm_sin_recentrado,CESM2,ssp126,lejano,2092,365,0.473126229851191,4565.67568808367
qm_sin_recentrado,CESM2,ssp126,lejano,2093,365,0.42668345053422063,4117.502124590437
qm_sin_recentrado,CESM2,ssp126,lejano,2094,365,0.4461640229395232,4305.489959990765
qm_sin_recentrado,CESM2,ssp126,lejano,2095,365,0.4032914448172638,3891.7688951497125
qm_sin_recentrado,CESM2,ssp126,lejano,2096,365,0.48060234792229045,4637.820347087669
qm_sin_recentrado,CESM2,ssp126,lejano,2097,365,0.4057962462265212,3915.940268825869
qm_sin_recentrado,CESM2,ssp126,lejano,2098,365,0.41539527736069926,4008.5710728551853
qm_sin_recentrado,CESM2,ssp126,lejano,2099,365,0.42689957450723137,4119.587724387974
qm_sin_recentrado,CESM2,ssp245,medio,2040,365,0.37737446771703076,3641.6696514608298
qm_sin_recentrado,CESM2,ssp245,medio,2041,365,0.47026415446883574,4538.056614850735
qm_sin_recentrado,CESM2,ssp245,medio,2042,365,0.5003879696375253,4828.751913209633
qm_sin_recentrado,CESM2,ssp245,medio,2043,365,0.45059063860520393,4348.206871990435
qm_sin_recentrado,CESM2,ssp245,medio,2044,365,0.4524333794794054,4365.989350910333
qm_sin_recentrado,CESM2,ssp245,medio,2045,365,0.465387869760995,4491.000389399517
qm_sin_recentrado,CESM2,ssp245,medio,2046,365,0.46814810671825885,4517.636720200906
qm_sin_recentrado,CESM2,ssp245,medio,2047,365,0.47336401656833194,4567.9703337086685
qm_sin_recentrado,CESM2,ssp245,medio,2048,365,0.4084772629955559,3941.8121235433223
qm_sin_recentrado,CESM2,ssp245,medio,2049,365,0.47314095144031676,4565.817751654279
qm_sin_recentrado,CESM2,ssp245,medio,2050,365,0.4569459842757692,4409.536059396921
qm_sin_recentrado,CESM2,ssp245,medio,2051,365,0.47933707898595945,4625.610481607772
qm_sin_recentrado,CESM2,ssp245,medio,2052,365,0.452319666949671,4364.892023178995
qm_sin_recentrado,CESM2,ssp245,medio,2053,365,0.4626925648123557,4464.990653520269
qm_sin_recentrado,CESM2,ssp245,medio,2054,365,0.49727302595590356,4798.6926568428835
qm_sin_recentrado,CESM2,ssp245,medio,2055,365,0.47729203632487405,4605.875787207616
qm_sin_recentrado,CESM2,ssp245,medio,2056,365,0.45042911435378524,4346.648160379857
qm_sin_recentrado,CESM2,ssp245,medio,2057,365,0.46380207880060675,4475.697481259116
qm_sin_recentrado,CESM2,ssp245,medio,2058,365,0.4507483766628721,4349.729046770743
qm_sin_recentrado,CESM2,ssp245,medio,2059,365,0.5086857611580361,4908.825734147226
qm_sin_recentrado,CESM2,ssp245,medio,2060,365,0.4916381317330703,4744.315837434235
qm_sin_recentrado,CESM2,ssp245,medio,2061,365,0.485606337334704,4686.10892498129
qm_sin_recentrado,CESM2,ssp245,medio,2062,365,0.4447647070933637,4291.986539686272
qm_sin_recentrado,CESM2,ssp245,medio,2063,365,0.5043845931411427,4867.319393965517
qm_sin_recentrado,CESM2,ssp245,medio,2064,365,0.4875492063079501,4704.8576416590195
qm_sin_recentrado,CESM2,ssp245,medio,2065,365,0.44750516543710817,4318.432006550741
qm_sin_recentrado,CESM2,ssp245,medio,2066,365,0.49968781226254755,4821.99538333858
qm_sin_recentrado,CESM2,ssp245,medio,2067,365,0.47710387655006453,4604.060042370147
qm_sin_recentrado,CESM2,ssp245,medio,2068,365,0.3892732918988715,3756.49349519678
qm_sin_recentrado,CESM2,ssp245,medio,2069,365,0.5104456304410528,4925.808500886246
qm_sin_recentrado,CESM2,ssp245,lejano,2070,365,0.4481149748659709,4324.316677296217
qm_sin_recentrado,CESM2,ssp245,lejano,2071,365,0.4863007680571273,4692.810192563567
qm_sin_recentrado,CESM2,ssp245,lejano,2072,365,0.4829833077681682,4660.796647695747
qm_sin_recentrado,CESM2,ssp245,lejano,2073,365,0.4728647989228349,4563.152875442139
qm_sin_recentrado,CESM2,ssp245,lejano,2074,365,0.47454998518888375,4579.414949872491
qm_sin_recentrado,CESM2,ssp245,lejano,2075,365,0.40656700102466903,3923.378064960072
qm_sin_recentrado,CESM2,ssp245,lejano,2076,365,0.4626523378075858,4464.602462280608
qm_sin_recentrado,CESM2,ssp245,lejano,2077,365,0.46073507696944505,4446.100864516376
qm_sin_recentrado,CESM2,ssp245,lejano,2078,365,0.47222462615174776,4556.975197958384
qm_sin_recentrado,CESM2,ssp245,lejano,2079,365,0.5105623273301603,4926.934627733283
qm_sin_recentrado,CESM2,ssp245,lejano,2080,365,0.4748858775689129,4582.65631671405
qm_sin_recentrado,CESM2,ssp245,lejano,2081,365,0.42820490130342626,4132.184148856484
qm_sin_recentrado,CESM2,ssp245,lejano,2082,365,0.4549676454223375,4390.445057807883
qm_sin_recentrado,CESM2,ssp245,lejano,2083,365,0.40466527931609053,3905.0264200447427
qm_sin_recentrado,CESM2,ssp245,lejano,2084,365,0.4985228942118658,4810.753905510812
qm_sin_recentrado,CESM2,ssp245,lejano,2085,365,0.4681552017204644,4517.7051870857085
qm_sin_recentrado,CESM2,ssp245,lejano,2086,365,0.47874542051438107,4619.900967890506
qm_sin_recentrado,CESM2,ssp245,lejano,2087,365,0.42149992125037844,4067.4809840648913
qm_sin_recentrado,CESM2,ssp245,lejano,2088,365,0.46484134658621623,4485.726432018531
qm_sin_recentrado,CESM2,ssp245,lejano,2089,365,0.48475598680143833,4677.903028729668
qm_sin_recentrado,CESM2,ssp245,lejano,2090,365,0.4532616120357894,4373.98180833116
qm_sin_recentrado,CESM2,ssp245,lejano,2091,365,0.4741453043115866,4575.509772931679
qm_sin_recentrado,CESM2,ssp245,lejano,2092,365,0.4644516908755508,4481.96624817612
qm_sin_recentrado,CESM2,ssp245,lejano,2093,365,0.4351420729450759,4199.1279661931485
qm_sin_recentrado,CESM2,ssp245,lejano,2094,365,0.4687898146450571,4523.8292119618345
qm_sin_recentrado,CESM2,ssp245,lejano,2095,365,0.46152791137847626,4453.751729248877
qm_sin_recentrado,CESM2,ssp245,lejano,2096,365,0.47312992066697734,4565.711304515062
qm_sin_recentrado,CESM2,ssp245,lejano,2097,365,0.44937368997378185,4336.463298226035
qm_sin_recentrado,CESM2,ssp245,lejano,2098,365,0.48402436220586254,4670.842839676368
qm_sin_recentrado,CESM2,ssp245,lejano,2099,365,0.4782561358195885,4615.1793627572015
qm_sin_recentrado,CESM2,ssp585,medio,2040,365,0.4382980296081368,4229.582998486993
qm_sin_recentrado,CESM2,ssp585,medio,2041,365,0.47807367697387887,4613.418631976763
qm_sin_recentrado,CESM2,ssp585,medio,2042,365,0.5149311766030749,4969.094093118498
qm_sin_recentrado,CESM2,ssp585,medio,2043,365,0.43293501063420625,4177.82977958026
qm_sin_recentrado,CESM2,ssp585,medio,2044,365,0.38962356128765024,3759.8736004028056
qm_sin_recentrado,CESM2,ssp585,medio,2045,365,0.4611364595650763,4449.974212986339
qm_sin_recentrado,CESM2,ssp585,medio,2046,365,0.4973132940249235,4799.081244353216
qm_sin_recentrado,CESM2,ssp585,medio,2047,365,0.47785844602331196,4611.341649860096
qm_sin_recentrado,CESM2,ssp585,medio,2048,365,0.4990034175563454,4815.390963473414
qm_sin_recentrado,CESM2,ssp585,medio,2049,365,0.5046248817929581,4869.638183300153
qm_sin_recentrado,CESM2,ssp585,medio,2050,365,0.4111131419993905,3967.2483981043897
qm_sin_recentrado,CESM2,ssp585,medio,2051,365,0.49175467107365095,4745.4404439354685
qm_sin_recentrado,CESM2,ssp585,medio,2052,365,0.4616838816174701,4455.256844550691
qm_sin_recentrado,CESM2,ssp585,medio,2053,365,0.43741548529834157,4221.066431776761
qm_sin_recentrado,CESM2,ssp585,medio,2054,365,0.4737274058451342,4571.477046044039
qm_sin_recentrado,CESM2,ssp585,medio,2055,365,0.48069801153723335,4638.743502502486
qm_sin_recentrado,CESM2,ssp585,medio,2056,365,0.46748271698844923,4511.2156986620075
qm_sin_recentrado,CESM2,ssp585,medio,2057,365,0.49585595325391396,4785.017882595522
qm_sin_recentrado,CESM2,ssp585,medio,2058,365,0.43420860777946846,4190.120012409595
qm_sin_recentrado,CESM2,ssp585,medio,2059,365,0.47994021230205397,4631.430727758217
qm_sin_recentrado,CESM2,ssp585,medio,2060,365,0.4764908114285501,4598.143954138491
qm_sin_recentrado,CESM2,ssp585,medio,2061,365,0.47023935382982174,4537.8172882874405
qm_sin_recentrado,CESM2,ssp585,medio,2062,365,0.5161304480563507,4980.667081830952
qm_sin_recentrado,CESM2,ssp585,medio,2063,365,0.4714033547948821,4549.049916224288
qm_sin_recentrado,CESM2,ssp585,medio,2064,365,0.47580404199822707,4591.516618147563
qm_sin_recentrado,CESM2,ssp585,medio,2065,365,0.5009321812550153,4834.003564025797
qm_sin_recentrado,CESM2,ssp585,medio,2066,365,0.41806601466216403,4034.3437305461175
qm_sin_recentrado,CESM2,ssp585,medio,2067,365,0.4672913438496919,4509.368944811027
qm_sin_recentrado,CESM2,ssp585,medio,2068,365,0.4716278802100714,4551.216590073272
qm_sin_recentrado,CESM2,ssp585,medio,2069,365,0.5131063595055176,4951.484578929996
qm_sin_recentrado,CESM2,ssp585,lejano,2070,365,0.5093027957189503,4914.780127532602
qm_sin_recentrado,CESM2,ssp585,lejano,2071,365,0.45779258106910553,4417.705731998165
qm_sin_recentrado,CESM2,ssp585,lejano,2072,365,0.5103983515824271,4925.352259144046
qm_sin_recentrado,CESM2,ssp585,lejano,2073,365,0.4895322736896933,4723.99427362192
qm_sin_recentrado,CESM2,ssp585,lejano,2074,365,0.4813978128875337,4645.496596729706
qm_sin_recentrado,CESM2,ssp585,lejano,2075,365,0.46116474071298297,4450.247126516137
qm_sin_recentrado,CESM2,ssp585,lejano,2076,365,0.4711229383267168,4546.34389281983
qm_sin_recentrado,CESM2,ssp585,lejano,2077,365,0.4897061371017118,4725.672058329712
qm_sin_recentrado,CESM2,ssp585,lejano,2078,365,0.39865293508505983,3847.007202017788
qm_sin_recentrado,CESM2,ssp585,lejano,2079,365,0.49200384361955507,4747.844962990204
qm_sin_recentrado,CESM2,ssp585,lejano,2080,365,0.5116921169934904,4937.837116061053
qm_sin_recentrado,CESM2,ssp585,lejano,2081,365,0.4234406359561679,4086.2089120271953
qm_sin_recentrado,CESM2,ssp585,lejano,2082,365,0.49718871132901654,4797.87901934439
qm_sin_recentrado,CESM2,ssp585,lejano,2083,365,0.4415351654330356,4260.821410991441
qm_sin_recentrado,CESM2,ssp585,lejano,2084,365,0.486372285087059,4693.500333046681
qm_sin_recentrado,CESM2,ssp585,lejano,2085,365,0.4862428868599749,4692.251638084948
qm_sin_recentrado,CESM2,ssp585,lejano,2086,365,0.4622277334355167,4460.50502329647
qm_sin_recentrado,CESM2,ssp585,lejano,2087,365,0.4146899079551365,4001.764246805594
qm_sin_recentrado,CESM2,ssp585,lejano,2088,365,0.49538628735282764,4780.485599135384
qm_sin_recentrado,CESM2,ssp585,lejano,2089,365,0.4659144871254932,4496.082255392804
qm_sin_recentrado,CESM2,ssp585,lejano,2090,365,0.484157150319123,4672.124247093941
qm_sin_recentrado,CESM2,ssp585,lejano,2091,365,0.4755718085755796,4589.275561903281
qm_sin_recentrado,CESM2,ssp585,lejano,2092,365,0.470615783014979,4541.449835947075
qm_sin_recentrado,CESM2,ssp585,lejano,2093,365,0.4921645495900469,4749.395778176746
qm_sin_recentrado,CESM2,ssp585,lejano,2094,365,0.498797676658874,4813.40556052096
qm_sin_recentrado,CESM2,ssp585,lejano,2095,365,0.5067463683879672,4890.110562885777
qm_sin_recentrado,CESM2,ssp585,lejano,2096,365,0.48768447967454065,4706.163031810991
qm_sin_recentrado,CESM2,ssp585,lejano,2097,365,0.45121994187677067,4354.279658629906
qm_sin_recentrado,CESM2,ssp585,lejano,2098,365,0.5125036363852148,4945.668291175505
qm_sin_recentrado,CESM2,ssp585,lejano,2099,365,0.4971807992574965,4797.802667727628
qm_sin_recentrado,CESM2-WACCM,historical,historico,1981,365,0.47279791766942575,4562.507470276641
qm_sin_recentrado,CESM2-WACCM,historical,historico,1982,365,0.4114879789156113,3970.865580343311
qm_sin_recentrado,CESM2-WACCM,historical,historico,1983,365,0.4470770961124782,4314.301130718952
qm_sin_recentrado,CESM2-WACCM,historical,historico,1984,365,0.439308726838242,4239.336242928665
qm_sin_recentrado,CESM2-WACCM,historical,historico,1985,365,0.443151601953032,4276.420049272389
qm_sin_recentrado,CESM2-WACCM,historical,historico,1986,365,0.40108252934708527,3870.452825519842
qm_sin_recentrado,CESM2-WACCM,historical,historico,1987,365,0.4787491450533287,4619.936909750943
qm_sin_recentrado,CESM2-WACCM,historical,historico,1988,365,0.4800212636397913,4632.212874464204
qm_sin_recentrado,CESM2-WACCM,historical,historico,1989,365,0.4113770009119456,3969.7946408322896
qm_sin_recentrado,CESM2-WACCM,historical,historico,1990,365,0.46542373305376844,4491.346470748594
qm_sin_recentrado,CESM2-WACCM,historical,historico,1991,365,0.4972986101715108,4798.939544932842
qm_sin_recentrado,CESM2-WACCM,historical,historico,1992,365,0.4890670341044686,4719.504704180667
qm_sin_recentrado,CESM2-WACCM,historical,historico,1993,365,0.41863597267951275,4039.84383453286
qm_sin_recentrado,CESM2-WACCM,historical,historico,1994,365,0.42587647577186066,4109.714805222067
qm_sin_recentrado,CESM2-WACCM,historical,historico,1995,365,0.45261932804284016,4367.783757522656
qm_sin_recentrado,CESM2-WACCM,historical,historico,1996,365,0.4807615040725304,4639.356206483983
qm_sin_recentrado,CESM2-WACCM,historical,historico,1997,365,0.4260708212057804,4111.590241768919
qm_sin_recentrado,CESM2-WACCM,historical,historico,1998,365,0.48315233089415804,4662.427723565919
qm_sin_recentrado,CESM2-WACCM,historical,historico,1999,365,0.4523561213740696,4365.243808957714
qm_sin_recentrado,CESM2-WACCM,historical,historico,2000,365,0.4855556621497218,4685.61990863541
qm_sin_recentrado,CESM2-WACCM,historical,historico,2001,365,0.4990016138595521,4815.373557770499
qm_sin_recentrado,CESM2-WACCM,historical,historico,2002,365,0.39784211695255983,3839.1827940660733
qm_sin_recentrado,CESM2-WACCM,historical,historico,2003,365,0.469284533298936,4528.603254887265
qm_sin_recentrado,CESM2-WACCM,historical,historico,2004,365,0.4626821020312077,4464.889687514787
qm_sin_recentrado,CESM2-WACCM,historical,historico,2005,365,0.43326602201293096,4181.024044681136
qm_sin_recentrado,CESM2-WACCM,historical,historico,2006,365,0.441757533330606,4262.96726476088
qm_sin_recentrado,CESM2-WACCM,historical,historico,2007,365,0.47480013558904577,4581.82890523646
qm_sin_recentrado,CESM2-WACCM,historical,historico,2008,365,0.3826623117574789,3692.6974310566593
qm_sin_recentrado,CESM2-WACCM,historical,historico,2009,365,0.4730163621484727,4564.615462994556
qm_sin_recentrado,CESM2-WACCM,historical,historico,2010,365,0.4702730126256196,4538.142096205431
qm_sin_recentrado,CESM2-WACCM,historical,historico,2011,365,0.45513854623990574,4392.094253431829
qm_sin_recentrado,CESM2-WACCM,historical,historico,2012,365,0.43737353701331044,4220.6616301550375
qm_sin_recentrado,CESM2-WACCM,historical,historico,2013,365,0.3811966942342415,3678.554198507538
qm_sin_recentrado,CESM2-WACCM,historical,historico,2014,365,0.47084277041111816,4543.640267951616
qm_sin_recentrado,CESM2-WACCM,ssp126,medio,2040,365,0.4774633282113971,4607.528756653232
qm_sin_recentrado,CESM2-WACCM,ssp126,medio,2041,365,0.3687291746831739,3558.2424353594224
qm_sin_recentrado,CESM2-WACCM,ssp126,medio,2042,365,0.42592229916264696,4110.15700167633
qm_sin_recentrado,CESM2-WACCM,ssp126,medio,2043,365,0.4760930101669563,4594.305165599291
qm_sin_recentrado,CESM2-WACCM,ssp126,medio,2044,365,0.4202053475992026,4054.9883276178666
qm_sin_recentrado,CESM2-WACCM,ssp126,medio,2045,365,0.4362762516246052,4210.072808597466
qm_sin_recentrado,CESM2-WACCM,ssp126,medio,2046,365,0.3954850783926212,3816.4373342500485
qm_sin_recentrado,CESM2-WACCM,ssp126,medio,2047,365,0.4609717649444279,4448.384907261968
qm_sin_recentrado,CESM2-WACCM,ssp126,medio,2048,365,0.4587959748231466,4427.388497778961
qm_sin_recentrado,CESM2-WACCM,ssp126,medio,2049,365,0.4791573676822795,4623.87626465188
qm_sin_recentrado,CESM2-WACCM,ssp126,medio,2050,365,0.4582667142619961,4422.28112489569
qm_sin_recentrado,CESM2-WACCM,ssp126,medio,2051,365,0.48203014394127425,4651.598601515599
qm_sin_recentrado,CESM2-WACCM,ssp126,medio,2052,365,0.42215338578282563,4073.78692725844
qm_sin_recentrado,CESM2-WACCM,ssp126,medio,2053,365,0.4462911915471253,4306.717139088823
qm_sin_recentrado,CESM2-WACCM,ssp126,medio,2054,365,0.47901199689655616,4622.473434243716
qm_sin_recentrado,CESM2-WACCM,ssp126,medio,2055,365,0.4003617485426563,3863.49727922461
qm_sin_recentrado,CESM2-WACCM,ssp126,medio,2056,365,0.43954953319086304,4241.6600280843595
qm_sin_recentrado,CESM2-WACCM,ssp126,medio,2057,365,0.5036989736581033,4860.703154984276
qm_sin_recentrado,CESM2-WACCM,ssp126,medio,2058,365,0.3958885275482245,3820.330625056807
qm_sin_recentrado,CESM2-WACCM,ssp126,medio,2059,365,0.469038396395567,4526.228029831563
qm_sin_recentrado,CESM2-WACCM,ssp126,medio,2060,365,0.46072719137521484,4446.024768405884
qm_sin_recentrado,CESM2-WACCM,ssp126,medio,2061,365,0.42044879436021804,4057.3375927568136
qm_sin_recentrado,CESM2-WACCM,ssp126,medio,2062,365,0.43582093139685096,4205.678961114514
qm_sin_recentrado,CESM2-WACCM,ssp126,medio,2063,365,0.46228646942325863,4461.071826517957
qm_sin_recentrado,CESM2-WACCM,ssp126,medio,2064,365,0.46488950852148053,4486.191195464423
qm_sin_recentrado,CESM2-WACCM,ssp126,medio,2065,365,0.39807871643784964,3841.4659828847116
qm_sin_recentrado,CESM2-WACCM,ssp126,medio,2066,365,0.46957800176671965,4531.435230296873
qm_sin_recentrado,CESM2-WACCM,ssp126,medio,2067,365,0.48072350199882835,4638.989485864725
qm_sin_recentrado,CESM2-WACCM,ssp126,medio,2068,365,0.4831253829136535,4662.167675122882
qm_sin_recentrado,CESM2-WACCM,ssp126,medio,2069,365,0.4572330333491913,4412.306087548229
qm_sin_recentrado,CESM2-WACCM,ssp126,lejano,2070,365,0.4873752069647298,4703.178545212954
qm_sin_recentrado,CESM2-WACCM,ssp126,lejano,2071,365,0.45210704592534234,4362.840226892288
qm_sin_recentrado,CESM2-WACCM,ssp126,lejano,2072,365,0.37114958241926155,3581.599408739192
qm_sin_recentrado,CESM2-WACCM,ssp126,lejano,2073,365,0.4060145170364185,3918.046585633711
qm_sin_recentrado,CESM2-WACCM,ssp126,lejano,2074,365,0.457783545542416,4417.618539021043
qm_sin_recentrado,CESM2-WACCM,ssp126,lejano,2075,365,0.42815785071629014,4131.730109937811
qm_sin_recentrado,CESM2-WACCM,ssp126,lejano,2076,365,0.4617903588969147,4456.284352000969
qm_sin_recentrado,CESM2-WACCM,ssp126,lejano,2077,365,0.3770648566842551,3638.6819000407686
qm_sin_recentrado,CESM2-WACCM,ssp126,lejano,2078,365,0.42902260318060753,4140.0749850545135
qm_sin_recentrado,CESM2-WACCM,ssp126,lejano,2079,365,0.45197212494595723,4361.538237282486
qm_sin_recentrado,CESM2-WACCM,ssp126,lejano,2080,365,0.3550814019390868,3426.5412100146186
qm_sin_recentrado,CESM2-WACCM,ssp126,lejano,2081,365,0.40257175830519254,3884.8239087932407
qm_sin_recentrado,CESM2-WACCM,ssp126,lejano,2082,365,0.43786659400622213,4225.419638025547
qm_sin_recentrado,CESM2-WACCM,ssp126,lejano,2083,365,0.4157284612680078,4011.7863028916554
qm_sin_recentrado,CESM2-WACCM,ssp126,lejano,2084,365,0.44002358962458454,4246.2346802546745
qm_sin_recentrado,CESM2-WACCM,ssp126,lejano,2085,365,0.46817943218691666,4517.93901147466
qm_sin_recentrado,CESM2-WACCM,ssp126,lejano,2086,365,0.4265712376970628,4116.419268916459
qm_sin_recentrado,CESM2-WACCM,ssp126,lejano,2087,365,0.4525654194355827,4367.263538600084
qm_sin_recentrado,CESM2-WACCM,ssp126,lejano,2088,365,0.46053127133111954,4444.134136845644
qm_sin_recentrado,CESM2-WACCM,ssp126,lejano,2089,365,0.411888449391973,3974.730126847729
qm_sin_recentrado,CESM2-WACCM,ssp126,lejano,2090,365,0.45123618358352907,4354.436391359993
qm_sin_recentrado,CESM2-WACCM,ssp126,lejano,2091,365,0.481572477536148,4647.182113383468
qm_sin_recentrado,CESM2-WACCM,ssp126,lejano,2092,365,0.4317475217439947,4166.370492789897
qm_sin_recentrado,CESM2-WACCM,ssp126,lejano,2093,365,0.4515656492227014,4357.615740049457
qm_sin_recentrado,CESM2-WACCM,ssp126,lejano,2094,365,0.35716740116113666,3446.671135883387
qm_sin_recentrado,CESM2-WACCM,ssp126,lejano,2095,365,0.4720180632760875,4554.981862903256
qm_sin_recentrado,CESM2-WACCM,ssp126,lejano,2096,365,0.4446256697328016,4290.644826932251
qm_sin_recentrado,CESM2-WACCM,ssp126,lejano,2097,365,0.39493821703316395,3811.1601133815047
qm_sin_recentrado,CESM2-WACCM,ssp126,lejano,2098,365,0.494299355033962,4769.996684867413
qm_sin_recentrado,CESM2-WACCM,ssp126,lejano,2099,365,0.4781582972514638,4614.235219009381
qm_sin_recentrado,CESM2-WACCM,ssp245,medio,2040,365,0.3889244629637147,3753.1272903912536
qm_sin_recentrado,CESM2-WACCM,ssp245,medio,2041,365,0.4325676101770208,4174.284359290013
qm_sin_recentrado,CESM2-WACCM,ssp245,medio,2042,365,0.509962522254861,4921.146499159764
qm_sin_recentrado,CESM2-WACCM,ssp245,medio,2043,365,0.4792313691634417,4624.59038012912
qm_sin_recentrado,CESM2-WACCM,ssp245,medio,2044,365,0.4771595169202518,4604.5969728327
qm_sin_recentrado,CESM2-WACCM,ssp245,medio,2045,365,0.5145924588970439,4965.825461835816
qm_sin_recentrado,CESM2-WACCM,ssp245,medio,2046,365,0.47181087722181797,4552.982514164578
qm_sin_recentrado,CESM2-WACCM,ssp245,medio,2047,365,0.49945400417456365,4819.739131548606
qm_sin_recentrado,CESM2-WACCM,ssp245,medio,2048,365,0.4682079180612145,4518.213900617408
qm_sin_recentrado,CESM2-WACCM,ssp245,medio,2049,365,0.4704283141059597,4539.640757975536
qm_sin_recentrado,CESM2-WACCM,ssp245,medio,2050,365,0.48638589674900645,4693.63168580226
qm_sin_recentrado,CESM2-WACCM,ssp245,medio,2051,365,0.49631871710435854,4789.483561156533
qm_sin_recentrado,CESM2-WACCM,ssp245,medio,2052,365,0.37483835024060547,3617.1960772354464
qm_sin_recentrado,CESM2-WACCM,ssp245,medio,2053,365,0.428894331509163,4138.837161372727
qm_sin_recentrado,CESM2-WACCM,ssp245,medio,2054,365,0.481089667520816,4642.522989010555
qm_sin_recentrado,CESM2-WACCM,ssp245,medio,2055,365,0.45232084400979866,4364.903381828061
qm_sin_recentrado,CESM2-WACCM,ssp245,medio,2056,365,0.471886056365625,4553.7079941051825
qm_sin_recentrado,CESM2-WACCM,ssp245,medio,2057,365,0.4805470616360851,4637.286833541207
qm_sin_recentrado,CESM2-WACCM,ssp245,medio,2058,365,0.5220039598050247,5037.346564181845
qm_sin_recentrado,CESM2-WACCM,ssp245,medio,2059,365,0.46746429583807414,4511.037934266148
qm_sin_recentrado,CESM2-WACCM,ssp245,medio,2060,365,0.498127144300662,4806.934912535698
qm_sin_recentrado,CESM2-WACCM,ssp245,medio,2061,365,0.4264586899056417,4115.33318092848
qm_sin_recentrado,CESM2-WACCM,ssp245,medio,2062,365,0.4710160981023891,4545.312882945625
qm_sin_recentrado,CESM2-WACCM,ssp245,medio,2063,365,0.5005014307112342,4829.846814386301
qm_sin_recentrado,CESM2-WACCM,ssp245,medio,2064,365,0.47016796625133883,4537.128397012879
qm_sin_recentrado,CESM2-WACCM,ssp245,medio,2065,365,0.4553348812900801,4393.988889807373
qm_sin_recentrado,CESM2-WACCM,ssp245,medio,2066,365,0.4716467178734282,4551.398373826067
qm_sin_recentrado,CESM2-WACCM,ssp245,medio,2067,365,0.5012728057509527,4837.290595861585
qm_sin_recentrado,CESM2-WACCM,ssp245,medio,2068,365,0.3421459156638279,3301.7135604905898
qm_sin_recentrado,CESM2-WACCM,ssp245,medio,2069,365,0.4270346653927775,4120.891353594949
qm_sin_recentrado,CESM2-WACCM,ssp245,lejano,2070,365,0.46143053445746873,4452.812040403124
qm_sin_recentrado,CESM2-WACCM,ssp245,lejano,2071,365,0.3845340539967569,3710.7597736135676
qm_sin_recentrado,CESM2-WACCM,ssp245,lejano,2072,365,0.4734967223389642,4569.250946518562
qm_sin_recentrado,CESM2-WACCM,ssp245,lejano,2073,365,0.47682400453912044,4601.359272986584
qm_sin_recentrado,CESM2-WACCM,ssp245,lejano,2074,365,0.4992981076549407,4818.2347276399
qm_sin_recentrado,CESM2-WACCM,ssp245,lejano,2075,365,0.4228265457638904,4080.282931846274
qm_sin_recentrado,CESM2-WACCM,ssp245,lejano,2076,365,0.4915022056565716,4743.004148621206
qm_sin_recentrado,CESM2-WACCM,ssp245,lejano,2077,365,0.4839332016223582,4669.9631385869825
qm_sin_recentrado,CESM2-WACCM,ssp245,lejano,2078,365,0.5294034647463073,5108.751905257302
qm_sin_recentrado,CESM2-WACCM,ssp245,lejano,2079,365,0.444675344489858,4291.124189132641
qm_sin_recentrado,CESM2-WACCM,ssp245,lejano,2080,365,0.5163776136840155,4983.052234092568
qm_sin_recentrado,CESM2-WACCM,ssp245,lejano,2081,365,0.4703077177378996,4538.477001094215
qm_sin_recentrado,CESM2-WACCM,ssp245,lejano,2082,365,0.5146902678568249,4966.769319862645
qm_sin_recentrado,CESM2-WACCM,ssp245,lejano,2083,365,0.49361908952791916,4763.432111849852
qm_sin_recentrado,CESM2-WACCM,ssp245,lejano,2084,365,0.4246057661118497,4097.452436671607
qm_sin_recentrado,CESM2-WACCM,ssp245,lejano,2085,365,0.5230205302989281,5047.156485713141
qm_sin_recentrado,CESM2-WACCM,ssp245,lejano,2086,365,0.4590739431959261,4430.070897023777
qm_sin_recentrado,CESM2-WACCM,ssp245,lejano,2087,365,0.4939118568683523,4766.2573213693095
qm_sin_recentrado,CESM2-WACCM,ssp245,lejano,2088,365,0.446489279997669,4308.628695805985
qm_sin_recentrado,CESM2-WACCM,ssp245,lejano,2089,365,0.48076286501418025,4639.369339592679
qm_sin_recentrado,CESM2-WACCM,ssp245,lejano,2090,365,0.47420882041784235,4576.122704373305
qm_sin_recentrado,CESM2-WACCM,ssp245,lejano,2091,365,0.49991112622764794,4824.150366674822
qm_sin_recentrado,CESM2-WACCM,ssp245,lejano,2092,365,0.4614645901320352,4453.140678207582
qm_sin_recentrado,CESM2-WACCM,ssp245,lejano,2093,365,0.4775072346476407,4607.952454465487
qm_sin_recentrado,CESM2-WACCM,ssp245,lejano,2094,365,0.4713163408864741,4548.210230615929
qm_sin_recentrado,CESM2-WACCM,ssp245,lejano,2095,365,0.48576076342485874,4687.599139222101
qm_sin_recentrado,CESM2-WACCM,ssp245,lejano,2096,365,0.3868674838872877,3733.277409392068
qm_sin_recentrado,CESM2-WACCM,ssp245,lejano,2097,365,0.4828328484282794,4659.344712658471
qm_sin_recentrado,CESM2-WACCM,ssp245,lejano,2098,365,0.47538547681776083,4587.477457459021
qm_sin_recentrado,CESM2-WACCM,ssp245,lejano,2099,365,0.46189067998068023,4457.252452064444
qm_sin_recentrado,CESM2-WACCM,ssp585,medio,2040,365,0.5294226343980495,5108.936892703327
qm_sin_recentrado,CESM2-WACCM,ssp585,medio,2041,365,0.5163890570347321,4983.162662610077
qm_sin_recentrado,CESM2-WACCM,ssp585,medio,2042,365,0.4290418048437079,4140.2602814106585
qm_sin_recentrado,CESM2-WACCM,ssp585,medio,2043,365,0.47157658380551126,4550.7215789485235
qm_sin_recentrado,CESM2-WACCM,ssp585,medio,2044,365,0.5166779621481167,4985.950601576719
qm_sin_recentrado,CESM2-WACCM,ssp585,medio,2045,365,0.46998979320662393,4535.409024280612
qm_sin_recentrado,CESM2-WACCM,ssp585,medio,2046,365,0.49096029451066664,4737.774697392644
qm_sin_recentrado,CESM2-WACCM,ssp585,medio,2047,365,0.49654134926427435,4791.631965061835
qm_sin_recentrado,CESM2-WACCM,ssp585,medio,2048,365,0.48294275053991115,4660.4052697941515
qm_sin_recentrado,CESM2-WACCM,ssp585,medio,2049,365,0.45695066934872025,4409.58127042586
qm_sin_recentrado,CESM2-WACCM,ssp585,medio,2050,365,0.4754313717671101,4587.92034445456
qm_sin_recentrado,CESM2-WACCM,ssp585,medio,2051,365,0.4771220000778265,4604.234934703027
qm_sin_recentrado,CESM2-WACCM,ssp585,medio,2052,365,0.5095059158093418,4916.7402396548005
qm_sin_recentrado,CESM2-WACCM,ssp585,medio,2053,365,0.49254770173522816,4753.093202508179
qm_sin_recentrado,CESM2-WACCM,ssp585,medio,2054,365,0.42028850104813253,4055.7907597304957
qm_sin_recentrado,CESM2-WACCM,ssp585,medio,2055,365,0.4859627478915056,4689.548292556996
qm_sin_recentrado,CESM2-WACCM,ssp585,medio,2056,365,0.45787792099188285,4418.529263618405
qm_sin_recentrado,CESM2-WACCM,ssp585,medio,2057,365,0.42775341311955584,4127.827280658324
qm_sin_recentrado,CESM2-WACCM,ssp585,medio,2058,365,0.502662191416589,4850.698189765145
qm_sin_recentrado,CESM2-WACCM,ssp585,medio,2059,365,0.472684132402844,4561.409440633563
qm_sin_recentrado,CESM2-WACCM,ssp585,medio,2060,365,0.47539905808474475,4587.608516902716
qm_sin_recentrado,CESM2-WACCM,ssp585,medio,2061,365,0.4772636119904408,4605.601491925545
qm_sin_recentrado,CESM2-WACCM,ssp585,medio,2062,365,0.4997355637729029,4822.456186177533
qm_sin_recentrado,CESM2-WACCM,ssp585,medio,2063,365,0.5005171017938231,4829.998040584022
qm_sin_recentrado,CESM2-WACCM,ssp585,medio,2064,365,0.5162556961105003,4981.875727557465
qm_sin_recentrado,CESM2-WACCM,ssp585,medio,2065,365,0.46933846190938444,4529.12366684095
qm_sin_recentrado,CESM2-WACCM,ssp585,medio,2066,365,0.4500747813738309,4343.22884145397
qm_sin_recentrado,CESM2-WACCM,ssp585,medio,2067,365,0.5105619695984694,4926.9311756167435
qm_sin_recentrado,CESM2-WACCM,ssp585,medio,2068,365,0.43898853664430715,4236.24640243415
qm_sin_recentrado,CESM2-WACCM,ssp585,medio,2069,365,0.5089944321995628,4911.804414636695
qm_sin_recentrado,CESM2-WACCM,ssp585,lejano,2070,365,0.4681915860022761,4518.0562959873405
qm_sin_recentrado,CESM2-WACCM,ssp585,lejano,2071,365,0.507932841912471,4901.560051380815
qm_sin_recentrado,CESM2-WACCM,ssp585,lejano,2072,365,0.4796985610193309,4629.098789013519
qm_sin_recentrado,CESM2-WACCM,ssp585,lejano,2073,365,0.47124562371214246,4547.527808752154
qm_sin_recentrado,CESM2-WACCM,ssp585,lejano,2074,365,0.49592045651517985,4785.640340098789
qm_sin_recentrado,CESM2-WACCM,ssp585,lejano,2075,365,0.4784925669533226,4617.460926980634
qm_sin_recentrado,CESM2-WACCM,ssp585,lejano,2076,365,0.48401182582149993,4670.721863366687
qm_sin_recentrado,CESM2-WACCM,ssp585,lejano,2077,365,0.4420327451708033,4265.623063422174
qm_sin_recentrado,CESM2-WACCM,ssp585,lejano,2078,365,0.5227475072099482,5044.521808536115
qm_sin_recentrado,CESM2-WACCM,ssp585,lejano,2079,365,0.4699546013557126,4535.069422356248
qm_sin_recentrado,CESM2-WACCM,ssp585,lejano,2080,365,0.4999709233011669,4824.727409391033
qm_sin_recentrado,CESM2-WACCM,ssp585,lejano,2081,365,0.4677306068203695,4513.607839506274
qm_sin_recentrado,CESM2-WACCM,ssp585,lejano,2082,365,0.5123661751804409,4944.341788350058
qm_sin_recentrado,CESM2-WACCM,ssp585,lejano,2083,365,0.4959626682289362,4786.047683811926
qm_sin_recentrado,CESM2-WACCM,ssp585,lejano,2084,365,0.5074107923196759,4896.52226445755
qm_sin_recentrado,CESM2-WACCM,ssp585,lejano,2085,365,0.4848716578624169,4679.019256318848
qm_sin_recentrado,CESM2-WACCM,ssp585,lejano,2086,365,0.5060427650569221,4883.320779483539
qm_sin_recentrado,CESM2-WACCM,ssp585,lejano,2087,365,0.4928676691620626,4756.1808932966105
qm_sin_recentrado,CESM2-WACCM,ssp585,lejano,2088,365,0.513350379615154,4953.83937689231
qm_sin_recentrado,CESM2-WACCM,ssp585,lejano,2089,365,0.4640691119212326,4478.274355145685
qm_sin_recentrado,CESM2-WACCM,ssp585,lejano,2090,365,0.5200135183756779,5018.138772541585
qm_sin_recentrado,CESM2-WACCM,ssp585,lejano,2091,365,0.5061602405141048,4884.454419524959
qm_sin_recentrado,CESM2-WACCM,ssp585,lejano,2092,365,0.5008415902648576,4833.12935952132
qm_sin_recentrado,CESM2-WACCM,ssp585,lejano,2093,365,0.47552850457956164,4588.8576776488435
qm_sin_recentrado,CESM2-WACCM,ssp585,lejano,2094,365,0.5137232110980834,4957.437206667882
qm_sin_recentrado,CESM2-WACCM,ssp585,lejano,2095,365,0.49862151448095987,4811.705592685495
qm_sin_recentrado,CESM2-WACCM,ssp585,lejano,2096,365,0.4726788194175138,4561.358170240118
qm_sin_recentrado,CESM2-WACCM,ssp585,lejano,2097,365,0.49610011787836916,4787.374075128148
qm_sin_recentrado,CESM2-WACCM,ssp585,lejano,2098,365,0.4525821465849935,4367.424955859533
qm_sin_recentrado,CESM2-WACCM,ssp585,lejano,2099,365,0.5126462897811921,4947.044898729139
qm_sin_recentrado,CMCC-CM2-SR5,historical,historico,1981,365,0.40954620531136954,3952.1274339940005
qm_sin_recentrado,CMCC-CM2-SR5,historical,historico,1982,365,0.4749462355711168,4583.238772401046
qm_sin_recentrado,CMCC-CM2-SR5,historical,historico,1983,365,0.44128803704390057,4258.436618082233
qm_sin_recentrado,CMCC-CM2-SR5,historical,historico,1984,365,0.4556636379852407,4397.16139717578
qm_sin_recentrado,CMCC-CM2-SR5,historical,historico,1985,365,0.4779677151219539,4612.396098410296
qm_sin_recentrado,CMCC-CM2-SR5,historical,historico,1986,365,0.47746312530753754,4607.526798627741
qm_sin_recentrado,CMCC-CM2-SR5,historical,historico,1987,365,0.49585735973156153,4785.031455127325
qm_sin_recentrado,CMCC-CM2-SR5,historical,historico,1988,365,0.5009905216807199,4834.566550067293
qm_sin_recentrado,CMCC-CM2-SR5,historical,historico,1989,365,0.4401030045492527,4247.001035548361
qm_sin_recentrado,CMCC-CM2-SR5,historical,historico,1990,365,0.46802328317201397,4516.432170982465
qm_sin_recentrado,CMCC-CM2-SR5,historical,historico,1991,365,0.47667615288952636,4599.932502202375
qm_sin_recentrado,CMCC-CM2-SR5,historical,historico,1992,365,0.46508392025398126,4488.067271793643
qm_sin_recentrado,CMCC-CM2-SR5,historical,historico,1993,365,0.43726875142457466,4219.650447547168
qm_sin_recentrado,CMCC-CM2-SR5,historical,historico,1994,365,0.4240505368707206,4092.094465611043
qm_sin_recentrado,CMCC-CM2-SR5,historical,historico,1995,365,0.4448376801595427,4292.69073094247
qm_sin_recentrado,CMCC-CM2-SR5,historical,historico,1996,365,0.45047996773027743,4347.1388962766605
qm_sin_recentrado,CMCC-CM2-SR5,historical,historico,1997,365,0.4721777842317999,4556.523172681416
qm_sin_recentrado,CMCC-CM2-SR5,historical,historico,1998,365,0.391993521728844,3782.743756579692
qm_sin_recentrado,CMCC-CM2-SR5,historical,historico,1999,365,0.43918644257718503,4238.156197852916
qm_sin_recentrado,CMCC-CM2-SR5,historical,historico,2000,365,0.46122495974915223,4450.828241178675
qm_sin_recentrado,CMCC-CM2-SR5,historical,historico,2001,365,0.49106068406673137,4738.743458214903
qm_sin_recentrado,CMCC-CM2-SR5,historical,historico,2002,365,0.4913548967879239,4741.582615681813
qm_sin_recentrado,CMCC-CM2-SR5,historical,historico,2003,365,0.38367217689902217,3702.4426458303938
qm_sin_recentrado,CMCC-CM2-SR5,historical,historico,2004,365,0.4622922361183386,4461.127475217745
qm_sin_recentrado,CMCC-CM2-SR5,historical,historico,2005,365,0.4535326998593468,4376.597810165894
qm_sin_recentrado,CMCC-CM2-SR5,historical,historico,2006,365,0.45697024158618926,4409.770142830592
qm_sin_recentrado,CMCC-CM2-SR5,historical,historico,2007,365,0.4454604242400925,4298.70022128368
qm_sin_recentrado,CMCC-CM2-SR5,historical,historico,2008,365,0.433729388384928,4185.495537584769
qm_sin_recentrado,CMCC-CM2-SR5,historical,historico,2009,365,0.4109059660609148,3965.249146983284
qm_sin_recentrado,CMCC-CM2-SR5,historical,historico,2010,365,0.5113704180767427,4934.732716367255
qm_sin_recentrado,CMCC-CM2-SR5,historical,historico,2011,365,0.4686322396277339,4522.308610523466
qm_sin_recentrado,CMCC-CM2-SR5,historical,historico,2012,365,0.421824086640765,4070.609185268768
qm_sin_recentrado,CMCC-CM2-SR5,historical,historico,2013,365,0.4762445473363833,4595.767501708856
qm_sin_recentrado,CMCC-CM2-SR5,historical,historico,2014,365,0.48066003989873013,4638.377075583384
qm_sin_recentrado,CMCC-CM2-SR5,ssp126,medio,2040,365,0.4648552925895915,4485.861011174239
qm_sin_recentrado,CMCC-CM2-SR5,ssp126,medio,2041,365,0.4523517473060544,4365.201599131381
qm_sin_recentrado,CMCC-CM2-SR5,ssp126,medio,2042,365,0.4327787892863128,4176.322241073547
qm_sin_recentrado,CMCC-CM2-SR5,ssp126,medio,2043,365,0.48574923358816674,4687.487876113546
qm_sin_recentrado,CMCC-CM2-SR5,ssp126,medio,2044,365,0.4489110065706299,4331.998395982682
qm_sin_recentrado,CMCC-CM2-SR5,ssp126,medio,2045,365,0.4827827335757318,4658.861103529549
qm_sin_recentrado,CMCC-CM2-SR5,ssp126,medio,2046,365,0.4301285183088484,4150.74708373668
qm_sin_recentrado,CMCC-CM2-SR5,ssp126,medio,2047,365,0.473588061091103,4570.132366938122
qm_sin_recentrado,CMCC-CM2-SR5,ssp126,medio,2048,365,0.41329412758011425,3988.2949438541436
qm_sin_recentrado,CMCC-CM2-SR5,ssp126,medio,2049,365,0.4401990249400932,4247.927633856299
qm_sin_recentrado,CMCC-CM2-SR5,ssp126,medio,2050,365,0.4882953720045741,4712.058152570091
qm_sin_recentrado,CMCC-CM2-SR5,ssp126,medio,2051,365,0.45497602102421536,4390.525882500015
qm_sin_recentrado,CMCC-CM2-SR5,ssp126,medio,2052,365,0.4250480535204541,4101.720517241238
qm_sin_recentrado,CMCC-CM2-SR5,ssp126,medio,2053,365,0.45393053234816755,4380.436900048334
qm_sin_recentrado,CMCC-CM2-SR5,ssp126,medio,2054,365,0.4645938318060236,4483.337910429436
qm_sin_recentrado,CMCC-CM2-SR5,ssp126,medio,2055,365,0.4361950029688692,4209.288757769635
qm_sin_recentrado,CMCC-CM2-SR5,ssp126,medio,2056,365,0.47590006844949645,4592.443274938736
qm_sin_recentrado,CMCC-CM2-SR5,ssp126,medio,2057,365,0.4953843025894929,4780.466446137447
qm_sin_recentrado,CMCC-CM2-SR5,ssp126,medio,2058,365,0.4905046078715083,4733.377314033781
qm_sin_recentrado,CMCC-CM2-SR5,ssp126,medio,2059,365,0.466182184144916,4498.665535913386
qm_sin_recentrado,CMCC-CM2-SR5,ssp126,medio,2060,365,0.36693040903192603,3540.88431804463
qm_sin_recentrado,CMCC-CM2-SR5,ssp126,medio,2061,365,0.38452881164010705,3710.709184788019
qm_sin_recentrado,CMCC-CM2-SR5,ssp126,medio,2062,365,0.35540731618005006,3429.686287654542
qm_sin_recentrado,CMCC-CM2-SR5,ssp126,medio,2063,365,0.47598945857872976,4593.305891116079
qm_sin_recentrado,CMCC-CM2-SR5,ssp126,medio,2064,365,0.48400014886314385,4670.60918053172
qm_sin_recentrado,CMCC-CM2-SR5,ssp126,medio,2065,365,0.45559343907350125,4396.483976554312
qm_sin_recentrado,CMCC-CM2-SR5,ssp126,medio,2066,365,0.36907365637188383,3561.5666891671804
qm_sin_recentrado,CMCC-CM2-SR5,ssp126,medio,2067,365,0.3665083776938701,3536.8117088798895
qm_sin_recentrado,CMCC-CM2-SR5,ssp126,medio,2068,365,0.4018501598733938,3877.8604723808076
qm_sin_recentrado,CMCC-CM2-SR5,ssp126,medio,2069,365,0.47999895495802825,4631.997595328252
qm_sin_recentrado,CMCC-CM2-SR5,ssp126,lejano,2070,365,0.47881154739223514,4620.539093319827
qm_sin_recentrado,CMCC-CM2-SR5,ssp126,lejano,2071,365,0.4340278199711573,4188.375407166787
qm_sin_recentrado,CMCC-CM2-SR5,ssp126,lejano,2072,365,0.44158530130231455,4261.3052229321565
qm_sin_recentrado,CMCC-CM2-SR5,ssp126,lejano,2073,365,0.39893120736007237,3849.6925339240156
qm_sin_recentrado,CMCC-CM2-SR5,ssp126,lejano,2074,365,0.42576114723728553,4108.601883018161
qm_sin_recentrado,CMCC-CM2-SR5,ssp126,lejano,2075,365,0.3933736687208441,3796.062197134845
qm_sin_recentrado,CMCC-CM2-SR5,ssp126,lejano,2076,365,0.46589351222785913,4495.879847295036
qm_sin_recentrado,CMCC-CM2-SR5,ssp126,lejano,2077,365,0.4571247531550543,4411.261181942325
qm_sin_recentrado,CMCC-CM2-SR5,ssp126,lejano,2078,365,0.4571593299515131,4411.594848581381
qm_sin_recentrado,CMCC-CM2-SR5,ssp126,lejano,2079,365,0.3842423779105959,3707.945094715297
qm_sin_recentrado,CMCC-CM2-SR5,ssp126,lejano,2080,365,0.3043354037784188,2936.841515828201
qm_sin_recentrado,CMCC-CM2-SR5,ssp126,lejano,2081,365,0.42026406174130654,4055.554920028596
qm_sin_recentrado,CMCC-CM2-SR5,ssp126,lejano,2082,365,0.4518330680117643,4360.196335642613
qm_sin_recentrado,CMCC-CM2-SR5,ssp126,lejano,2083,365,0.47001896871637433,4535.690568416511
qm_sin_recentrado,CMCC-CM2-SR5,ssp126,lejano,2084,365,0.4431375186022005,4276.2841447115325
qm_sin_recentrado,CMCC-CM2-SR5,ssp126,lejano,2085,365,0.48751419209543106,4704.519753947982
qm_sin_recentrado,CMCC-CM2-SR5,ssp126,lejano,2086,365,0.44632622114548254,4307.055175273445
qm_sin_recentrado,CMCC-CM2-SR5,ssp126,lejano,2087,365,0.3769285593088627,3637.366628187474
qm_sin_recentrado,CMCC-CM2-SR5,ssp126,lejano,2088,365,0.3800989821898519,3667.9612597157857
qm_sin_recentrado,CMCC-CM2-SR5,ssp126,lejano,2089,365,0.39726023557590956,3833.5676294712966
qm_sin_recentrado,CMCC-CM2-SR5,ssp126,lejano,2090,365,0.45159634697575396,4357.911973857577
qm_sin_recentrado,CMCC-CM2-SR5,ssp126,lejano,2091,365,0.4561510179537797,4401.864621670261
qm_sin_recentrado,CMCC-CM2-SR5,ssp126,lejano,2092,365,0.41344501295281966,3989.7509901149165
qm_sin_recentrado,CMCC-CM2-SR5,ssp126,lejano,2093,365,0.3815360631389431,3681.829113867811
qm_sin_recentrado,CMCC-CM2-SR5,ssp126,lejano,2094,365,0.4630812374953292,4468.741351129726
qm_sin_recentrado,CMCC-CM2-SR5,ssp126,lejano,2095,365,0.41156729029325106,3971.630936406517
qm_sin_recentrado,CMCC-CM2-SR5,ssp126,lejano,2096,365,0.43083402451424707,4157.555229906876
qm_sin_recentrado,CMCC-CM2-SR5,ssp126,lejano,2097,365,0.3678911537975115,3550.155520404446
qm_sin_recentrado,CMCC-CM2-SR5,ssp126,lejano,2098,365,0.3817560013457574,3683.9515210825803
qm_sin_recentrado,CMCC-CM2-SR5,ssp126,lejano,2099,365,0.43840805108245184,4230.644707474477
qm_sin_recentrado,CMCC-CM2-SR5,ssp245,medio,2040,365,0.39620971653629516,3823.430103930712
qm_sin_recentrado,CMCC-CM2-SR5,ssp245,medio,2041,365,0.4543969567907439,4384.937903381987
qm_sin_recentrado,CMCC-CM2-SR5,ssp245,medio,2042,365,0.4937124558918039,4764.333098755202
qm_sin_recentrado,CMCC-CM2-SR5,ssp245,medio,2043,365,0.4198276273739323,4051.3433214004845
qm_sin_recentrado,CMCC-CM2-SR5,ssp245,medio,2044,365,0.37381140211641806,3607.2860114058676
qm_sin_recentrado,CMCC-CM2-SR5,ssp245,medio,2045,365,0.43476390072534715,4195.478598222011
qm_sin_recentrado,CMCC-CM2-SR5,ssp245,medio,2046,365,0.4619305852619114,4457.637538666809
qm_sin_recentrado,CMCC-CM2-SR5,ssp245,medio,2047,365,0.4553170929132177,4393.817231686037
qm_sin_recentrado,CMCC-CM2-SR5,ssp245,medio,2048,365,0.4086015768869148,3943.011754583957
qm_sin_recentrado,CMCC-CM2-SR5,ssp245,medio,2049,365,0.4055780885633841,3913.8350438860734
qm_sin_recentrado,CMCC-CM2-SR5,ssp245,medio,2050,365,0.45040621533736247,4346.427184504993
qm_sin_recentrado,CMCC-CM2-SR5,ssp245,medio,2051,365,0.4513087528238688,4355.136685690379
qm_sin_recentrado,CMCC-CM2-SR5,ssp245,medio,2052,365,0.414618844719807,4001.078485447653
qm_sin_recentrado,CMCC-CM2-SR5,ssp245,medio,2053,365,0.4184911947935522,4038.4467256168946
qm_sin_recentrado,CMCC-CM2-SR5,ssp245,medio,2054,365,0.44547438005223,4298.834895094101
qm_sin_recentrado,CMCC-CM2-SR5,ssp245,medio,2055,365,0.4780469455522831,4613.160673330661
qm_sin_recentrado,CMCC-CM2-SR5,ssp245,medio,2056,365,0.47737021476713415,4606.63021042628
qm_sin_recentrado,CMCC-CM2-SR5,ssp245,medio,2057,365,0.4309668564309414,4158.837060028287
qm_sin_recentrado,CMCC-CM2-SR5,ssp245,medio,2058,365,0.29835963512597324,2879.1752527198037
qm_sin_recentrado,CMCC-CM2-SR5,ssp245,medio,2059,365,0.3724025941489785,3593.690991979149
qm_sin_recentrado,CMCC-CM2-SR5,ssp245,medio,2060,365,0.4341691074761154,4189.738833850233
qm_sin_recentrado,CMCC-CM2-SR5,ssp245,medio,2061,365,0.45583426688448114,4398.8079687835125
qm_sin_recentrado,CMCC-CM2-SR5,ssp245,medio,2062,365,0.4765421135362921,4598.639020299035
qm_sin_recentrado,CMCC-CM2-SR5,ssp245,medio,2063,365,0.4889597812710488,4718.469712622121
qm_sin_recentrado,CMCC-CM2-SR5,ssp245,medio,2064,365,0.4299584673195535,4149.106088969168
qm_sin_recentrado,CMCC-CM2-SR5,ssp245,medio,2065,365,0.42728792203419935,4123.335284236776
qm_sin_recentrado,CMCC-CM2-SR5,ssp245,medio,2066,365,0.42481847498064645,4099.505080658838
qm_sin_recentrado,CMCC-CM2-SR5,ssp245,medio,2067,365,0.430842039668887,4157.632576277394
qm_sin_recentrado,CMCC-CM2-SR5,ssp245,medio,2068,365,0.4554265612852866,4394.873603227997
qm_sin_recentrado,CMCC-CM2-SR5,ssp245,medio,2069,365,0.4506306495861291,4348.592978596538
qm_sin_recentrado,CMCC-CM2-SR5,ssp245,lejano,2070,365,0.35622727898400175,3437.59894183208
qm_sin_recentrado,CMCC-CM2-SR5,ssp245,lejano,2071,365,0.38597898829063393,3724.70341266843
qm_sin_recentrado,CMCC-CM2-SR5,ssp245,lejano,2072,365,0.41896114569414994,4042.981759326878
qm_sin_recentrado,CMCC-CM2-SR5,ssp245,lejano,2073,365,0.4498934124799256,4341.478628725882
qm_sin_recentrado,CMCC-CM2-SR5,ssp245,lejano,2074,365,0.4528750301725487,4370.251287165577
qm_sin_recentrado,CMCC-CM2-SR5,ssp245,lejano,2075,365,0.4862041524190724,4691.877850110487
qm_sin_recentrado,CMCC-CM2-SR5,ssp245,lejano,2076,365,0.43102368160244137,4159.385423842465
qm_sin_recentrado,CMCC-CM2-SR5,ssp245,lejano,2077,365,0.43199090769745485,4168.719171134962
qm_sin_recentrado,CMCC-CM2-SR5,ssp245,lejano,2078,365,0.4267455144768874,4118.101042630195
qm_sin_recentrado,CMCC-CM2-SR5,ssp245,lejano,2079,365,0.470937221794406,4544.551725311566
qm_sin_recentrado,CMCC-CM2-SR5,ssp245,lejano,2080,365,0.3736775910403421,3605.994732380758
qm_sin_recentrado,CMCC-CM2-SR5,ssp245,lejano,2081,365,0.4629400556084423,4467.378943662357
qm_sin_recentrado,CMCC-CM2-SR5,ssp245,lejano,2082,365,0.48398419045639024,4670.455181651213
qm_sin_recentrado,CMCC-CM2-SR5,ssp245,lejano,2083,365,0.38402480289089125,3705.845492293947
qm_sin_recentrado,CMCC-CM2-SR5,ssp245,lejano,2084,365,0.37231005577797655,3592.797995218366
qm_sin_recentrado,CMCC-CM2-SR5,ssp245,lejano,2085,365,0.34680485841365954,3346.672432569549
qm_sin_recentrado,CMCC-CM2-SR5,ssp245,lejano,2086,365,0.42717703880993124,4122.265259348456
qm_sin_recentrado,CMCC-CM2-SR5,ssp245,lejano,2087,365,0.3868525351037012,3733.133153391278
qm_sin_recentrado,CMCC-CM2-SR5,ssp245,lejano,2088,365,0.47275478326053205,4562.091222540666
qm_sin_recentrado,CMCC-CM2-SR5,ssp245,lejano,2089,365,0.47171040397779396,4552.012945752174
qm_sin_recentrado,CMCC-CM2-SR5,ssp245,lejano,2090,365,0.3094697712133172,2986.38824372485
qm_sin_recentrado,CMCC-CM2-SR5,ssp245,lejano,2091,365,0.3911978411336268,3775.0654261049567
qm_sin_recentrado,CMCC-CM2-SR5,ssp245,lejano,2092,365,0.3698557312451269,3569.113724207174
qm_sin_recentrado,CMCC-CM2-SR5,ssp245,lejano,2093,365,0.41450424051401213,3999.972553028065
qm_sin_recentrado,CMCC-CM2-SR5,ssp245,lejano,2094,365,0.4374294874627611,4221.2015528874435
qm_sin_recentrado,CMCC-CM2-SR5,ssp245,lejano,2095,365,0.4034413169770223,3893.2151638893365
qm_sin_recentrado,CMCC-CM2-SR5,ssp245,lejano,2096,365,0.42635552779279723,4114.337664888937
qm_sin_recentrado,CMCC-CM2-SR5,ssp245,lejano,2097,365,0.43497753842621706,4197.540205453609
qm_sin_recentrado,CMCC-CM2-SR5,ssp245,lejano,2098,365,0.43746238341459687,4221.518999348994
qm_sin_recentrado,CMCC-CM2-SR5,ssp245,lejano,2099,365,0.46936107606724087,4529.341893826092
qm_sin_recentrado,CMCC-CM2-SR5,ssp585,medio,2040,365,0.48321206848601267,4663.004192283117
qm_sin_recentrado,CMCC-CM2-SR5,ssp585,medio,2041,365,0.5017151822059842,4841.559535730663
qm_sin_recentrado,CMCC-CM2-SR5,ssp585,medio,2042,365,0.48429147196016686,4673.420453079161
qm_sin_recentrado,CMCC-CM2-SR5,ssp585,medio,2043,365,0.3918753284741428,3781.603189780733
qm_sin_recentrado,CMCC-CM2-SR5,ssp585,medio,2044,365,0.37280897909588023,3597.6126132189097
qm_sin_recentrado,CMCC-CM2-SR5,ssp585,medio,2045,365,0.4247714032030103,4099.0508372515005
qm_sin_recentrado,CMCC-CM2-SR5,ssp585,medio,2046,365,0.4810415673383031,4642.058821479702
qm_sin_recentrado,CMCC-CM2-SR5,ssp585,medio,2047,365,0.5062935859243789,4885.7412048676315
qm_sin_recentrado,CMCC-CM2-SR5,ssp585,medio,2048,365,0.42751823915105525,4125.557848099509
qm_sin_recentrado,CMCC-CM2-SR5,ssp585,medio,2049,365,0.372158697148191,3591.3373820191973
qm_sin_recentrado,CMCC-CM2-SR5,ssp585,medio,2050,365,0.39819448466752916,3842.5831481534105
qm_sin_recentrado,CMCC-CM2-SR5,ssp585,medio,2051,365,0.4272039478271691,4122.524931795347
qm_sin_recentrado,CMCC-CM2-SR5,ssp585,medio,2052,365,0.49266224668880426,4754.198563142908
qm_sin_recentrado,CMCC-CM2-SR5,ssp585,medio,2053,365,0.5021379648815345,4845.639395314245
qm_sin_recentrado,CMCC-CM2-SR5,ssp585,medio,2054,365,0.5150299030974698,4970.046805369033
qm_sin_recentrado,CMCC-CM2-SR5,ssp585,medio,2055,365,0.4564064971713232,4404.330000207223
qm_sin_recentrado,CMCC-CM2-SR5,ssp585,medio,2056,365,0.40773479472815144,3934.6472928833764
qm_sin_recentrado,CMCC-CM2-SR5,ssp585,medio,2057,365,0.4873395510273272,4702.834464846524
qm_sin_recentrado,CMCC-CM2-SR5,ssp585,medio,2058,365,0.44869409009517897,4329.905148523919
qm_sin_recentrado,CMCC-CM2-SR5,ssp585,medio,2059,365,0.4596787647005523,4435.907434220565
qm_sin_recentrado,CMCC-CM2-SR5,ssp585,medio,2060,365,0.48784444349492745,4707.706685237145
qm_sin_recentrado,CMCC-CM2-SR5,ssp585,medio,2061,365,0.4808727521103232,4640.429751828652
qm_sin_recentrado,CMCC-CM2-SR5,ssp585,medio,2062,365,0.47818066346138427,4614.451053292973
qm_sin_recentrado,CMCC-CM2-SR5,ssp585,medio,2063,365,0.4097067534884562,3953.6767264716577
qm_sin_recentrado,CMCC-CM2-SR5,ssp585,medio,2064,365,0.4607425204906648,4446.172694615243
qm_sin_recentrado,CMCC-CM2-SR5,ssp585,medio,2065,365,0.4581313020108912,4420.974394505932
qm_sin_recentrado,CMCC-CM2-SR5,ssp585,medio,2066,365,0.48507969201718243,4681.026789240882
qm_sin_recentrado,CMCC-CM2-SR5,ssp585,medio,2067,365,0.43463861224699224,4194.26956240127
qm_sin_recentrado,CMCC-CM2-SR5,ssp585,medio,2068,365,0.38983897359407366,3761.9523326063877
qm_sin_recentrado,CMCC-CM2-SR5,ssp585,medio,2069,365,0.43102296519750694,4159.378510523385
qm_sin_recentrado,CMCC-CM2-SR5,ssp585,lejano,2070,365,0.42421629024191004,4093.6939882950755
qm_sin_recentrado,CMCC-CM2-SR5,ssp585,lejano,2071,365,0.46090509839644783,4447.741574007296
qm_sin_recentrado,CMCC-CM2-SR5,ssp585,lejano,2072,365,0.4593563242381581,4432.795878599413
qm_sin_recentrado,CMCC-CM2-SR5,ssp585,lejano,2073,365,0.3869319206676905,3733.8992253539436
qm_sin_recentrado,CMCC-CM2-SR5,ssp585,lejano,2074,365,0.39150587596588177,3778.0379671647743
qm_sin_recentrado,CMCC-CM2-SR5,ssp585,lejano,2075,365,0.4157175616823254,4011.6811217154263
qm_sin_recentrado,CMCC-CM2-SR5,ssp585,lejano,2076,365,0.41175961705244896,3973.486892710005
qm_sin_recentrado,CMCC-CM2-SR5,ssp585,lejano,2077,365,0.4766721528828193,4599.893902073652
qm_sin_recentrado,CMCC-CM2-SR5,ssp585,lejano,2078,365,0.4793318476307397,4625.5599989462
qm_sin_recentrado,CMCC-CM2-SR5,ssp585,lejano,2079,365,0.4088878795987956,3945.7745803344505
qm_sin_recentrado,CMCC-CM2-SR5,ssp585,lejano,2080,365,0.43472666634530355,4195.119285858841
qm_sin_recentrado,CMCC-CM2-SR5,ssp585,lejano,2081,365,0.4536109580727569,4377.3530031774335
qm_sin_recentrado,CMCC-CM2-SR5,ssp585,lejano,2082,365,0.44756984940268885,4319.056207853538
qm_sin_recentrado,CMCC-CM2-SR5,ssp585,lejano,2083,365,0.5055611570920056,4878.673254916367
qm_sin_recentrado,CMCC-CM2-SR5,ssp585,lejano,2084,365,0.4111481858783711,3967.5865720972547
qm_sin_recentrado,CMCC-CM2-SR5,ssp585,lejano,2085,365,0.35191421343886026,3395.9777903124163
qm_sin_recentrado,CMCC-CM2-SR5,ssp585,lejano,2086,365,0.4143658928286847,3998.637495651092
qm_sin_recentrado,CMCC-CM2-SR5,ssp585,lejano,2087,365,0.4873024420497667,4702.476362619321
qm_sin_recentrado,CMCC-CM2-SR5,ssp585,lejano,2088,365,0.471826286095305,4553.13121004027
qm_sin_recentrado,CMCC-CM2-SR5,ssp585,lejano,2089,365,0.4424494284806511,4269.6440640291385
qm_sin_recentrado,CMCC-CM2-SR5,ssp585,lejano,2090,365,0.42531419337991394,4104.288771143264
qm_sin_recentrado,CMCC-CM2-SR5,ssp585,lejano,2091,365,0.43529111513433627,4200.566225704187
qm_sin_recentrado,CMCC-CM2-SR5,ssp585,lejano,2092,365,0.4634084797512228,4471.899244134976
qm_sin_recentrado,CMCC-CM2-SR5,ssp585,lejano,2093,365,0.4056079089385298,3914.1228109833555
qm_sin_recentrado,CMCC-CM2-SR5,ssp585,lejano,2094,365,0.4132783918719803,3988.1430940188793
qm_sin_recentrado,CMCC-CM2-SR5,ssp585,lejano,2095,365,0.40313605387599977,3890.2693700802593
qm_sin_recentrado,CMCC-CM2-SR5,ssp585,lejano,2096,365,0.4181946218265992,4035.5847917406318
qm_sin_recentrado,CMCC-CM2-SR5,ssp585,lejano,2097,365,0.4143567332205162,3998.5491052857124
qm_sin_recentrado,CMCC-CM2-SR5,ssp585,lejano,2098,365,0.46166414163253927,4455.06635338027
qm_sin_recentrado,CMCC-CM2-SR5,ssp585,lejano,2099,365,0.405421661887189,3912.325523957963
qm_sin_recentrado,CMCC-ESM2,historical,historico,1981,365,0.47584682980280935,4591.929521146387
qm_sin_recentrado,CMCC-ESM2,historical,historico,1982,365,0.4660759540526438,4497.6404138232765
qm_sin_recentrado,CMCC-ESM2,historical,historico,1983,365,0.48550301918915656,4685.1119032236675
qm_sin_recentrado,CMCC-ESM2,historical,historico,1984,365,0.41166214791368605,3972.5463139614367
qm_sin_recentrado,CMCC-ESM2,historical,historico,1985,365,0.4218716797016849,4071.068459068134
qm_sin_recentrado,CMCC-ESM2,historical,historico,1986,365,0.47078951367004346,4543.126339548137
qm_sin_recentrado,CMCC-ESM2,historical,historico,1987,365,0.4902582349938377,4730.999811822293
qm_sin_recentrado,CMCC-ESM2,historical,historico,1988,365,0.4745586343596938,4579.498414509195
qm_sin_recentrado,CMCC-ESM2,historical,historico,1989,365,0.43664384981261634,4213.620136993344
qm_sin_recentrado,CMCC-ESM2,historical,historico,1990,365,0.43185756690392313,4167.432430343928
qm_sin_recentrado,CMCC-ESM2,historical,historico,1991,365,0.4895472886262808,4724.139168000228
qm_sin_recentrado,CMCC-ESM2,historical,historico,1992,365,0.414427468555291,3999.231702398055
qm_sin_recentrado,CMCC-ESM2,historical,historico,1993,365,0.41926625007949797,4045.9260215271565
qm_sin_recentrado,CMCC-ESM2,historical,historico,1994,365,0.39151427173393827,3778.1189864608514
qm_sin_recentrado,CMCC-ESM2,historical,historico,1995,365,0.38016600311596416,3668.6080127251034
qm_sin_recentrado,CMCC-ESM2,historical,historico,1996,365,0.44886446702828825,4331.549288654453
qm_sin_recentrado,CMCC-ESM2,historical,historico,1997,365,0.508760254643772,4909.544597476473
qm_sin_recentrado,CMCC-ESM2,historical,historico,1998,365,0.47909480329385196,4623.272517302524
qm_sin_recentrado,CMCC-ESM2,historical,historico,1999,365,0.45703968464102,4410.440269420797
qm_sin_recentrado,CMCC-ESM2,historical,historico,2000,365,0.4886234608390131,4715.224215071848
qm_sin_recentrado,CMCC-ESM2,historical,historico,2001,365,0.47240561682570126,4558.721760857886
qm_sin_recentrado,CMCC-ESM2,historical,historico,2002,365,0.44507390337356834,4294.970288737388
qm_sin_recentrado,CMCC-ESM2,historical,historico,2003,365,0.45951067939597073,4434.285408341987
qm_sin_recentrado,CMCC-ESM2,historical,historico,2004,365,0.4139569052908002,3994.6907593667065
qm_sin_recentrado,CMCC-ESM2,historical,historico,2005,365,0.4664826229497309,4501.56477518687
qm_sin_recentrado,CMCC-ESM2,historical,historico,2006,365,0.45078123564097994,4350.046136435227
qm_sin_recentrado,CMCC-ESM2,historical,historico,2007,365,0.4528970223797301,4370.463512316753
qm_sin_recentrado,CMCC-ESM2,historical,historico,2008,365,0.45383293910367295,4379.49512367747
qm_sin_recentrado,CMCC-ESM2,historical,historico,2009,365,0.47511310006693847,4584.849017455557
qm_sin_recentrado,CMCC-ESM2,historical,historico,2010,365,0.46512983576400035,4488.510357199975
qm_sin_recentrado,CMCC-ESM2,historical,historico,2011,365,0.4506525056265298,4348.803889736103
qm_sin_recentrado,CMCC-ESM2,historical,historico,2012,365,0.45360252568347814,4377.271630485974
qm_sin_recentrado,CMCC-ESM2,historical,historico,2013,365,0.4801402900381901,4633.361481113175
qm_sin_recentrado,CMCC-ESM2,historical,historico,2014,365,0.4862612299014174,4692.428648728356
qm_sin_recentrado,CMCC-ESM2,ssp126,medio,2040,365,0.4689129276221159,4525.01725416026
qm_sin_recentrado,CMCC-ESM2,ssp126,medio,2041,365,0.44457952139031637,4290.199494688894
qm_sin_recentrado,CMCC-ESM2,ssp126,medio,2042,365,0.4163041203798736,4017.341422531706
qm_sin_recentrado,CMCC-ESM2,ssp126,medio,2043,365,0.44605104664318573,4304.399736923488
qm_sin_recentrado,CMCC-ESM2,ssp126,medio,2044,365,0.49212394424882017,4749.003935984222
qm_sin_recentrado,CMCC-ESM2,ssp126,medio,2045,365,0.5107058392023265,4928.319519595877
qm_sin_recentrado,CMCC-ESM2,ssp126,medio,2046,365,0.4327111862103358,4175.6698703087195
qm_sin_recentrado,CMCC-ESM2,ssp126,medio,2047,365,0.4493658268635659,4336.387419086641
qm_sin_recentrado,CMCC-ESM2,ssp126,medio,2048,365,0.4823095417604828,4654.2947949413265
qm_sin_recentrado,CMCC-ESM2,ssp126,medio,2049,365,0.44703158765256035,4313.861973352609
qm_sin_recentrado,CMCC-ESM2,ssp126,medio,2050,365,0.41980185395505093,4051.0946074959043
qm_sin_recentrado,CMCC-ESM2,ssp126,medio,2051,365,0.4673673286768652,4510.102199609008
qm_sin_recentrado,CMCC-ESM2,ssp126,medio,2052,365,0.4877992569099871,4707.270633969486
qm_sin_recentrado,CMCC-ESM2,ssp126,medio,2053,365,0.44158919263576607,4261.342774362224
qm_sin_recentrado,CMCC-ESM2,ssp126,medio,2054,365,0.32781796697000226,3163.448626347993
qm_sin_recentrado,CMCC-ESM2,ssp126,medio,2055,365,0.4058242649904857,3916.2106503464265
qm_sin_recentrado,CMCC-ESM2,ssp126,medio,2056,365,0.4587949149101859,4427.378269601932
qm_sin_recentrado,CMCC-ESM2,ssp126,medio,2057,365,0.5037843895151736,4861.527419371656
qm_sin_recentrado,CMCC-ESM2,ssp126,medio,2058,365,0.4616663147647949,4455.087324141306
qm_sin_recentrado,CMCC-ESM2,ssp126,medio,2059,365,0.3594057916015486,3468.2716394476092
qm_sin_recentrado,CMCC-ESM2,ssp126,medio,2060,365,0.40042565465227875,3864.113974204964
qm_sin_recentrado,CMCC-ESM2,ssp126,medio,2061,365,0.4884304469191555,4713.361627657001
qm_sin_recentrado,CMCC-ESM2,ssp126,medio,2062,365,0.4900644894258934,4729.130163991702
qm_sin_recentrado,CMCC-ESM2,ssp126,medio,2063,365,0.4752707329847818,4586.370177634872
qm_sin_recentrado,CMCC-ESM2,ssp126,medio,2064,365,0.40510380828702947,3909.258231630766
qm_sin_recentrado,CMCC-ESM2,ssp126,medio,2065,365,0.46958707026822816,4531.522741481525
qm_sin_recentrado,CMCC-ESM2,ssp126,medio,2066,365,0.4526038757326277,4367.634642481869
qm_sin_recentrado,CMCC-ESM2,ssp126,medio,2067,365,0.47671790784464435,4600.335438187343
qm_sin_recentrado,CMCC-ESM2,ssp126,medio,2068,365,0.45525497467228704,4393.217789667164
qm_sin_recentrado,CMCC-ESM2,ssp126,medio,2069,365,0.43319481092895645,4180.336856581404
qm_sin_recentrado,CMCC-ESM2,ssp126,lejano,2070,365,0.4507086641709483,4349.345820588278
qm_sin_recentrado,CMCC-ESM2,ssp126,lejano,2071,365,0.49403616095045055,4767.456857750422
qm_sin_recentrado,CMCC-ESM2,ssp126,lejano,2072,365,0.42461588024015184,4097.550038171549
qm_sin_recentrado,CMCC-ESM2,ssp126,lejano,2073,365,0.41038090016905365,3960.18225272577
qm_sin_recentrado,CMCC-ESM2,ssp126,lejano,2074,365,0.4196701221703321,4049.8233936656593
qm_sin_recentrado,CMCC-ESM2,ssp126,lejano,2075,365,0.4745106086848586,4579.034965978624
qm_sin_recentrado,CMCC-ESM2,ssp126,lejano,2076,365,0.43333553454210827,4181.694841699897
qm_sin_recentrado,CMCC-ESM2,ssp126,lejano,2077,365,0.43644134785219574,4211.665989835254
qm_sin_recentrado,CMCC-ESM2,ssp126,lejano,2078,365,0.4124514711179895,3980.1632955121368
qm_sin_recentrado,CMCC-ESM2,ssp126,lejano,2079,365,0.39942909662508824,3854.4971732976474
qm_sin_recentrado,CMCC-ESM2,ssp126,lejano,2080,365,0.4506757142535238,4349.027853357932
qm_sin_recentrado,CMCC-ESM2,ssp126,lejano,2081,365,0.47948946425956845,4627.0810019362625
qm_sin_recentrado,CMCC-ESM2,ssp126,lejano,2082,365,0.4239309333793383,4090.940290005548
qm_sin_recentrado,CMCC-ESM2,ssp126,lejano,2083,365,0.3670505081188301,3542.0432761548404
qm_sin_recentrado,CMCC-ESM2,ssp126,lejano,2084,365,0.4146784989256319,4001.6541494883304
qm_sin_recentrado,CMCC-ESM2,ssp126,lejano,2085,365,0.46330414946710974,4470.892455224
qm_sin_recentrado,CMCC-ESM2,ssp126,lejano,2086,365,0.46813570358140155,4517.517029731781
qm_sin_recentrado,CMCC-ESM2,ssp126,lejano,2087,365,0.4156589763885317,4011.1157726929528
qm_sin_recentrado,CMCC-ESM2,ssp126,lejano,2088,365,0.4022129590700098,3881.3614904329397
qm_sin_recentrado,CMCC-ESM2,ssp126,lejano,2089,365,0.4855298572325299,4685.370890771628
qm_sin_recentrado,CMCC-ESM2,ssp126,lejano,2090,365,0.4590626023466742,4429.961457647043
qm_sin_recentrado,CMCC-ESM2,ssp126,lejano,2091,365,0.3911356426039386,3774.4652092982888
qm_sin_recentrado,CMCC-ESM2,ssp126,lejano,2092,365,0.4521944409385589,4363.683590168148
qm_sin_recentrado,CMCC-ESM2,ssp126,lejano,2093,365,0.42911168259197624,4140.934602799492
qm_sin_recentrado,CMCC-ESM2,ssp126,lejano,2094,365,0.4928890906137842,4756.387610648467
qm_sin_recentrado,CMCC-ESM2,ssp126,lejano,2095,365,0.48546143725550533,4684.7106368986215
qm_sin_recentrado,CMCC-ESM2,ssp126,lejano,2096,365,0.44069180071672265,4252.6829279851845
qm_sin_recentrado,CMCC-ESM2,ssp126,lejano,2097,365,0.3452160502015885,3331.340407902132
qm_sin_recentrado,CMCC-ESM2,ssp126,lejano,2098,365,0.4325148237309455,4173.774969240803
qm_sin_recentrado,CMCC-ESM2,ssp126,lejano,2099,365,0.47646650088078074,4597.909356963548
qm_sin_recentrado,CMCC-ESM2,ssp245,medio,2040,365,0.4623106563027864,4461.305230292389
qm_sin_recentrado,CMCC-ESM2,ssp245,medio,2041,365,0.46706761667720204,4507.209974016866
qm_sin_recentrado,CMCC-ESM2,ssp245,medio,2042,365,0.4440635830667363,4285.220681611334
qm_sin_recentrado,CMCC-ESM2,ssp245,medio,2043,365,0.4380759068661464,4227.439510472822
qm_sin_recentrado,CMCC-ESM2,ssp245,medio,2044,365,0.4586840156409386,4426.308089879307
qm_sin_recentrado,CMCC-ESM2,ssp245,medio,2045,365,0.46371240870606184,4474.832163412036
qm_sin_recentrado,CMCC-ESM2,ssp245,medio,2046,365,0.46328641831703915,4470.72134934212
qm_sin_recentrado,CMCC-ESM2,ssp245,medio,2047,365,0.47797272067185775,4612.444402046957
qm_sin_recentrado,CMCC-ESM2,ssp245,medio,2048,365,0.37002443465280893,3570.7417147905603
qm_sin_recentrado,CMCC-ESM2,ssp245,medio,2049,365,0.4442119742128459,4286.65265854555
qm_sin_recentrado,CMCC-ESM2,ssp245,medio,2050,365,0.468262119893701,4518.736949168133
qm_sin_recentrado,CMCC-ESM2,ssp245,medio,2051,365,0.49598918417496574,4786.303563115366
qm_sin_recentrado,CMCC-ESM2,ssp245,medio,2052,365,0.47487313326914365,4582.533334017369
qm_sin_recentrado,CMCC-ESM2,ssp245,medio,2053,365,0.45377355882870807,4378.922103073974
qm_sin_recentrado,CMCC-ESM2,ssp245,medio,2054,365,0.2611033395031647,2519.651403858971
qm_sin_recentrado,CMCC-ESM2,ssp245,medio,2055,365,0.4195868989791164,4049.020288538856
qm_sin_recentrado,CMCC-ESM2,ssp245,medio,2056,365,0.47399551834873765,4574.064335993612
qm_sin_recentrado,CMCC-ESM2,ssp245,medio,2057,365,0.495736024310458,4783.860566372308
qm_sin_recentrado,CMCC-ESM2,ssp245,medio,2058,365,0.40509233935283995,3909.1475562323344
qm_sin_recentrado,CMCC-ESM2,ssp245,medio,2059,365,0.3911129970778014,3774.246679608736
qm_sin_recentrado,CMCC-ESM2,ssp245,medio,2060,365,0.4471717414131821,4315.21445938507
qm_sin_recentrado,CMCC-ESM2,ssp245,medio,2061,365,0.4968443494149587,4794.555921363942
qm_sin_recentrado,CMCC-ESM2,ssp245,medio,2062,365,0.4801518473223405,4633.473009090143
qm_sin_recentrado,CMCC-ESM2,ssp245,medio,2063,365,0.4107692544496432,3963.9298777471276
qm_sin_recentrado,CMCC-ESM2,ssp245,medio,2064,365,0.462477183017408,4462.9122157529155
qm_sin_recentrado,CMCC-ESM2,ssp245,medio,2065,365,0.4652623518142589,4489.789139205228
qm_sin_recentrado,CMCC-ESM2,ssp245,medio,2066,365,0.49618121928658215,4788.156705015025
qm_sin_recentrado,CMCC-ESM2,ssp245,medio,2067,365,0.4489598737393588,4332.469964942792
qm_sin_recentrado,CMCC-ESM2,ssp245,medio,2068,365,0.33783792168565224,3260.141349673291
qm_sin_recentrado,CMCC-ESM2,ssp245,medio,2069,365,0.4251527773076881,4102.731103463627
qm_sin_recentrado,CMCC-ESM2,ssp245,lejano,2070,365,0.46772795889870294,4513.582287019825
qm_sin_recentrado,CMCC-ESM2,ssp245,lejano,2071,365,0.4883681842443503,4712.7607918489275
qm_sin_recentrado,CMCC-ESM2,ssp245,lejano,2072,365,0.38361943241068114,3701.9336606739907
qm_sin_recentrado,CMCC-ESM2,ssp245,lejano,2073,365,0.45215405645106155,4363.293879217647
qm_sin_recentrado,CMCC-ESM2,ssp245,lejano,2074,365,0.4381188147517152,4227.853572255088
qm_sin_recentrado,CMCC-ESM2,ssp245,lejano,2075,365,0.45913259353827945,4430.636873765893
qm_sin_recentrado,CMCC-ESM2,ssp245,lejano,2076,365,0.4974414643709825,4800.318090243411
qm_sin_recentrado,CMCC-ESM2,ssp245,lejano,2077,365,0.4502664272037286,4345.078226778815
qm_sin_recentrado,CMCC-ESM2,ssp245,lejano,2078,365,0.4233004780783609,4084.856386263832
qm_sin_recentrado,CMCC-ESM2,ssp245,lejano,2079,365,0.5123493144533419,4944.179082063779
qm_sin_recentrado,CMCC-ESM2,ssp245,lejano,2080,365,0.456175080403018,4402.09682469041
qm_sin_recentrado,CMCC-ESM2,ssp245,lejano,2081,365,0.3544785520245,3420.723698693257
qm_sin_recentrado,CMCC-ESM2,ssp245,lejano,2082,365,0.402399256260234,3883.1592612993577
qm_sin_recentrado,CMCC-ESM2,ssp245,lejano,2083,365,0.49012095067824196,4729.675015980246
qm_sin_recentrado,CMCC-ESM2,ssp245,lejano,2084,365,0.41817576249061467,4035.402798846631
qm_sin_recentrado,CMCC-ESM2,ssp245,lejano,2085,365,0.4898187616917469,4726.758887425544
qm_sin_recentrado,CMCC-ESM2,ssp245,lejano,2086,365,0.45152096206874964,4357.1845082988275
qm_sin_recentrado,CMCC-ESM2,ssp245,lejano,2087,365,0.4643056485975447,4480.556937856683
qm_sin_recentrado,CMCC-ESM2,ssp245,lejano,2088,365,0.42704315892313804,4120.973316298824
qm_sin_recentrado,CMCC-ESM2,ssp245,lejano,2089,365,0.38080740187556084,3674.797521017592
qm_sin_recentrado,CMCC-ESM2,ssp245,lejano,2090,365,0.4335780292545854,4184.034919555216
qm_sin_recentrado,CMCC-ESM2,ssp245,lejano,2091,365,0.48384958835407593,4669.156269210245
qm_sin_recentrado,CMCC-ESM2,ssp245,lejano,2092,365,0.4802877950101321,4634.784906452494
qm_sin_recentrado,CMCC-ESM2,ssp245,lejano,2093,365,0.36030655662330147,3476.9640363197655
qm_sin_recentrado,CMCC-ESM2,ssp245,lejano,2094,365,0.42661854118743314,4116.875748355388
qm_sin_recentrado,CMCC-ESM2,ssp245,lejano,2095,365,0.4355789018593683,4203.343372205334
qm_sin_recentrado,CMCC-ESM2,ssp245,lejano,2096,365,0.4690819400448351,4526.648226743699
qm_sin_recentrado,CMCC-ESM2,ssp245,lejano,2097,365,0.4893518156262194,4722.252850422066
qm_sin_recentrado,CMCC-ESM2,ssp245,lejano,2098,365,0.47241574840595946,4558.819530769482
qm_sin_recentrado,CMCC-ESM2,ssp245,lejano,2099,365,0.47143784552048046,4549.382752278164
qm_sin_recentrado,CMCC-ESM2,ssp585,medio,2040,365,0.43161840247576366,4165.124489785559
qm_sin_recentrado,CMCC-ESM2,ssp585,medio,2041,365,0.4164670720458934,4018.9139087160233
qm_sin_recentrado,CMCC-ESM2,ssp585,medio,2042,365,0.4089999880815639,3946.856428986901
qm_sin_recentrado,CMCC-ESM2,ssp585,medio,2043,365,0.5011735861104317,4836.333124743043
qm_sin_recentrado,CMCC-ESM2,ssp585,medio,2044,365,0.5032048514737857,4855.934867999655
qm_sin_recentrado,CMCC-ESM2,ssp585,medio,2045,365,0.4424038168359465,4269.203910927953
qm_sin_recentrado,CMCC-ESM2,ssp585,medio,2046,365,0.485791771814833,4687.898370681487
qm_sin_recentrado,CMCC-ESM2,ssp585,medio,2047,365,0.4980832256242279,4806.511096605409
qm_sin_recentrado,CMCC-ESM2,ssp585,medio,2048,365,0.5196320157434656,5014.457266036695
qm_sin_recentrado,CMCC-ESM2,ssp585,medio,2049,365,0.49570619713309905,4783.572733633559
qm_sin_recentrado,CMCC-ESM2,ssp585,medio,2050,365,0.4545373830296614,4386.293018834361
qm_sin_recentrado,CMCC-ESM2,ssp585,medio,2051,365,0.4091155890393922,3947.971980079559
qm_sin_recentrado,CMCC-ESM2,ssp585,medio,2052,365,0.44227764789103174,4267.986378590822
qm_sin_recentrado,CMCC-ESM2,ssp585,medio,2053,365,0.4369003774620695,4216.095632915009
qm_sin_recentrado,CMCC-ESM2,ssp585,medio,2054,365,0.49626351959984855,4788.950904354851
qm_sin_recentrado,CMCC-ESM2,ssp585,medio,2055,365,0.49555961815071864,4782.158244108325
qm_sin_recentrado,CMCC-ESM2,ssp585,medio,2056,365,0.5140494009256389,4960.584943722829
qm_sin_recentrado,CMCC-ESM2,ssp585,medio,2057,365,0.4726011462537683,4560.608622967203
qm_sin_recentrado,CMCC-ESM2,ssp585,medio,2058,365,0.39573381905746974,3818.837685645688
qm_sin_recentrado,CMCC-ESM2,ssp585,medio,2059,365,0.408066256027212,3937.845899722692
qm_sin_recentrado,CMCC-ESM2,ssp585,medio,2060,365,0.5106886538304675,4928.153680482473
qm_sin_recentrado,CMCC-ESM2,ssp585,medio,2061,365,0.48186924373712375,4650.045911971143
qm_sin_recentrado,CMCC-ESM2,ssp585,medio,2062,365,0.48249376602151944,4656.072562007919
qm_sin_recentrado,CMCC-ESM2,ssp585,medio,2063,365,0.4642001655291203,4479.539024558659
qm_sin_recentrado,CMCC-ESM2,ssp585,medio,2064,365,0.4659225575910537,4496.1601355145895
qm_sin_recentrado,CMCC-ESM2,ssp585,medio,2065,365,0.37484642074433605,3617.2739577255743
qm_sin_recentrado,CMCC-ESM2,ssp585,medio,2066,365,0.41476680525262666,4002.506306956731
qm_sin_recentrado,CMCC-ESM2,ssp585,medio,2067,365,0.4277358084497612,4127.657395313131
qm_sin_recentrado,CMCC-ESM2,ssp585,medio,2068,365,0.48892366089577977,4718.121150422849
qm_sin_recentrado,CMCC-ESM2,ssp585,medio,2069,365,0.4950573524484784,4777.311372045456
qm_sin_recentrado,CMCC-ESM2,ssp585,lejano,2070,365,0.40083915486604993,3868.104257883859
qm_sin_recentrado,CMCC-ESM2,ssp585,lejano,2071,365,0.41603037442853824,4014.6997697213847
qm_sin_recentrado,CMCC-ESM2,ssp585,lejano,2072,365,0.46494258103306735,4486.703346050396
qm_sin_recentrado,CMCC-ESM2,ssp585,lejano,2073,365,0.5129148990829763,4949.636982789106
qm_sin_recentrado,CMCC-ESM2,ssp585,lejano,2074,365,0.45873485559694527,4426.798696268211
qm_sin_recentrado,CMCC-ESM2,ssp585,lejano,2075,365,0.4623256463225938,4461.449884223371
qm_sin_recentrado,CMCC-ESM2,ssp585,lejano,2076,365,0.42556055564202205,4106.666170914403
qm_sin_recentrado,CMCC-ESM2,ssp585,lejano,2077,365,0.4171768379865064,4025.7631613991944
qm_sin_recentrado,CMCC-ESM2,ssp585,lejano,2078,365,0.48771125474549076,4706.421411674061
qm_sin_recentrado,CMCC-ESM2,ssp585,lejano,2079,365,0.45378520814387774,4379.03451915175
qm_sin_recentrado,CMCC-ESM2,ssp585,lejano,2080,365,0.36096926176642735,3483.3591515542116
qm_sin_recentrado,CMCC-ESM2,ssp585,lejano,2081,365,0.45042988785176474,4346.655624647735
qm_sin_recentrado,CMCC-ESM2,ssp585,lejano,2082,365,0.5006263061289639,4831.051864165399
qm_sin_recentrado,CMCC-ESM2,ssp585,lejano,2083,365,0.47808363088138134,4613.514687343424
qm_sin_recentrado,CMCC-ESM2,ssp585,lejano,2084,365,0.4607044518348459,4445.8053314774925
qm_sin_recentrado,CMCC-ESM2,ssp585,lejano,2085,365,0.4753132540426893,4586.780506524016
qm_sin_recentrado,CMCC-ESM2,ssp585,lejano,2086,365,0.4593531394237192,4432.765145089121
qm_sin_recentrado,CMCC-ESM2,ssp585,lejano,2087,365,0.4447860759230341,4292.192749234494
qm_sin_recentrado,CMCC-ESM2,ssp585,lejano,2088,365,0.4836577783984822,4667.305300069807
qm_sin_recentrado,CMCC-ESM2,ssp585,lejano,2089,365,0.46620316091441355,4498.867962074665
qm_sin_recentrado,CMCC-ESM2,ssp585,lejano,2090,365,0.500045458033172,4825.4466707474385
qm_sin_recentrado,CMCC-ESM2,ssp585,lejano,2091,365,0.4212851411175818,4065.408352346922
qm_sin_recentrado,CMCC-ESM2,ssp585,lejano,2092,365,0.4073236183016943,3930.6794337892425
qm_sin_recentrado,CMCC-ESM2,ssp585,lejano,2093,365,0.4464847663267118,4308.58513880903
qm_sin_recentrado,CMCC-ESM2,ssp585,lejano,2094,365,0.4792181841676058,4624.463144708343
qm_sin_recentrado,CMCC-ESM2,ssp585,lejano,2095,365,0.43757773300391845,4222.632124731541
qm_sin_recentrado,CMCC-ESM2,ssp585,lejano,2096,365,0.39232823815180906,3785.9737754167677
qm_sin_recentrado,CMCC-ESM2,ssp585,lejano,2097,365,0.46339573065205175,4471.7762151239895
qm_sin_recentrado,CMCC-ESM2,ssp585,lejano,2098,365,0.4845202297853547,4675.627969752349
qm_sin_recentrado,CMCC-ESM2,ssp585,lejano,2099,365,0.45085695805179815,4350.776858911181
qm_sin_recentrado,EC-Earth3,historical,historico,1981,365,0.46399185220769107,4477.528797673854
qm_sin_recentrado,EC-Earth3,historical,historico,1982,365,0.47540085884067723,4587.625894226277
qm_sin_recentrado,EC-Earth3,historical,historico,1983,365,0.44127107727158266,4258.272956008009
qm_sin_recentrado,EC-Earth3,historical,historico,1984,366,0.48683947630613456,4698.008735785818
qm_sin_recentrado,EC-Earth3,historical,historico,1985,365,0.4846307045604551,4676.6940530996635
qm_sin_recentrado,EC-Earth3,historical,historico,1986,365,0.4923760627974757,4751.436884012644
qm_sin_recentrado,EC-Earth3,historical,historico,1987,365,0.43522015509232087,4199.881460163378
qm_sin_recentrado,EC-Earth3,historical,historico,1988,366,0.46665967625489496,4503.273342414557
qm_sin_recentrado,EC-Earth3,historical,historico,1989,365,0.4918102357954838,4745.976644390191
qm_sin_recentrado,EC-Earth3,historical,historico,1990,365,0.49638970835811563,4790.168627891149
qm_sin_recentrado,EC-Earth3,historical,historico,1991,365,0.46528640631050955,4490.021265478918
qm_sin_recentrado,EC-Earth3,historical,historico,1992,366,0.40708565268848435,3928.3830618143165
qm_sin_recentrado,EC-Earth3,historical,historico,1993,365,0.44200896669425666,4265.393600743043
qm_sin_recentrado,EC-Earth3,historical,historico,1994,365,0.46575099026359157,4494.504508059502
qm_sin_recentrado,EC-Earth3,historical,historico,1995,365,0.46006461551917693,4439.630900793905
qm_sin_recentrado,EC-Earth3,historical,historico,1996,366,0.49023513096268134,4730.776857551969
qm_sin_recentrado,EC-Earth3,historical,historico,1997,365,0.41883788737072175,4041.7923145336626
qm_sin_recentrado,EC-Earth3,historical,historico,1998,365,0.3808398514754773,3675.110660175979
qm_sin_recentrado,EC-Earth3,historical,historico,1999,365,0.448722544892149,4330.179737769956
qm_sin_recentrado,EC-Earth3,historical,historico,2000,366,0.4688281769580705,4524.199408896212
qm_sin_recentrado,EC-Earth3,historical,historico,2001,365,0.4221988761715127,4074.225910237116
qm_sin_recentrado,EC-Earth3,historical,historico,2002,365,0.4374954601719571,4221.838190586748
qm_sin_recentrado,EC-Earth3,historical,historico,2003,365,0.4053683921813818,3911.811470444609
qm_sin_recentrado,EC-Earth3,historical,historico,2004,366,0.42975446232300873,4147.137437488431
qm_sin_recentrado,EC-Earth3,historical,historico,2005,365,0.44090139039322807,4254.705471716897
qm_sin_recentrado,EC-Earth3,historical,historico,2006,365,0.43009349962694154,4150.40915289598
qm_sin_recentrado,EC-Earth3,historical,historico,2007,365,0.480709124957149,4638.850747182487
qm_sin_recentrado,EC-Earth3,historical,historico,2008,366,0.46758170696647655,4512.1709535338105
qm_sin_recentrado,EC-Earth3,historical,historico,2009,365,0.4350774953834046,4198.50479168978
qm_sin_recentrado,EC-Earth3,historical,historico,2010,365,0.45546046258735756,4395.200751335402
qm_sin_recentrado,EC-Earth3,historical,historico,2011,365,0.42498379902853656,4101.100460366162
qm_sin_recentrado,EC-Earth3,historical,historico,2012,366,0.4941005323126851,4768.078042425927
qm_sin_recentrado,EC-Earth3,historical,historico,2013,365,0.46285805635147875,4466.587649520671
qm_sin_recentrado,EC-Earth3,historical,historico,2014,365,0.46865692824051647,4522.546856031835
qm_sin_recentrado,EC-Earth3,ssp126,medio,2040,366,0.36174777212855397,3490.8717890048997
qm_sin_recentrado,EC-Earth3,ssp126,medio,2041,365,0.4261673236127212,4112.521491539937
qm_sin_recentrado,EC-Earth3,ssp126,medio,2042,365,0.47774273307209636,4610.225018029459
qm_sin_recentrado,EC-Earth3,ssp126,medio,2043,365,0.41310698450808064,3986.48901021473
qm_sin_recentrado,EC-Earth3,ssp126,medio,2044,366,0.41096755470082347,3965.8434783438215
qm_sin_recentrado,EC-Earth3,ssp126,medio,2045,365,0.45399768911969834,4381.084963968115
qm_sin_recentrado,EC-Earth3,ssp126,medio,2046,365,0.43592092232265806,4206.6438751484075
qm_sin_recentrado,EC-Earth3,ssp126,medio,2047,365,0.41979605348868665,4051.0386329026815
qm_sin_recentrado,EC-Earth3,ssp126,medio,2048,366,0.43424425547169676,4190.464013209961
qm_sin_recentrado,EC-Earth3,ssp126,medio,2049,365,0.4485097448371248,4328.126213834171
qm_sin_recentrado,EC-Earth3,ssp126,medio,2050,365,0.4134835896907531,3990.1232562532023
qm_sin_recentrado,EC-Earth3,ssp126,medio,2051,365,0.4211085791579135,4063.7045266111313
qm_sin_recentrado,EC-Earth3,ssp126,medio,2052,366,0.4764041385189981,4597.307559174547
qm_sin_recentrado,EC-Earth3,ssp126,medio,2053,365,0.48783727752730505,4707.637533534934
qm_sin_recentrado,EC-Earth3,ssp126,medio,2054,365,0.47246334643127974,4559.278852475392
qm_sin_recentrado,EC-Earth3,ssp126,medio,2055,365,0.4678045948078724,4514.321824769486
qm_sin_recentrado,EC-Earth3,ssp126,medio,2056,366,0.4559191787020288,4399.627369181437
qm_sin_recentrado,EC-Earth3,ssp126,medio,2057,365,0.4158785328702512,4013.2344962544503
qm_sin_recentrado,EC-Earth3,ssp126,medio,2058,365,0.47687096519565525,4601.8124440735155
qm_sin_recentrado,EC-Earth3,ssp126,medio,2059,365,0.45688783744344613,4408.974941534654
qm_sin_recentrado,EC-Earth3,ssp126,medio,2060,366,0.40482489913629877,3906.566753863669
qm_sin_recentrado,EC-Earth3,ssp126,medio,2061,365,0.46538574208714756,4490.979857312847
qm_sin_recentrado,EC-Earth3,ssp126,medio,2062,365,0.5033503219018295,4857.338659957804
qm_sin_recentrado,EC-Earth3,ssp126,medio,2063,365,0.46072052620833726,4445.960449438874
qm_sin_recentrado,EC-Earth3,ssp126,medio,2064,366,0.42032966107255654,4056.1879546247474
qm_sin_recentrado,EC-Earth3,ssp126,medio,2065,365,0.465428527106971,4491.3927334387035
qm_sin_recentrado,EC-Earth3,ssp126,medio,2066,365,0.4664141314303988,4500.903830929452
qm_sin_recentrado,EC-Earth3,ssp126,medio,2067,365,0.42337499225746744,4085.5754492844367
qm_sin_recentrado,EC-Earth3,ssp126,medio,2068,366,0.41893053940167374,4042.6864081147814
qm_sin_recentrado,EC-Earth3,ssp126,medio,2069,365,0.4495055531059846,4337.735779561601
qm_sin_recentrado,EC-Earth3,ssp126,lejano,2070,365,0.432225561869785,4170.983587652415
qm_sin_recentrado,EC-Earth3,ssp126,lejano,2071,365,0.43169413253366357,4165.855286055973
qm_sin_recentrado,EC-Earth3,ssp126,lejano,2072,366,0.39949956443066625,3855.1771887489604
qm_sin_recentrado,EC-Earth3,ssp126,lejano,2073,365,0.4355286632037092,4202.858568374405
qm_sin_recentrado,EC-Earth3,ssp126,lejano,2074,365,0.4092983940051245,3949.7360509237556
qm_sin_recentrado,EC-Earth3,ssp126,lejano,2075,365,0.4620091187715653,4458.395388291505
qm_sin_recentrado,EC-Earth3,ssp126,lejano,2076,366,0.4060407260896772,3918.299503417002
qm_sin_recentrado,EC-Earth3,ssp126,lejano,2077,365,0.42590886863050287,4110.027396826251
qm_sin_recentrado,EC-Earth3,ssp126,lejano,2078,365,0.450926372480809,4351.446709261767
qm_sin_recentrado,EC-Earth3,ssp126,lejano,2079,365,0.44283467462091614,4273.361695446634
qm_sin_recentrado,EC-Earth3,ssp126,lejano,2080,366,0.4360955702315421,4208.329230263505
qm_sin_recentrado,EC-Earth3,ssp126,lejano,2081,365,0.4586111971139003,4425.6053899282915
qm_sin_recentrado,EC-Earth3,ssp126,lejano,2082,365,0.4576217143757701,4416.056865673611
qm_sin_recentrado,EC-Earth3,ssp126,lejano,2083,365,0.40999755850181946,3956.482999503494
qm_sin_recentrado,EC-Earth3,ssp126,lejano,2084,366,0.462764246656758,4465.682384465661
qm_sin_recentrado,EC-Earth3,ssp126,lejano,2085,365,0.43999859996090973,4245.993529600378
qm_sin_recentrado,EC-Earth3,ssp126,lejano,2086,365,0.4720107564075774,4554.911351505224
qm_sin_recentrado,EC-Earth3,ssp126,lejano,2087,365,0.43284991933892364,4177.0086472193225
qm_sin_recentrado,EC-Earth3,ssp126,lejano,2088,366,0.4092949460219892,3949.7027778313313
qm_sin_recentrado,EC-Earth3,ssp126,lejano,2089,365,0.47610311373022957,4594.402665146536
qm_sin_recentrado,EC-Earth3,ssp126,lejano,2090,365,0.4341066814728745,4189.136421920142
qm_sin_recentrado,EC-Earth3,ssp126,lejano,2091,365,0.45114124359189633,4353.520218921697
qm_sin_recentrado,EC-Earth3,ssp126,lejano,2092,366,0.4814526624338048,4646.025895728814
qm_sin_recentrado,EC-Earth3,ssp126,lejano,2093,365,0.46279493730632537,4465.978549725036
qm_sin_recentrado,EC-Earth3,ssp126,lejano,2094,365,0.4325542540380525,4174.155472335271
qm_sin_recentrado,EC-Earth3,ssp126,lejano,2095,365,0.42985756486231186,4148.132378642346
qm_sin_recentrado,EC-Earth3,ssp126,lejano,2096,366,0.4641394566448339,4478.953182853953
qm_sin_recentrado,EC-Earth3,ssp126,lejano,2097,365,0.47163534631918863,4551.288638145711
qm_sin_recentrado,EC-Earth3,ssp126,lejano,2098,365,0.4800921415876864,4632.896847795439
qm_sin_recentrado,EC-Earth3,ssp126,lejano,2099,365,0.44074741219702707,4253.219579659906
qm_sin_recentrado,EC-Earth3,ssp245,medio,2040,366,0.4389372949795575,4235.75191954945
qm_sin_recentrado,EC-Earth3,ssp245,medio,2041,365,0.4256370663015239,4107.404500002766
qm_sin_recentrado,EC-Earth3,ssp245,medio,2042,365,0.38752712417836477,3739.6429487552064
qm_sin_recentrado,EC-Earth3,ssp245,medio,2043,365,0.4550279801556719,4391.0272889499165
qm_sin_recentrado,EC-Earth3,ssp245,medio,2044,366,0.45880625300183886,4427.487682367793
qm_sin_recentrado,EC-Earth3,ssp245,medio,2045,365,0.4269757759863154,4120.323069880359
qm_sin_recentrado,EC-Earth3,ssp245,medio,2046,365,0.4430733637254535,4275.6650491244445
qm_sin_recentrado,EC-Earth3,ssp245,medio,2047,365,0.4462087766009794,4305.921833539877
qm_sin_recentrado,EC-Earth3,ssp245,medio,2048,366,0.4510293972046641,4352.440899495363
qm_sin_recentrado,EC-Earth3,ssp245,medio,2049,365,0.4624479807890591,4462.630413782113
qm_sin_recentrado,EC-Earth3,ssp245,medio,2050,365,0.41448369691977593,3999.774307014988
qm_sin_recentrado,EC-Earth3,ssp245,medio,2051,365,0.4045113932070786,3903.541416630599
qm_sin_recentrado,EC-Earth3,ssp245,medio,2052,366,0.42746767101621147,4125.069864789177
qm_sin_recentrado,EC-Earth3,ssp245,medio,2053,365,0.43775402401707925,4224.333335829198
qm_sin_recentrado,EC-Earth3,ssp245,medio,2054,365,0.43505588748140595,4198.296275089767
qm_sin_recentrado,EC-Earth3,ssp245,medio,2055,365,0.45666282679818115,4406.803585207676
qm_sin_recentrado,EC-Earth3,ssp245,medio,2056,366,0.4618158155789538,4456.530009389953
qm_sin_recentrado,EC-Earth3,ssp245,medio,2057,365,0.4242415142211514,4093.937400098339
qm_sin_recentrado,EC-Earth3,ssp245,medio,2058,365,0.4214889068667374,4067.374695086525
qm_sin_recentrado,EC-Earth3,ssp245,medio,2059,365,0.458242287820277,4422.045409342278
qm_sin_recentrado,EC-Earth3,ssp245,medio,2060,366,0.37236462413419097,3593.324580728929
qm_sin_recentrado,EC-Earth3,ssp245,medio,2061,365,0.42204309454645134,4072.7226150627675
qm_sin_recentrado,EC-Earth3,ssp245,medio,2062,365,0.4507101429600639,4349.3600909269035
qm_sin_recentrado,EC-Earth3,ssp245,medio,2063,365,0.3861090593482102,3725.958600455178
qm_sin_recentrado,EC-Earth3,ssp245,medio,2064,366,0.4064827664399539,3922.5651998698177
qm_sin_recentrado,EC-Earth3,ssp245,medio,2065,365,0.449184220580318,4334.634915547597
qm_sin_recentrado,EC-Earth3,ssp245,medio,2066,365,0.4146386649185423,4001.2697506825716
qm_sin_recentrado,EC-Earth3,ssp245,medio,2067,365,0.4439877502164727,4284.488893392965
qm_sin_recentrado,EC-Earth3,ssp245,medio,2068,366,0.46822847626194275,4518.412287583367
qm_sin_recentrado,EC-Earth3,ssp245,medio,2069,365,0.4535695512872441,4376.953427034726
qm_sin_recentrado,EC-Earth3,ssp245,lejano,2070,365,0.4534632841665438,4375.927947619693
qm_sin_recentrado,EC-Earth3,ssp245,lejano,2071,365,0.4335850465906724,4184.102636960733
qm_sin_recentrado,EC-Earth3,ssp245,lejano,2072,366,0.42133826235894745,4065.92097317604
qm_sin_recentrado,EC-Earth3,ssp245,lejano,2073,365,0.44141962239687066,4259.70641884376
qm_sin_recentrado,EC-Earth3,ssp245,lejano,2074,365,0.31571840987746974,3046.6877068121407
qm_sin_recentrado,EC-Earth3,ssp245,lejano,2075,365,0.4285841645545625,4135.84404529816
qm_sin_recentrado,EC-Earth3,ssp245,lejano,2076,366,0.4879799208819199,4709.01404418926
qm_sin_recentrado,EC-Earth3,ssp245,lejano,2077,365,0.403509388095666,3893.872051273386
qm_sin_recentrado,EC-Earth3,ssp245,lejano,2078,365,0.440382134633616,4249.694645328548
qm_sin_recentrado,EC-Earth3,ssp245,lejano,2079,365,0.43805877505924445,4227.274188262109
qm_sin_recentrado,EC-Earth3,ssp245,lejano,2080,366,0.43127299193293733,4161.791272520716
qm_sin_recentrado,EC-Earth3,ssp245,lejano,2081,365,0.48982365089622826,4726.806068327017
qm_sin_recentrado,EC-Earth3,ssp245,lejano,2082,365,0.4199104837291038,4052.1428865535913
qm_sin_recentrado,EC-Earth3,ssp245,lejano,2083,365,0.49386188287186616,4765.7750715036345
qm_sin_recentrado,EC-Earth3,ssp245,lejano,2084,366,0.48609405942779055,4690.815450983129
qm_sin_recentrado,EC-Earth3,ssp245,lejano,2085,365,0.4737383306464823,4571.5824705518435
qm_sin_recentrado,EC-Earth3,ssp245,lejano,2086,365,0.3763920008593501,3632.188830564742
qm_sin_recentrado,EC-Earth3,ssp245,lejano,2087,365,0.437169667220526,4218.6942833927515
qm_sin_recentrado,EC-Earth3,ssp245,lejano,2088,366,0.4653046945420534,4490.197747205928
qm_sin_recentrado,EC-Earth3,ssp245,lejano,2089,365,0.442699091523359,4272.053316385878
qm_sin_recentrado,EC-Earth3,ssp245,lejano,2090,365,0.43693725351685647,4216.451487433721
qm_sin_recentrado,EC-Earth3,ssp245,lejano,2091,365,0.44362055809894446,4280.945483583744
qm_sin_recentrado,EC-Earth3,ssp245,lejano,2092,366,0.4515397434647409,4357.3657490706455
qm_sin_recentrado,EC-Earth3,ssp245,lejano,2093,365,0.4331482592051111,4179.887631701468
qm_sin_recentrado,EC-Earth3,ssp245,lejano,2094,365,0.4515121034550693,4357.099022535073
qm_sin_recentrado,EC-Earth3,ssp245,lejano,2095,365,0.45294641696809185,4370.940170884757
qm_sin_recentrado,EC-Earth3,ssp245,lejano,2096,366,0.36343321409756063,3507.136330972886
qm_sin_recentrado,EC-Earth3,ssp245,lejano,2097,365,0.44758012876726666,4319.155403886183
qm_sin_recentrado,EC-Earth3,ssp245,lejano,2098,365,0.465861483095012,4495.570765650596
qm_sin_recentrado,EC-Earth3,ssp245,lejano,2099,365,0.4724002454517106,4558.669927012935
qm_sin_recentrado,EC-Earth3,ssp585,medio,2040,366,0.39781956895437215,3838.9652055227943
qm_sin_recentrado,EC-Earth3,ssp585,medio,2041,365,0.37601774165759755,3628.5772232796826
qm_sin_recentrado,EC-Earth3,ssp585,medio,2042,365,0.43117979404644036,4160.891911424854
qm_sin_recentrado,EC-Earth3,ssp585,medio,2043,365,0.4688691146797844,4524.5944585657535
qm_sin_recentrado,EC-Earth3,ssp585,medio,2044,366,0.4379507175957859,4226.231432010815
qm_sin_recentrado,EC-Earth3,ssp585,medio,2045,365,0.4586164639609193,4425.656215086295
qm_sin_recentrado,EC-Earth3,ssp585,medio,2046,365,0.4899629786625995,4728.150583501743
qm_sin_recentrado,EC-Earth3,ssp585,medio,2047,365,0.391060425762153,3773.739365571588
qm_sin_recentrado,EC-Earth3,ssp585,medio,2048,366,0.41743340071264246,4028.238995811411
qm_sin_recentrado,EC-Earth3,ssp585,medio,2049,365,0.44704862953719576,4314.026427812012
qm_sin_recentrado,EC-Earth3,ssp585,medio,2050,365,0.47234783911931,4558.164205066767
qm_sin_recentrado,EC-Earth3,ssp585,medio,2051,365,0.4889888952594982,4718.750663076481
qm_sin_recentrado,EC-Earth3,ssp585,medio,2052,366,0.3684166671585885,3555.226732747053
qm_sin_recentrado,EC-Earth3,ssp585,medio,2053,365,0.42111021630713297,4063.720325127294
qm_sin_recentrado,EC-Earth3,ssp585,medio,2054,365,0.47573397376220217,4590.840458548831
qm_sin_recentrado,EC-Earth3,ssp585,medio,2055,365,0.48099837636707665,4641.642027916311
qm_sin_recentrado,EC-Earth3,ssp585,medio,2056,366,0.47823799337874184,4615.004287912752
qm_sin_recentrado,EC-Earth3,ssp585,medio,2057,365,0.4513143360641224,4355.190564048158
qm_sin_recentrado,EC-Earth3,ssp585,medio,2058,365,0.46275459625749543,4465.5892579583715
qm_sin_recentrado,EC-Earth3,ssp585,medio,2059,365,0.4675550289431804,4511.913510182154
qm_sin_recentrado,EC-Earth3,ssp585,medio,2060,366,0.38441118070789837,3709.5740444101107
qm_sin_recentrado,EC-Earth3,ssp585,medio,2061,365,0.49660767666485367,4792.272025538664
qm_sin_recentrado,EC-Earth3,ssp585,medio,2062,365,0.4797056528155743,4629.167224960737
qm_sin_recentrado,EC-Earth3,ssp585,medio,2063,365,0.49896464472681074,4815.016805048039
qm_sin_recentrado,EC-Earth3,ssp585,medio,2064,366,0.3872379787546697,3736.852690790222
qm_sin_recentrado,EC-Earth3,ssp585,medio,2065,365,0.3966335467568112,3827.5200723399757
qm_sin_recentrado,EC-Earth3,ssp585,medio,2066,365,0.49681762370783655,4794.298017862602
qm_sin_recentrado,EC-Earth3,ssp585,medio,2067,365,0.4852533850928671,4682.702930200328
qm_sin_recentrado,EC-Earth3,ssp585,medio,2068,366,0.448188445520498,4325.025670287934
qm_sin_recentrado,EC-Earth3,ssp585,medio,2069,365,0.4388963614903769,4235.356910723921
qm_sin_recentrado,EC-Earth3,ssp585,lejano,2070,365,0.471491308719874,4549.898673007724
qm_sin_recentrado,EC-Earth3,ssp585,lejano,2071,365,0.4500733374366149,4343.214907436733
qm_sin_recentrado,EC-Earth3,ssp585,lejano,2072,366,0.5007605347104842,4832.347172124728
qm_sin_recentrado,EC-Earth3,ssp585,lejano,2073,365,0.4790550493715592,4622.8888913163355
qm_sin_recentrado,EC-Earth3,ssp585,lejano,2074,365,0.5124176913943205,4944.838920638254
qm_sin_recentrado,EC-Earth3,ssp585,lejano,2075,365,0.4332001053374834,4180.387947708399
qm_sin_recentrado,EC-Earth3,ssp585,lejano,2076,366,0.4579335309072551,4419.065900191506
qm_sin_recentrado,EC-Earth3,ssp585,lejano,2077,365,0.4721141677583045,4555.909272694323
qm_sin_recentrado,EC-Earth3,ssp585,lejano,2078,365,0.4939515500893784,4766.640361587302
qm_sin_recentrado,EC-Earth3,ssp585,lejano,2079,365,0.34444812029674227,3323.9298720334878
qm_sin_recentrado,EC-Earth3,ssp585,lejano,2080,366,0.4019194306773803,3878.5289367476107
qm_sin_recentrado,EC-Earth3,ssp585,lejano,2081,365,0.4962638265276989,4788.953866213518
qm_sin_recentrado,EC-Earth3,ssp585,lejano,2082,365,0.42278736991840044,4079.9048843104824
qm_sin_recentrado,EC-Earth3,ssp585,lejano,2083,365,0.37117891912937223,3581.882508461148
qm_sin_recentrado,EC-Earth3,ssp585,lejano,2084,366,0.5034492968940092,4858.293770215939
qm_sin_recentrado,EC-Earth3,ssp585,lejano,2085,365,0.49202304050287543,4748.0302132213965
qm_sin_recentrado,EC-Earth3,ssp585,lejano,2086,365,0.46547709375884455,4491.86140240635
qm_sin_recentrado,EC-Earth3,ssp585,lejano,2087,365,0.38678887903057524,3732.518871267115
qm_sin_recentrado,EC-Earth3,ssp585,lejano,2088,366,0.4667918961186315,4504.549266215132
qm_sin_recentrado,EC-Earth3,ssp585,lejano,2089,365,0.5071102055720178,4893.621597533261
qm_sin_recentrado,EC-Earth3,ssp585,lejano,2090,365,0.46878464901171185,4523.779363517403
qm_sin_recentrado,EC-Earth3,ssp585,lejano,2091,365,0.3807748248103188,3674.4831518167734
qm_sin_recentrado,EC-Earth3,ssp585,lejano,2092,366,0.423279050985848,4084.649614478249
qm_sin_recentrado,EC-Earth3,ssp585,lejano,2093,365,0.5027144500600832,4851.202486511003
qm_sin_recentrado,EC-Earth3,ssp585,lejano,2094,365,0.4752739110427679,4586.400845945286
qm_sin_recentrado,EC-Earth3,ssp585,lejano,2095,365,0.4288750747946996,4138.651333770047
qm_sin_recentrado,EC-Earth3,ssp585,lejano,2096,366,0.5024208777147307,4848.369508681194
qm_sin_recentrado,EC-Earth3,ssp585,lejano,2097,365,0.4427402941063168,4272.450921970662
qm_sin_recentrado,EC-Earth3,ssp585,lejano,2098,365,0.4670177964607463,4506.729208130944
qm_sin_recentrado,EC-Earth3,ssp585,lejano,2099,365,0.43347698407397506,4183.059831945604
qm_sin_recentrado,IPSL-CM6A-LR,historical,historico,1981,365,0.400956262409417,3869.2343475510725
qm_sin_recentrado,IPSL-CM6A-LR,historical,historico,1982,365,0.42053028960734795,4058.1240231955417
qm_sin_recentrado,IPSL-CM6A-LR,historical,historico,1983,365,0.45877650394556824,4427.200603498796
qm_sin_recentrado,IPSL-CM6A-LR,historical,historico,1984,366,0.44137875936553306,4259.3120899375435
qm_sin_recentrado,IPSL-CM6A-LR,historical,historico,1985,365,0.4301884904364526,4151.325815727614
qm_sin_recentrado,IPSL-CM6A-LR,historical,historico,1986,365,0.4560118341845241,4400.521496070005
qm_sin_recentrado,IPSL-CM6A-LR,historical,historico,1987,365,0.4909963800711946,4738.122923629109
qm_sin_recentrado,IPSL-CM6A-LR,historical,historico,1988,366,0.5019123874789017,4843.4625697696
qm_sin_recentrado,IPSL-CM6A-LR,historical,historico,1989,365,0.421692058843234,4069.3351149101495
qm_sin_recentrado,IPSL-CM6A-LR,historical,historico,1990,365,0.47815637854128795,4614.216703425485
qm_sin_recentrado,IPSL-CM6A-LR,historical,historico,1991,365,0.4317504889791581,4166.399126656698
qm_sin_recentrado,IPSL-CM6A-LR,historical,historico,1992,366,0.4743266147124497,4577.2594212009735
qm_sin_recentrado,IPSL-CM6A-LR,historical,historico,1993,365,0.46903078717468544,4526.154600728309
qm_sin_recentrado,IPSL-CM6A-LR,historical,historico,1994,365,0.4884152338927094,4713.214821708388
qm_sin_recentrado,IPSL-CM6A-LR,historical,historico,1995,365,0.4701070912279206,4536.540952062894
qm_sin_recentrado,IPSL-CM6A-LR,historical,historico,1996,366,0.4647178046595308,4484.5342504493465
qm_sin_recentrado,IPSL-CM6A-LR,historical,historico,1997,365,0.44603637757594267,4304.258180189887
qm_sin_recentrado,IPSL-CM6A-LR,historical,historico,1998,365,0.46868988087907715,4522.864849521188
qm_sin_recentrado,IPSL-CM6A-LR,historical,historico,1999,365,0.4935060758732038,4762.34152827363
qm_sin_recentrado,IPSL-CM6A-LR,historical,historico,2000,366,0.46705622384788337,4507.100033031656
qm_sin_recentrado,IPSL-CM6A-LR,historical,historico,2001,365,0.47574817188094315,4590.977470621851
qm_sin_recentrado,IPSL-CM6A-LR,historical,historico,2002,365,0.4488076865191047,4331.0013558323435
qm_sin_recentrado,IPSL-CM6A-LR,historical,historico,2003,365,0.4577457368649577,4417.253684678631
qm_sin_recentrado,IPSL-CM6A-LR,historical,historico,2004,366,0.4432567780853728,4277.435000632297
qm_sin_recentrado,IPSL-CM6A-LR,historical,historico,2005,365,0.5001128548724912,4826.097051325218
qm_sin_recentrado,IPSL-CM6A-LR,historical,historico,2006,365,0.477121074112865,4604.225999126332
qm_sin_recentrado,IPSL-CM6A-LR,historical,historico,2007,365,0.45106043004474883,4352.740366898706
qm_sin_recentrado,IPSL-CM6A-LR,historical,historico,2008,366,0.4485753458254225,4328.759264420861
qm_sin_recentrado,IPSL-CM6A-LR,historical,historico,2009,365,0.4913130295141749,4741.178595820259
qm_sin_recentrado,IPSL-CM6A-LR,historical,historico,2010,365,0.43283891148733544,4176.90242127537
qm_sin_recentrado,IPSL-CM6A-LR,historical,historico,2011,365,0.42116567965952817,4064.2555473653215
qm_sin_recentrado,IPSL-CM6A-LR,historical,historico,2012,366,0.459809646557352,4437.170446232792
qm_sin_recentrado,IPSL-CM6A-LR,historical,historico,2013,365,0.46816687824871456,4517.817865770147
qm_sin_recentrado,IPSL-CM6A-LR,historical,historico,2014,365,0.42537128587321227,4104.839714617072
qm_sin_recentrado,IPSL-CM6A-LR,ssp126,medio,2040,366,0.48824720107591907,4711.593302337837
qm_sin_recentrado,IPSL-CM6A-LR,ssp126,medio,2041,365,0.5189908411545109,5008.269920994488
qm_sin_recentrado,IPSL-CM6A-LR,ssp126,medio,2042,365,0.4372396474831001,4219.369594046275
qm_sin_recentrado,IPSL-CM6A-LR,ssp126,medio,2043,365,0.45725208792302574,4412.4899644906045
qm_sin_recentrado,IPSL-CM6A-LR,ssp126,medio,2044,366,0.5270539768367448,5086.079309338215
qm_sin_recentrado,IPSL-CM6A-LR,ssp126,medio,2045,365,0.4733254540146263,4567.598204448407
qm_sin_recentrado,IPSL-CM6A-LR,ssp126,medio,2046,365,0.4714053836068031,4549.069494291788
qm_sin_recentrado,IPSL-CM6A-LR,ssp126,medio,2047,365,0.4741257413030228,4575.320989586031
qm_sin_recentrado,IPSL-CM6A-LR,ssp126,medio,2048,366,0.46749707469758806,4511.35425078492
qm_sin_recentrado,IPSL-CM6A-LR,ssp126,medio,2049,365,0.46564115565229797,4493.444602303165
qm_sin_recentrado,IPSL-CM6A-LR,ssp126,medio,2050,365,0.5010824449388593,4835.453610979111
qm_sin_recentrado,IPSL-CM6A-LR,ssp126,medio,2051,365,0.38766780249803684,3741.0004967908953
qm_sin_recentrado,IPSL-CM6A-LR,ssp126,medio,2052,366,0.4781841191779501,4614.4844010131255
qm_sin_recentrado,IPSL-CM6A-LR,ssp126,medio,2053,365,0.5218930254409202,5036.276045793286
qm_sin_recentrado,IPSL-CM6A-LR,ssp126,medio,2054,365,0.44510686786672726,4295.288396623803
qm_sin_recentrado,IPSL-CM6A-LR,ssp126,medio,2055,365,0.4839929953887556,4670.540149389417
qm_sin_recentrado,IPSL-CM6A-LR,ssp126,medio,2056,366,0.4997850988507078,4822.934200470912
qm_sin_recentrado,IPSL-CM6A-LR,ssp126,medio,2057,365,0.47491226890957766,4582.910993573727
qm_sin_recentrado,IPSL-CM6A-LR,ssp126,medio,2058,365,0.4954699467743346,4781.292913891477
qm_sin_recentrado,IPSL-CM6A-LR,ssp126,medio,2059,365,0.4754177343049595,4587.788742726607
qm_sin_recentrado,IPSL-CM6A-LR,ssp126,medio,2060,366,0.4812911758179819,4644.467547302338
qm_sin_recentrado,IPSL-CM6A-LR,ssp126,medio,2061,365,0.505457860975404,4877.676445738423
qm_sin_recentrado,IPSL-CM6A-LR,ssp126,medio,2062,365,0.5249063671741532,5065.354841732453
qm_sin_recentrado,IPSL-CM6A-LR,ssp126,medio,2063,365,0.4915268801221253,4743.242257608591
qm_sin_recentrado,IPSL-CM6A-LR,ssp126,medio,2064,366,0.4902213437626882,4730.64381085144
qm_sin_recentrado,IPSL-CM6A-LR,ssp126,medio,2065,365,0.48457296588553656,4676.136873962882
qm_sin_recentrado,IPSL-CM6A-LR,ssp126,medio,2066,365,0.4550898371162891,4391.624209609583
qm_sin_recentrado,IPSL-CM6A-LR,ssp126,medio,2067,365,0.5151812609963763,4971.507411515207
qm_sin_recentrado,IPSL-CM6A-LR,ssp126,medio,2068,366,0.5191807307350034,5010.102358484473
qm_sin_recentrado,IPSL-CM6A-LR,ssp126,medio,2069,365,0.5040368241436365,4863.963417575278
qm_sin_recentrado,IPSL-CM6A-LR,ssp126,lejano,2070,365,0.49446655006270324,4771.6101195698875
qm_sin_recentrado,IPSL-CM6A-LR,ssp126,lejano,2071,365,0.47012143129747547,4536.679333963539
qm_sin_recentrado,IPSL-CM6A-LR,ssp126,lejano,2072,366,0.4802446790696725,4634.368836937205
qm_sin_recentrado,IPSL-CM6A-LR,ssp126,lejano,2073,365,0.4822223722281583,4653.4536075596825
qm_sin_recentrado,IPSL-CM6A-LR,ssp126,lejano,2074,365,0.5114211781705865,4935.222552085011
qm_sin_recentrado,IPSL-CM6A-LR,ssp126,lejano,2075,365,0.4871454665780198,4700.961546805356
qm_sin_recentrado,IPSL-CM6A-LR,ssp126,lejano,2076,366,0.5243737357784897,5060.214940242197
qm_sin_recentrado,IPSL-CM6A-LR,ssp126,lejano,2077,365,0.48378753561772236,4668.557459311591
qm_sin_recentrado,IPSL-CM6A-LR,ssp126,lejano,2078,365,0.4966676746453854,4792.851007010763
qm_sin_recentrado,IPSL-CM6A-LR,ssp126,lejano,2079,365,0.4892293981485223,4721.0715198036105
qm_sin_recentrado,IPSL-CM6A-LR,ssp126,lejano,2080,366,0.49696432201462754,4795.713658870308
qm_sin_recentrado,IPSL-CM6A-LR,ssp126,lejano,2081,365,0.516487214357294,4984.109882343317
qm_sin_recentrado,IPSL-CM6A-LR,ssp126,lejano,2082,365,0.529762987114057,5112.221301858443
qm_sin_recentrado,IPSL-CM6A-LR,ssp126,lejano,2083,365,0.45653863403906997,4405.60512309517
qm_sin_recentrado,IPSL-CM6A-LR,ssp126,lejano,2084,366,0.5094410537957821,4916.114320186158
qm_sin_recentrado,IPSL-CM6A-LR,ssp126,lejano,2085,365,0.47391174369256905,4573.25590922119
qm_sin_recentrado,IPSL-CM6A-LR,ssp126,lejano,2086,365,0.4897140867239055,4725.748772311074
qm_sin_recentrado,IPSL-CM6A-LR,ssp126,lejano,2087,365,0.47642280669068227,4597.48770732999
qm_sin_recentrado,IPSL-CM6A-LR,ssp126,lejano,2088,366,0.46028650728522336,4441.772159886521
qm_sin_recentrado,IPSL-CM6A-LR,ssp126,lejano,2089,365,0.44573193427812396,4301.320297494844
qm_sin_recentrado,IPSL-CM6A-LR,ssp126,lejano,2090,365,0.4261322771274031,4112.183292395874
qm_sin_recentrado,IPSL-CM6A-LR,ssp126,lejano,2091,365,0.4555571213937086,4396.133510363229
qm_sin_recentrado,IPSL-CM6A-LR,ssp126,lejano,2092,366,0.5023128894096502,4847.327419809354
qm_sin_recentrado,IPSL-CM6A-LR,ssp126,lejano,2093,365,0.4912342020902186,4740.417909917843
qm_sin_recentrado,IPSL-CM6A-LR,ssp126,lejano,2094,365,0.49955393158631817,4820.703432670875
qm_sin_recentrado,IPSL-CM6A-LR,ssp126,lejano,2095,365,0.4755430952984091,4588.998478319173
qm_sin_recentrado,IPSL-CM6A-LR,ssp126,lejano,2096,366,0.47813757771964804,4614.035275195847
qm_sin_recentrado,IPSL-CM6A-LR,ssp126,lejano,2097,365,0.46552316758883006,4492.3060156028905
qm_sin_recentrado,IPSL-CM6A-LR,ssp126,lejano,2098,365,0.5074942840764206,4897.327961246004
qm_sin_recentrado,IPSL-CM6A-LR,ssp126,lejano,2099,365,0.47624571155599904,4595.778736446776
qm_sin_recentrado,IPSL-CM6A-LR,ssp245,medio,2040,366,0.48043669326206406,4636.221776966009
qm_sin_recentrado,IPSL-CM6A-LR,ssp245,medio,2041,365,0.4683456685110911,4519.543194662726
qm_sin_recentrado,IPSL-CM6A-LR,ssp245,medio,2042,365,0.47676562515814347,4600.795911026086
qm_sin_recentrado,IPSL-CM6A-LR,ssp245,medio,2043,365,0.5009602348801178,4834.274281956894
qm_sin_recentrado,IPSL-CM6A-LR,ssp245,medio,2044,366,0.48813479988395253,4710.50862903694
qm_sin_recentrado,IPSL-CM6A-LR,ssp245,medio,2045,365,0.49429944243594254,4769.997528297925
qm_sin_recentrado,IPSL-CM6A-LR,ssp245,medio,2046,365,0.4578943853037425,4418.68814449128
qm_sin_recentrado,IPSL-CM6A-LR,ssp245,medio,2047,365,0.5003736550892952,4828.61377759018
qm_sin_recentrado,IPSL-CM6A-LR,ssp245,medio,2048,366,0.49306333060717866,4758.069029372564
qm_sin_recentrado,IPSL-CM6A-LR,ssp245,medio,2049,365,0.48961320220753707,4724.775235113968
qm_sin_recentrado,IPSL-CM6A-LR,ssp245,medio,2050,365,0.5090489041974214,4912.330070287583
qm_sin_recentrado,IPSL-CM6A-LR,ssp245,medio,2051,365,0.43473862567676563,4195.2346935988
qm_sin_recentrado,IPSL-CM6A-LR,ssp245,medio,2052,366,0.5182483342834118,5001.104717808272
qm_sin_recentrado,IPSL-CM6A-LR,ssp245,medio,2053,365,0.503394853173774,4857.76838744457
qm_sin_recentrado,IPSL-CM6A-LR,ssp245,medio,2054,365,0.4875117041548714,4704.495745281774
qm_sin_recentrado,IPSL-CM6A-LR,ssp245,medio,2055,365,0.4580175719278272,4419.876897384684
qm_sin_recentrado,IPSL-CM6A-LR,ssp245,medio,2056,366,0.4847307600078109,4677.659589767534
qm_sin_recentrado,IPSL-CM6A-LR,ssp245,medio,2057,365,0.48680559296331166,4697.681760985444
qm_sin_recentrado,IPSL-CM6A-LR,ssp245,medio,2058,365,0.47244085800910995,4559.061838841639
qm_sin_recentrado,IPSL-CM6A-LR,ssp245,medio,2059,365,0.4609275455583638,4447.958189478939
qm_sin_recentrado,IPSL-CM6A-LR,ssp245,medio,2060,366,0.4694880758855157,4530.56744410444
qm_sin_recentrado,IPSL-CM6A-LR,ssp245,medio,2061,365,0.5084807504184945,4906.847377230478
qm_sin_recentrado,IPSL-CM6A-LR,ssp245,medio,2062,365,0.494982892479375,4776.592832152248
qm_sin_recentrado,IPSL-CM6A-LR,ssp245,medio,2063,365,0.477718536856168,4609.991524158611
qm_sin_recentrado,IPSL-CM6A-LR,ssp245,medio,2064,366,0.4711482832896648,4546.588472117797
qm_sin_recentrado,IPSL-CM6A-LR,ssp245,medio,2065,365,0.5011023323031739,4835.645524362945
qm_sin_recentrado,IPSL-CM6A-LR,ssp245,medio,2066,365,0.5226512565200551,5043.592987838635
qm_sin_recentrado,IPSL-CM6A-LR,ssp245,medio,2067,365,0.5095206514535933,4916.882438857598
qm_sin_recentrado,IPSL-CM6A-LR,ssp245,medio,2068,366,0.48436718113516564,4674.151047829246
qm_sin_recentrado,IPSL-CM6A-LR,ssp245,medio,2069,365,0.44972500700764084,4339.853513223847
qm_sin_recentrado,IPSL-CM6A-LR,ssp245,lejano,2070,365,0.4796387326046404,4628.521443854501
qm_sin_recentrado,IPSL-CM6A-LR,ssp245,lejano,2071,365,0.5039871352687118,4863.483919137232
qm_sin_recentrado,IPSL-CM6A-LR,ssp245,lejano,2072,366,0.5109206738545934,4930.392677427607
qm_sin_recentrado,IPSL-CM6A-LR,ssp245,lejano,2073,365,0.4638799545112535,4476.448983112868
qm_sin_recentrado,IPSL-CM6A-LR,ssp245,lejano,2074,365,0.5023648739888006,4847.829071829909
qm_sin_recentrado,IPSL-CM6A-LR,ssp245,lejano,2075,365,0.5165215899515908,4984.44160737829
qm_sin_recentrado,IPSL-CM6A-LR,ssp245,lejano,2076,366,0.4756725044436608,4590.247278641397
qm_sin_recentrado,IPSL-CM6A-LR,ssp245,lejano,2077,365,0.465633480609363,4493.370538016043
qm_sin_recentrado,IPSL-CM6A-LR,ssp245,lejano,2078,365,0.47770769983160216,4609.886946698158
qm_sin_recentrado,IPSL-CM6A-LR,ssp245,lejano,2079,365,0.4950889430381737,4777.616221741464
qm_sin_recentrado,IPSL-CM6A-LR,ssp245,lejano,2080,366,0.506608748592767,4888.7825296601795
qm_sin_recentrado,IPSL-CM6A-LR,ssp245,lejano,2081,365,0.5043631829301141,4867.112785086528
qm_sin_recentrado,IPSL-CM6A-LR,ssp245,lejano,2082,365,0.4436317374137135,4281.053364150134
qm_sin_recentrado,IPSL-CM6A-LR,ssp245,lejano,2083,365,0.5281785082843069,5096.931055799694
qm_sin_recentrado,IPSL-CM6A-LR,ssp245,lejano,2084,366,0.5149760820926911,4969.527431811782
qm_sin_recentrado,IPSL-CM6A-LR,ssp245,lejano,2085,365,0.48334206131981877,4664.258625209232
qm_sin_recentrado,IPSL-CM6A-LR,ssp245,lejano,2086,365,0.4616459407609987,4454.890714678689
qm_sin_recentrado,IPSL-CM6A-LR,ssp245,lejano,2087,365,0.4648949319001029,4486.2435311549025
qm_sin_recentrado,IPSL-CM6A-LR,ssp245,lejano,2088,366,0.4777956819766847,4610.735975805917
qm_sin_recentrado,IPSL-CM6A-LR,ssp245,lejano,2089,365,0.4953008615017926,4779.661238306083
qm_sin_recentrado,IPSL-CM6A-LR,ssp245,lejano,2090,365,0.46657362889566983,4502.442984021275
qm_sin_recentrado,IPSL-CM6A-LR,ssp245,lejano,2091,365,0.45050591040368915,4347.389243490166
qm_sin_recentrado,IPSL-CM6A-LR,ssp245,lejano,2092,366,0.5104928920614713,4926.264576279471
qm_sin_recentrado,IPSL-CM6A-LR,ssp245,lejano,2093,365,0.5059873648940317,4882.786167025245
qm_sin_recentrado,IPSL-CM6A-LR,ssp245,lejano,2094,365,0.5125040939472292,4945.672706656265
qm_sin_recentrado,IPSL-CM6A-LR,ssp245,lejano,2095,365,0.49580719075200697,4784.547323671919
qm_sin_recentrado,IPSL-CM6A-LR,ssp245,lejano,2096,366,0.5160018157036473,4979.425777569248
qm_sin_recentrado,IPSL-CM6A-LR,ssp245,lejano,2097,365,0.46755911485621615,4511.952939308323
qm_sin_recentrado,IPSL-CM6A-LR,ssp245,lejano,2098,365,0.44031667492600385,4249.062958102736
qm_sin_recentrado,IPSL-CM6A-LR,ssp245,lejano,2099,365,0.497099983023001,4797.022789771689
qm_sin_recentrado,IPSL-CM6A-LR,ssp585,medio,2040,366,0.5098165115075554,4919.737493112093
qm_sin_recentrado,IPSL-CM6A-LR,ssp585,medio,2041,365,0.522279742611039,5040.007872672408
qm_sin_recentrado,IPSL-CM6A-LR,ssp585,medio,2042,365,0.4656898005541013,4493.914026383886
qm_sin_recentrado,IPSL-CM6A-LR,ssp585,medio,2043,365,0.4846390633338312,4676.774715396485
qm_sin_recentrado,IPSL-CM6A-LR,ssp585,medio,2044,366,0.48440234425523043,4674.4903725004815
qm_sin_recentrado,IPSL-CM6A-LR,ssp585,medio,2045,365,0.4834093932961748,4664.90837985838
qm_sin_recentrado,IPSL-CM6A-LR,ssp585,medio,2046,365,0.4413415282451684,4258.952809030327
qm_sin_recentrado,IPSL-CM6A-LR,ssp585,medio,2047,365,0.47689750323554764,4602.068536583087
qm_sin_recentrado,IPSL-CM6A-LR,ssp585,medio,2048,366,0.4719197633749769,4554.033267284741
qm_sin_recentrado,IPSL-CM6A-LR,ssp585,medio,2049,365,0.4504127679537087,4346.490417357576
qm_sin_recentrado,IPSL-CM6A-LR,ssp585,medio,2050,365,0.4872664495860316,4702.129034768398
qm_sin_recentrado,IPSL-CM6A-LR,ssp585,medio,2051,365,0.4949873394947632,4776.635745921896
qm_sin_recentrado,IPSL-CM6A-LR,ssp585,medio,2052,366,0.5112319984907809,4933.396965148011
qm_sin_recentrado,IPSL-CM6A-LR,ssp585,medio,2053,365,0.4980499988447485,4806.1904576518045
qm_sin_recentrado,IPSL-CM6A-LR,ssp585,medio,2054,365,0.4828814043124966,4659.813277718062
qm_sin_recentrado,IPSL-CM6A-LR,ssp585,medio,2055,365,0.511722342455318,4938.128792251297
qm_sin_recentrado,IPSL-CM6A-LR,ssp585,medio,2056,366,0.4993006162850132,4818.258935960237
qm_sin_recentrado,IPSL-CM6A-LR,ssp585,medio,2057,365,0.4688577146092741,4524.484447702928
qm_sin_recentrado,IPSL-CM6A-LR,ssp585,medio,2058,365,0.48558636598127075,4685.9162011011185
qm_sin_recentrado,IPSL-CM6A-LR,ssp585,medio,2059,365,0.5116525030531307,4937.454840902759
qm_sin_recentrado,IPSL-CM6A-LR,ssp585,medio,2060,366,0.4708537744374486,4543.746456981769
qm_sin_recentrado,IPSL-CM6A-LR,ssp585,medio,2061,365,0.49924309479259693,4817.703852638077
qm_sin_recentrado,IPSL-CM6A-LR,ssp585,medio,2062,365,0.4891693921146859,4720.4924606169925
qm_sin_recentrado,IPSL-CM6A-LR,ssp585,medio,2063,365,0.5083983392638193,4906.052108269284
qm_sin_recentrado,IPSL-CM6A-LR,ssp585,medio,2064,366,0.4986369005520899,4811.854068518076
qm_sin_recentrado,IPSL-CM6A-LR,ssp585,medio,2065,365,0.51838983293568,5002.470182066638
qm_sin_recentrado,IPSL-CM6A-LR,ssp585,medio,2066,365,0.5107301916660706,4928.554521260647
qm_sin_recentrado,IPSL-CM6A-LR,ssp585,medio,2067,365,0.4748553089175055,4582.361328738871
qm_sin_recentrado,IPSL-CM6A-LR,ssp585,medio,2068,366,0.5133005213158908,4953.358243506686
qm_sin_recentrado,IPSL-CM6A-LR,ssp585,medio,2069,365,0.5040246975371603,4863.846395628758
qm_sin_recentrado,IPSL-CM6A-LR,ssp585,lejano,2070,365,0.4958528127049384,4784.987576247659
qm_sin_recentrado,IPSL-CM6A-LR,ssp585,lejano,2071,365,0.4863097675499573,4692.897037813368
qm_sin_recentrado,IPSL-CM6A-LR,ssp585,lejano,2072,366,0.4843409361837447,4673.897783628115
qm_sin_recentrado,IPSL-CM6A-LR,ssp585,lejano,2073,365,0.5087057860675669,4909.018974844597
qm_sin_recentrado,IPSL-CM6A-LR,ssp585,lejano,2074,365,0.502613862876145,4850.231818576604
qm_sin_recentrado,IPSL-CM6A-LR,ssp585,lejano,2075,365,0.5030712016047142,4854.645144624717
qm_sin_recentrado,IPSL-CM6A-LR,ssp585,lejano,2076,366,0.5074512617882376,4896.912795476682
qm_sin_recentrado,IPSL-CM6A-LR,ssp585,lejano,2077,365,0.48461388916925074,4676.531784305496
qm_sin_recentrado,IPSL-CM6A-LR,ssp585,lejano,2078,365,0.4668321596222555,4504.93780966932
qm_sin_recentrado,IPSL-CM6A-LR,ssp585,lejano,2079,365,0.5035228334751645,4859.003399400672
qm_sin_recentrado,IPSL-CM6A-LR,ssp585,lejano,2080,366,0.5191707027163931,5010.005587944436
qm_sin_recentrado,IPSL-CM6A-LR,ssp585,lejano,2081,365,0.4841237185175076,4671.801629673444
qm_sin_recentrado,IPSL-CM6A-LR,ssp585,lejano,2082,365,0.4144241965173165,3999.2001271792483
qm_sin_recentrado,IPSL-CM6A-LR,ssp585,lejano,2083,365,0.49305264490088474,4757.965912135856
qm_sin_recentrado,IPSL-CM6A-LR,ssp585,lejano,2084,366,0.4629407007457191,4467.385169247401
qm_sin_recentrado,IPSL-CM6A-LR,ssp585,lejano,2085,365,0.4753259493598583,4586.903016537822
qm_sin_recentrado,IPSL-CM6A-LR,ssp585,lejano,2086,365,0.5321595922560232,5135.348579824099
qm_sin_recentrado,IPSL-CM6A-LR,ssp585,lejano,2087,365,0.5120831477766077,4941.6105693746285
qm_sin_recentrado,IPSL-CM6A-LR,ssp585,lejano,2088,366,0.496378035392052,4790.055983581867
qm_sin_recentrado,IPSL-CM6A-LR,ssp585,lejano,2089,365,0.506976154681116,4892.328004291244
qm_sin_recentrado,IPSL-CM6A-LR,ssp585,lejano,2090,365,0.4709422632190236,4544.600375139788
qm_sin_recentrado,IPSL-CM6A-LR,ssp585,lejano,2091,365,0.5136230592947619,4956.4707401634005
qm_sin_recentrado,IPSL-CM6A-LR,ssp585,lejano,2092,366,0.4799510230507,4631.535051655624
qm_sin_recentrado,IPSL-CM6A-LR,ssp585,lejano,2093,365,0.4369242768465667,4216.3262623577975
qm_sin_recentrado,IPSL-CM6A-LR,ssp585,lejano,2094,365,0.4889333335274603,4718.214491473327
qm_sin_recentrado,IPSL-CM6A-LR,ssp585,lejano,2095,365,0.4980391939265254,4806.086190018072
qm_sin_recentrado,IPSL-CM6A-LR,ssp585,lejano,2096,366,0.46565552291415246,4493.583246609937
qm_sin_recentrado,IPSL-CM6A-LR,ssp585,lejano,2097,365,0.49005594012626463,4729.047663113495
qm_sin_recentrado,IPSL-CM6A-LR,ssp585,lejano,2098,365,0.5014758108090323,4839.249597920134
qm_sin_recentrado,IPSL-CM6A-LR,ssp585,lejano,2099,365,0.4079990175682341,3937.1970475177395
qm_sin_recentrado,MIROC6,historical,historico,1981,365,0.48284823042715014,4659.493149193686
qm_sin_recentrado,MIROC6,historical,historico,1982,365,0.4911035364891374,4739.156984776759
qm_sin_recentrado,MIROC6,historical,historico,1983,365,0.515494015941322,4974.525501738013
qm_sin_recentrado,MIROC6,historical,historico,1984,366,0.5032074742976945,4855.960178292341
qm_sin_recentrado,MIROC6,historical,historico,1985,365,0.4416563817802411,4261.991150681434
qm_sin_recentrado,MIROC6,historical,historico,1986,365,0.49839259251552326,4809.49649205628
qm_sin_recentrado,MIROC6,historical,historico,1987,365,0.4924372072411272,4752.026928872193
qm_sin_recentrado,MIROC6,historical,historico,1988,366,0.48317530994889013,4662.649471811748
qm_sin_recentrado,MIROC6,historical,historico,1989,365,0.4784646922579516,4617.191935724309
qm_sin_recentrado,MIROC6,historical,historico,1990,365,0.4829702652049003,4660.670786751531
qm_sin_recentrado,MIROC6,historical,historico,1991,365,0.46548398978912914,4491.927949208932
qm_sin_recentrado,MIROC6,historical,historico,1992,366,0.5084380667567604,4906.435479211806
qm_sin_recentrado,MIROC6,historical,historico,1993,365,0.5014403716276209,4838.907609252487
qm_sin_recentrado,MIROC6,historical,historico,1994,365,0.4501195461623094,4343.6608223790245
qm_sin_recentrado,MIROC6,historical,historico,1995,365,0.39983399247096946,3858.4044246887347
qm_sin_recentrado,MIROC6,historical,historico,1996,366,0.4808203190979197,4639.923772420031
qm_sin_recentrado,MIROC6,historical,historico,1997,365,0.45914056368744627,4430.713785832875
qm_sin_recentrado,MIROC6,historical,historico,1998,365,0.5160866084972877,4980.244029384562
qm_sin_recentrado,MIROC6,historical,historico,1999,365,0.4798630015833415,4630.68564308727
qm_sin_recentrado,MIROC6,historical,historico,2000,366,0.4339940433071142,4188.049461818345
qm_sin_recentrado,MIROC6,historical,historico,2001,365,0.46814365785117706,4517.593788562383
qm_sin_recentrado,MIROC6,historical,historico,2002,365,0.4908596196446913,4736.803183325185
qm_sin_recentrado,MIROC6,historical,historico,2003,365,0.5095081942331467,4916.762226480973
qm_sin_recentrado,MIROC6,historical,historico,2004,366,0.4545157123371699,4386.083896305087
qm_sin_recentrado,MIROC6,historical,historico,2005,365,0.4536170479125476,4377.41177022885
qm_sin_recentrado,MIROC6,historical,historico,2006,365,0.47604927311710293,4593.883102368412
qm_sin_recentrado,MIROC6,historical,historico,2007,365,0.5016152439268067,4840.595129737587
qm_sin_recentrado,MIROC6,historical,historico,2008,366,0.4655467866973071,4492.533940377601
qm_sin_recentrado,MIROC6,historical,historico,2009,365,0.4522904997318339,4364.610559060192
qm_sin_recentrado,MIROC6,historical,historico,2010,365,0.47133456015059527,4548.386046806206
qm_sin_recentrado,MIROC6,historical,historico,2011,365,0.4303897814617349,4153.268277342245
qm_sin_recentrado,MIROC6,historical,historico,2012,366,0.4843285107246472,4673.777877749017
qm_sin_recentrado,MIROC6,historical,historico,2013,365,0.5035127280329464,4858.905881721581
qm_sin_recentrado,MIROC6,historical,historico,2014,365,0.42065079051854287,4059.286858916587
qm_sin_recentrado,MIROC6,ssp126,medio,2040,366,0.45113905087559886,4353.499059174343
qm_sin_recentrado,MIROC6,ssp126,medio,2041,365,0.4583948563749987,4423.517698336439
qm_sin_recentrado,MIROC6,ssp126,medio,2042,365,0.46140128724506346,4452.529804335458
qm_sin_recentrado,MIROC6,ssp126,medio,2043,365,0.4290200415487815,4140.050265266406
qm_sin_recentrado,MIROC6,ssp126,medio,2044,366,0.43219900003349343,4170.727265507212
qm_sin_recentrado,MIROC6,ssp126,medio,2045,365,0.4514585246144676,4356.581985866006
qm_sin_recentrado,MIROC6,ssp126,medio,2046,365,0.36774921196853855,3548.7857794837882
qm_sin_recentrado,MIROC6,ssp126,medio,2047,365,0.458903027497836,4428.421557802557
qm_sin_recentrado,MIROC6,ssp126,medio,2048,366,0.41964312114247404,4049.5628333148125
qm_sin_recentrado,MIROC6,ssp126,medio,2049,365,0.45446273219227973,4385.572637059215
qm_sin_recentrado,MIROC6,ssp126,medio,2050,365,0.4649090951311597,4486.380206561213
qm_sin_recentrado,MIROC6,ssp126,medio,2051,365,0.355256679742847,3428.2326436253493
qm_sin_recentrado,MIROC6,ssp126,medio,2052,366,0.3924240482611348,3786.898344504723
qm_sin_recentrado,MIROC6,ssp126,medio,2053,365,0.45183655958297714,4360.230029360683
qm_sin_recentrado,MIROC6,ssp126,medio,2054,365,0.4674753655552108,4511.144757213633
qm_sin_recentrado,MIROC6,ssp126,medio,2055,365,0.49652684919313855,4791.492039143373
qm_sin_recentrado,MIROC6,ssp126,medio,2056,366,0.4527092829489017,4368.651823805429
qm_sin_recentrado,MIROC6,ssp126,medio,2057,365,0.4394422518924865,4240.624761838525
qm_sin_recentrado,MIROC6,ssp126,medio,2058,365,0.4284817978062925,4134.8562045394865
qm_sin_recentrado,MIROC6,ssp126,medio,2059,365,0.4853737698129016,4683.864644674816
qm_sin_recentrado,MIROC6,ssp126,medio,2060,366,0.45070703217480074,4349.330071799342
qm_sin_recentrado,MIROC6,ssp126,medio,2061,365,0.47464451877692065,4580.327200509584
qm_sin_recentrado,MIROC6,ssp126,medio,2062,365,0.45320504853219645,4373.435969616472
qm_sin_recentrado,MIROC6,ssp126,medio,2063,365,0.3880686182203917,3744.868374924671
qm_sin_recentrado,MIROC6,ssp126,medio,2064,366,0.44184300170654656,4263.792035956201
qm_sin_recentrado,MIROC6,ssp126,medio,2065,365,0.446583308642639,4309.536073734404
qm_sin_recentrado,MIROC6,ssp126,medio,2066,365,0.44951651874870774,4337.841598189329
qm_sin_recentrado,MIROC6,ssp126,medio,2067,365,0.39885793896789956,3848.985492767254
qm_sin_recentrado,MIROC6,ssp126,medio,2068,366,0.4047711366332518,3906.0479448490655
qm_sin_recentrado,MIROC6,ssp126,medio,2069,365,0.4546727526921629,4387.599338243414
qm_sin_recentrado,MIROC6,ssp126,lejano,2070,365,0.439913342738802,4245.170796042923
qm_sin_recentrado,MIROC6,ssp126,lejano,2071,365,0.45330715538915145,4374.421302419798
qm_sin_recentrado,MIROC6,ssp126,lejano,2072,366,0.43011486713294955,4150.6153496708375
qm_sin_recentrado,MIROC6,ssp126,lejano,2073,365,0.45964504379598414,4435.582026951947
qm_sin_recentrado,MIROC6,ssp126,lejano,2074,365,0.40027288792152743,3862.6397728089464
qm_sin_recentrado,MIROC6,ssp126,lejano,2075,365,0.4583887386536183,4423.4586622272345
qm_sin_recentrado,MIROC6,ssp126,lejano,2076,366,0.4678735399151837,4514.9871461581615
qm_sin_recentrado,MIROC6,ssp126,lejano,2077,365,0.43242575084181745,4172.915414435552
qm_sin_recentrado,MIROC6,ssp126,lejano,2078,365,0.4135916099247422,3991.165653239521
qm_sin_recentrado,MIROC6,ssp126,lejano,2079,365,0.423141155263758,4083.3189185537485
qm_sin_recentrado,MIROC6,ssp126,lejano,2080,366,0.47214163167102263,4556.174299891474
qm_sin_recentrado,MIROC6,ssp126,lejano,2081,365,0.4787982155101394,4620.410440444293
qm_sin_recentrado,MIROC6,ssp126,lejano,2082,365,0.48178581988970937,4649.240870508814
qm_sin_recentrado,MIROC6,ssp126,lejano,2083,365,0.47424409190439043,4576.463074782837
qm_sin_recentrado,MIROC6,ssp126,lejano,2084,366,0.43878199272736856,4234.25325033099
qm_sin_recentrado,MIROC6,ssp126,lejano,2085,365,0.4023516380167266,3882.6997444876197
qm_sin_recentrado,MIROC6,ssp126,lejano,2086,365,0.4420536095874624,4265.824405376765
qm_sin_recentrado,MIROC6,ssp126,lejano,2087,365,0.3593817837348645,3468.039963149982
qm_sin_recentrado,MIROC6,ssp126,lejano,2088,366,0.451826572775449,4360.133656508247
qm_sin_recentrado,MIROC6,ssp126,lejano,2089,365,0.4428177572818251,4273.198442853728
qm_sin_recentrado,MIROC6,ssp126,lejano,2090,365,0.4538579298644674,4379.7362849189885
qm_sin_recentrado,MIROC6,ssp126,lejano,2091,365,0.4518293142992373,4360.160112256668
qm_sin_recentrado,MIROC6,ssp126,lejano,2092,366,0.4276955001161186,4127.268419248546
qm_sin_recentrado,MIROC6,ssp126,lejano,2093,365,0.3998945646050953,3858.988946752203
qm_sin_recentrado,MIROC6,ssp126,lejano,2094,365,0.451645423331153,4358.385561472399
qm_sin_recentrado,MIROC6,ssp126,lejano,2095,365,0.4364707713456386,4211.949927017754
qm_sin_recentrado,MIROC6,ssp126,lejano,2096,366,0.46687647517471903,4505.3654554596405
qm_sin_recentrado,MIROC6,ssp126,lejano,2097,365,0.4376198543639233,4223.038596529529
qm_sin_recentrado,MIROC6,ssp126,lejano,2098,365,0.48975751518102423,4726.167857617126
qm_sin_recentrado,MIROC6,ssp126,lejano,2099,365,0.42051812303884895,4058.006615614861
qm_sin_recentrado,MIROC6,ssp245,medio,2040,366,0.44781087715218204,4321.38212949259
qm_sin_recentrado,MIROC6,ssp245,medio,2041,365,0.42648077296577136,4115.546282812061
qm_sin_recentrado,MIROC6,ssp245,medio,2042,365,0.4414184774265023,4259.695369861386
qm_sin_recentrado,MIROC6,ssp245,medio,2043,365,0.46965521606623717,4532.180349522646
qm_sin_recentrado,MIROC6,ssp245,medio,2044,366,0.4327046980297703,4175.607259262451
qm_sin_recentrado,MIROC6,ssp245,medio,2045,365,0.3576003492639146,3450.8490920023637
qm_sin_recentrado,MIROC6,ssp245,medio,2046,365,0.41936772400732175,4046.9052465542386
qm_sin_recentrado,MIROC6,ssp245,medio,2047,365,0.41234882214798185,3979.1727313091787
qm_sin_recentrado,MIROC6,ssp245,medio,2048,366,0.4435253254267812,4280.026486773646
qm_sin_recentrado,MIROC6,ssp245,medio,2049,365,0.4117781187835576,3973.6654347112303
qm_sin_recentrado,MIROC6,ssp245,medio,2050,365,0.4451546852359573,4295.749835001951
qm_sin_recentrado,MIROC6,ssp245,medio,2051,365,0.4464223463633717,4307.982785164078
qm_sin_recentrado,MIROC6,ssp245,medio,2052,366,0.4384060044466019,4230.624957405779
qm_sin_recentrado,MIROC6,ssp245,medio,2053,365,0.4345598654770165,4193.509654811057
qm_sin_recentrado,MIROC6,ssp245,medio,2054,365,0.39835167861475845,3844.1000722592767
qm_sin_recentrado,MIROC6,ssp245,medio,2055,365,0.43467711164020834,4194.6410821617965
qm_sin_recentrado,MIROC6,ssp245,medio,2056,366,0.4493644424718881,4336.3740596848
qm_sin_recentrado,MIROC6,ssp245,medio,2057,365,0.4448436416578781,4292.74825949679
qm_sin_recentrado,MIROC6,ssp245,medio,2058,365,0.46138956125260305,4452.416648320599
qm_sin_recentrado,MIROC6,ssp245,medio,2059,365,0.4590753094354942,4430.08408125747
qm_sin_recentrado,MIROC6,ssp245,medio,2060,366,0.4602735642968137,4441.647259841281
qm_sin_recentrado,MIROC6,ssp245,medio,2061,365,0.4081724465210154,3938.870639686943
qm_sin_recentrado,MIROC6,ssp245,medio,2062,365,0.45069750871410225,4349.238170251225
qm_sin_recentrado,MIROC6,ssp245,medio,2063,365,0.4566173910129344,4406.365129153073
qm_sin_recentrado,MIROC6,ssp245,medio,2064,366,0.46641527009747724,4500.914819084976
qm_sin_recentrado,MIROC6,ssp245,medio,2065,365,0.43538604199756226,4201.482271453147
qm_sin_recentrado,MIROC6,ssp245,medio,2066,365,0.3877368542625919,3741.6668474236803
qm_sin_recentrado,MIROC6,ssp245,medio,2067,365,0.4554522624506201,4395.121619884683
qm_sin_recentrado,MIROC6,ssp245,medio,2068,366,0.4470687383295011,4314.220477979499
qm_sin_recentrado,MIROC6,ssp245,medio,2069,365,0.4355430533947172,4202.997433947875
qm_sin_recentrado,MIROC6,ssp245,lejano,2070,365,0.4215102560835489,4067.580715370344
qm_sin_recentrado,MIROC6,ssp245,lejano,2071,365,0.42443876788383395,4095.8409010992837
qm_sin_recentrado,MIROC6,ssp245,lejano,2072,366,0.4624352915394901,4462.507962320744
qm_sin_recentrado,MIROC6,ssp245,lejano,2073,365,0.3916280035297587,3779.2165001102276
qm_sin_recentrado,MIROC6,ssp245,lejano,2074,365,0.4318841493090501,4167.688950978722
qm_sin_recentrado,MIROC6,ssp245,lejano,2075,365,0.4218662562379244,4071.01612255607
qm_sin_recentrado,MIROC6,ssp245,lejano,2076,366,0.46915983742736833,4527.399937731502
qm_sin_recentrado,MIROC6,ssp245,lejano,2077,365,0.43213784756300355,4170.137143188545
qm_sin_recentrado,MIROC6,ssp245,lejano,2078,365,0.4251401663240679,4102.609407269916
qm_sin_recentrado,MIROC6,ssp245,lejano,2079,365,0.41772744545920576,4031.0765323204623
qm_sin_recentrado,MIROC6,ssp245,lejano,2080,366,0.4306363706867991,4155.647867309542
qm_sin_recentrado,MIROC6,ssp245,lejano,2081,365,0.46174891026319603,4455.884372022405
qm_sin_recentrado,MIROC6,ssp245,lejano,2082,365,0.43882537207136674,4234.671861694642
qm_sin_recentrado,MIROC6,ssp245,lejano,2083,365,0.39808340945677917,3841.5112705924703
qm_sin_recentrado,MIROC6,ssp245,lejano,2084,366,0.431918283267586,4168.018344224737
qm_sin_recentrado,MIROC6,ssp245,lejano,2085,365,0.4546672714682846,4387.54644434529
qm_sin_recentrado,MIROC6,ssp245,lejano,2086,365,0.45690331571225967,4409.124307076358
qm_sin_recentrado,MIROC6,ssp245,lejano,2087,365,0.47342830905920313,4568.590757274255
qm_sin_recentrado,MIROC6,ssp245,lejano,2088,366,0.46345920315163885,4472.388725760565
qm_sin_recentrado,MIROC6,ssp245,lejano,2089,365,0.44989871752900756,4341.529822534403
qm_sin_recentrado,MIROC6,ssp245,lejano,2090,365,0.4785467684907179,4617.983972683723
qm_sin_recentrado,MIROC6,ssp245,lejano,2091,365,0.44441971471002006,4288.657357667129
qm_sin_recentrado,MIROC6,ssp245,lejano,2092,366,0.45006499708632114,4343.134422922952
qm_sin_recentrado,MIROC6,ssp245,lejano,2093,365,0.4417734946622865,4263.121291866979
qm_sin_recentrado,MIROC6,ssp245,lejano,2094,365,0.4347811878753956,4195.645419496574
qm_sin_recentrado,MIROC6,ssp245,lejano,2095,365,0.44448342884158376,4289.272200056144
qm_sin_recentrado,MIROC6,ssp245,lejano,2096,366,0.42600937702453917,4110.997304436835
qm_sin_recentrado,MIROC6,ssp245,lejano,2097,365,0.4072176082877928,3929.656435458933
qm_sin_recentrado,MIROC6,ssp245,lejano,2098,365,0.4384108615245045,4230.671828285253
qm_sin_recentrado,MIROC6,ssp245,lejano,2099,365,0.47839638158819986,4616.532736668234
qm_sin_recentrado,MIROC6,ssp585,medio,2040,366,0.46155461946022064,4454.00946266504
qm_sin_recentrado,MIROC6,ssp585,medio,2041,365,0.3741047755918284,3610.117070137554
qm_sin_recentrado,MIROC6,ssp585,medio,2042,365,0.4429652450364818,4274.62170204597
qm_sin_recentrado,MIROC6,ssp585,medio,2043,365,0.4690862262234754,4526.6895884361575
qm_sin_recentrado,MIROC6,ssp585,medio,2044,366,0.45166497882175644,4358.57427226961
qm_sin_recentrado,MIROC6,ssp585,medio,2045,365,0.4409012305320298,4254.703929053776
qm_sin_recentrado,MIROC6,ssp585,medio,2046,365,0.33172706948264996,3201.171528140683
qm_sin_recentrado,MIROC6,ssp585,medio,2047,365,0.4481453192504416,4324.60950109187
qm_sin_recentrado,MIROC6,ssp585,medio,2048,366,0.4573933856067123,4413.853489398944
qm_sin_recentrado,MIROC6,ssp585,medio,2049,365,0.4464047037919597,4307.812534067672
qm_sin_recentrado,MIROC6,ssp585,medio,2050,365,0.45549907184955507,4395.573331333356
qm_sin_recentrado,MIROC6,ssp585,medio,2051,365,0.46897816050392527,4525.646752513447
qm_sin_recentrado,MIROC6,ssp585,medio,2052,366,0.4422072291279489,4267.306836400373
qm_sin_recentrado,MIROC6,ssp585,medio,2053,365,0.4883547325538888,4712.630982820747
qm_sin_recentrado,MIROC6,ssp585,medio,2054,365,0.45424037030506376,4383.42684128979
qm_sin_recentrado,MIROC6,ssp585,medio,2055,365,0.4710344416965126,4545.489898922414
qm_sin_recentrado,MIROC6,ssp585,medio,2056,366,0.4565821757280387,4406.025301090385
qm_sin_recentrado,MIROC6,ssp585,medio,2057,365,0.3982606448531979,3843.221595003677
qm_sin_recentrado,MIROC6,ssp585,medio,2058,365,0.4239822928704657,4091.4359099166795
qm_sin_recentrado,MIROC6,ssp585,medio,2059,365,0.4726486212408657,4561.066757352293
qm_sin_recentrado,MIROC6,ssp585,medio,2060,366,0.4737278604095951,4571.481432598359
qm_sin_recentrado,MIROC6,ssp585,medio,2061,365,0.49192687449490313,4747.102209705807
qm_sin_recentrado,MIROC6,ssp585,medio,2062,365,0.43288190156842965,4177.317276245771
qm_sin_recentrado,MIROC6,ssp585,medio,2063,365,0.4608250662291556,4446.96926231241
qm_sin_recentrado,MIROC6,ssp585,medio,2064,366,0.43113061138356057,4160.4172979411405
qm_sin_recentrado,MIROC6,ssp585,medio,2065,365,0.4250872912170183,4102.099161640886
qm_sin_recentrado,MIROC6,ssp585,medio,2066,365,0.4759934079553774,4593.344002663919
qm_sin_recentrado,MIROC6,ssp585,medio,2067,365,0.45441751330403163,4385.136274064118
qm_sin_recentrado,MIROC6,ssp585,medio,2068,366,0.44915410742078987,4334.3443230763405
qm_sin_recentrado,MIROC6,ssp585,medio,2069,365,0.488761204217907,4716.5534408820695
qm_sin_recentrado,MIROC6,ssp585,lejano,2070,365,0.4428213912493116,4273.233510698116
qm_sin_recentrado,MIROC6,ssp585,lejano,2071,365,0.42092266207079215,4061.9104237457373
qm_sin_recentrado,MIROC6,ssp585,lejano,2072,366,0.4423833577824125,4269.006480734005
qm_sin_recentrado,MIROC6,ssp585,lejano,2073,365,0.47857733050920354,4618.2788966511025
qm_sin_recentrado,MIROC6,ssp585,lejano,2074,365,0.47680245258738324,4601.151296307489
qm_sin_recentrado,MIROC6,ssp585,lejano,2075,365,0.4591390287816689,4430.6989739675655
qm_sin_recentrado,MIROC6,ssp585,lejano,2076,366,0.41201269678293195,3975.9291161584415
qm_sin_recentrado,MIROC6,ssp585,lejano,2077,365,0.42121574307959475,4064.7386601699786
qm_sin_recentrado,MIROC6,ssp585,lejano,2078,365,0.4837136956298075,4667.844902246771
qm_sin_recentrado,MIROC6,ssp585,lejano,2079,365,0.4839921938926037,4670.532414938726
qm_sin_recentrado,MIROC6,ssp585,lejano,2080,366,0.4586723104016401,4426.195134132793
qm_sin_recentrado,MIROC6,ssp585,lejano,2081,365,0.4321654434337078,4170.403443782374
qm_sin_recentrado,MIROC6,ssp585,lejano,2082,365,0.4227771617709469,4079.8063755242256
qm_sin_recentrado,MIROC6,ssp585,lejano,2083,365,0.4269140534926514,4119.7274468289415
qm_sin_recentrado,MIROC6,ssp585,lejano,2084,366,0.42626761143172875,4113.489270597965
qm_sin_recentrado,MIROC6,ssp585,lejano,2085,365,0.40026398862768553,3862.553894480983
qm_sin_recentrado,MIROC6,ssp585,lejano,2086,365,0.45811959246271333,4420.861397178663
qm_sin_recentrado,MIROC6,ssp585,lejano,2087,365,0.405946211138038,3917.3874326214445
qm_sin_recentrado,MIROC6,ssp585,lejano,2088,366,0.4412134990762962,4257.717325502243
qm_sin_recentrado,MIROC6,ssp585,lejano,2089,365,0.4718552399659292,4553.4106153550565
qm_sin_recentrado,MIROC6,ssp585,lejano,2090,365,0.41440835893839295,3999.0472942892347
qm_sin_recentrado,MIROC6,ssp585,lejano,2091,365,0.44097277523890327,4255.39433661982
qm_sin_recentrado,MIROC6,ssp585,lejano,2092,366,0.4610212129256665,4448.862081072089
qm_sin_recentrado,MIROC6,ssp585,lejano,2093,365,0.4823822527731518,4654.9964573769585
qm_sin_recentrado,MIROC6,ssp585,lejano,2094,365,0.46995414178356104,4535.064987477632
qm_sin_recentrado,MIROC6,ssp585,lejano,2095,365,0.46227051300244026,4460.917846801756
qm_sin_recentrado,MIROC6,ssp585,lejano,2096,366,0.4547213411465885,4388.068217606037
qm_sin_recentrado,MIROC6,ssp585,lejano,2097,365,0.485301966952847,4683.171745926445
qm_sin_recentrado,MIROC6,ssp585,lejano,2098,365,0.4597113496326835,4436.221879336989
qm_sin_recentrado,MIROC6,ssp585,lejano,2099,365,0.46133306066992924,4451.871416793788
qm_sin_recentrado,MPI-ESM1-2-HR,historical,historico,1981,365,0.42599764393063216,4110.884079892903
qm_sin_recentrado,MPI-ESM1-2-HR,historical,historico,1982,365,0.4101362453077088,3957.821329399315
qm_sin_recentrado,MPI-ESM1-2-HR,historical,historico,1983,365,0.4881297454096289,4710.459853278845
qm_sin_recentrado,MPI-ESM1-2-HR,historical,historico,1984,366,0.4725155767918414,4559.782876290498
qm_sin_recentrado,MPI-ESM1-2-HR,historical,historico,1985,365,0.47056320270094804,4540.942435075391
qm_sin_recentrado,MPI-ESM1-2-HR,historical,historico,1986,365,0.4695788524538102,4531.443439440907
qm_sin_recentrado,MPI-ESM1-2-HR,historical,historico,1987,365,0.45724737546558436,4412.444489200896
qm_sin_recentrado,MPI-ESM1-2-HR,historical,historico,1988,366,0.4253675771411373,4104.803925293209
qm_sin_recentrado,MPI-ESM1-2-HR,historical,historico,1989,365,0.45199626257578757,4361.771165796551
qm_sin_recentrado,MPI-ESM1-2-HR,historical,historico,1990,365,0.42034599260491556,4056.3455541733165
qm_sin_recentrado,MPI-ESM1-2-HR,historical,historico,1991,365,0.5045103834841005,4868.533272787705
qm_sin_recentrado,MPI-ESM1-2-HR,historical,historico,1992,366,0.4734362661238794,4568.667543075694
qm_sin_recentrado,MPI-ESM1-2-HR,historical,historico,1993,365,0.488534380840233,4714.364591658341
qm_sin_recentrado,MPI-ESM1-2-HR,historical,historico,1994,365,0.4520229951255469,4362.02913532945
qm_sin_recentrado,MPI-ESM1-2-HR,historical,historico,1995,365,0.40077754469520926,3867.509718749484
qm_sin_recentrado,MPI-ESM1-2-HR,historical,historico,1996,366,0.3552791352445755,3428.4493395763175
qm_sin_recentrado,MPI-ESM1-2-HR,historical,historico,1997,365,0.4155096694617822,4009.6749584609092
qm_sin_recentrado,MPI-ESM1-2-HR,historical,historico,1998,365,0.4696161763134038,4531.803615283167
qm_sin_recentrado,MPI-ESM1-2-HR,historical,historico,1999,365,0.49625987750156064,4788.9157580481005
qm_sin_recentrado,MPI-ESM1-2-HR,historical,historico,2000,366,0.5026236591339549,4850.32635262121
qm_sin_recentrado,MPI-ESM1-2-HR,historical,historico,2001,365,0.4941162399390428,4768.229621271602
qm_sin_recentrado,MPI-ESM1-2-HR,historical,historico,2002,365,0.4475788339772216,4319.142909141531
qm_sin_recentrado,MPI-ESM1-2-HR,historical,historico,2003,365,0.432257137992355,4171.288297740433
qm_sin_recentrado,MPI-ESM1-2-HR,historical,historico,2004,366,0.45778579487467486,4417.64024511333
qm_sin_recentrado,MPI-ESM1-2-HR,historical,historico,2005,365,0.43704182173568795,4217.460572418536
qm_sin_recentrado,MPI-ESM1-2-HR,historical,historico,2006,365,0.4460995975638091,4304.868254084319
qm_sin_recentrado,MPI-ESM1-2-HR,historical,historico,2007,365,0.41679939459141796,4022.120826597497
qm_sin_recentrado,MPI-ESM1-2-HR,historical,historico,2008,366,0.4748643357344923,4582.448437667222
qm_sin_recentrado,MPI-ESM1-2-HR,historical,historico,2009,365,0.4365159321209075,4212.385729221671
qm_sin_recentrado,MPI-ESM1-2-HR,historical,historico,2010,365,0.4435708853468195,4280.466140730973
qm_sin_recentrado,MPI-ESM1-2-HR,historical,historico,2011,365,0.4164720289545805,4018.961742964165
qm_sin_recentrado,MPI-ESM1-2-HR,historical,historico,2012,366,0.4536463853232229,4377.694876711265
qm_sin_recentrado,MPI-ESM1-2-HR,historical,historico,2013,365,0.4853606129569837,4683.737680804699
qm_sin_recentrado,MPI-ESM1-2-HR,historical,historico,2014,365,0.41759387233949713,4029.787549578104
qm_sin_recentrado,MPI-ESM1-2-HR,ssp126,medio,2040,366,0.3888886246594131,3752.7814501813305
qm_sin_recentrado,MPI-ESM1-2-HR,ssp126,medio,2041,365,0.39805948183791845,3841.280368687622
qm_sin_recentrado,MPI-ESM1-2-HR,ssp126,medio,2042,365,0.4216811466262688,4069.22981184184
qm_sin_recentrado,MPI-ESM1-2-HR,ssp126,medio,2043,365,0.4712883349820376,4547.939973190022
qm_sin_recentrado,MPI-ESM1-2-HR,ssp126,medio,2044,366,0.48221002027835924,4653.334411046491
qm_sin_recentrado,MPI-ESM1-2-HR,ssp126,medio,2045,365,0.4470476060577969,4314.016551219437
qm_sin_recentrado,MPI-ESM1-2-HR,ssp126,medio,2046,365,0.3778921401177031,3646.6651984100768
qm_sin_recentrado,MPI-ESM1-2-HR,ssp126,medio,2047,365,0.40511004540997636,3909.318419966998
qm_sin_recentrado,MPI-ESM1-2-HR,ssp126,medio,2048,366,0.40906790290998135,3947.5118081677665
qm_sin_recentrado,MPI-ESM1-2-HR,ssp126,medio,2049,365,0.4698565099217705,4534.122838449243
qm_sin_recentrado,MPI-ESM1-2-HR,ssp126,medio,2050,365,0.4345429058482372,4193.345994121983
qm_sin_recentrado,MPI-ESM1-2-HR,ssp126,medio,2051,365,0.41296320996934016,3985.101583615492
qm_sin_recentrado,MPI-ESM1-2-HR,ssp126,medio,2052,366,0.44503574487535263,4294.602058619071
qm_sin_recentrado,MPI-ESM1-2-HR,ssp126,medio,2053,365,0.43319281946641924,4180.317638936057
qm_sin_recentrado,MPI-ESM1-2-HR,ssp126,medio,2054,365,0.44973184309700165,4339.919481595555
qm_sin_recentrado,MPI-ESM1-2-HR,ssp126,medio,2055,365,0.4531584481079309,4372.986274776703
qm_sin_recentrado,MPI-ESM1-2-HR,ssp126,medio,2056,366,0.4693397672461218,4529.136263361352
qm_sin_recentrado,MPI-ESM1-2-HR,ssp126,medio,2057,365,0.44473683413990056,4291.717565239385
qm_sin_recentrado,MPI-ESM1-2-HR,ssp126,medio,2058,365,0.47471717461301083,4581.028330490348
qm_sin_recentrado,MPI-ESM1-2-HR,ssp126,medio,2059,365,0.4924700902404684,4752.344250341963
qm_sin_recentrado,MPI-ESM1-2-HR,ssp126,medio,2060,366,0.45389204426652124,4380.065489444638
qm_sin_recentrado,MPI-ESM1-2-HR,ssp126,medio,2061,365,0.4131155649890511,3986.571811993382
qm_sin_recentrado,MPI-ESM1-2-HR,ssp126,medio,2062,365,0.4769801502315326,4602.866081416692
qm_sin_recentrado,MPI-ESM1-2-HR,ssp126,medio,2063,365,0.47245911565864845,4559.2380254518075
qm_sin_recentrado,MPI-ESM1-2-HR,ssp126,medio,2064,366,0.48234004006419484,4654.58910406012
qm_sin_recentrado,MPI-ESM1-2-HR,ssp126,medio,2065,365,0.48349629518951626,4665.746984519555
qm_sin_recentrado,MPI-ESM1-2-HR,ssp126,medio,2066,365,0.5162261747137841,4981.590845606811
qm_sin_recentrado,MPI-ESM1-2-HR,ssp126,medio,2067,365,0.45992104686879026,4438.245461020576
qm_sin_recentrado,MPI-ESM1-2-HR,ssp126,medio,2068,366,0.44508661581390585,4295.092963990044
qm_sin_recentrado,MPI-ESM1-2-HR,ssp126,medio,2069,365,0.4538967118526701,4380.110531725656
qm_sin_recentrado,MPI-ESM1-2-HR,ssp126,lejano,2070,365,0.4479248889810104,4322.482345464974
qm_sin_recentrado,MPI-ESM1-2-HR,ssp126,lejano,2071,365,0.43704726100043784,4217.513061410401
qm_sin_recentrado,MPI-ESM1-2-HR,ssp126,lejano,2072,366,0.4702305860463604,4537.732679036754
qm_sin_recentrado,MPI-ESM1-2-HR,ssp126,lejano,2073,365,0.4135369423656696,3990.6381104197894
qm_sin_recentrado,MPI-ESM1-2-HR,ssp126,lejano,2074,365,0.43120953210273,4161.178884143857
qm_sin_recentrado,MPI-ESM1-2-HR,ssp126,lejano,2075,365,0.492391857150447,4751.589299771528
qm_sin_recentrado,MPI-ESM1-2-HR,ssp126,lejano,2076,366,0.4689260168578587,4525.143565494605
qm_sin_recentrado,MPI-ESM1-2-HR,ssp126,lejano,2077,365,0.49964722488288105,4821.6037144754
qm_sin_recentrado,MPI-ESM1-2-HR,ssp126,lejano,2078,365,0.441730165113203,4262.703161025051
qm_sin_recentrado,MPI-ESM1-2-HR,ssp126,lejano,2079,365,0.4788560185589483,4620.968240790147
qm_sin_recentrado,MPI-ESM1-2-HR,ssp126,lejano,2080,366,0.5076299930027696,4898.637554556613
qm_sin_recentrado,MPI-ESM1-2-HR,ssp126,lejano,2081,365,0.5188873240782645,5007.270979552438
qm_sin_recentrado,MPI-ESM1-2-HR,ssp126,lejano,2082,365,0.4354315244731848,4201.921178070625
qm_sin_recentrado,MPI-ESM1-2-HR,ssp126,lejano,2083,365,0.494566535077423,4772.574976561693
qm_sin_recentrado,MPI-ESM1-2-HR,ssp126,lejano,2084,366,0.48829296439033604,4712.034919054173
qm_sin_recentrado,MPI-ESM1-2-HR,ssp126,lejano,2085,365,0.4175121260624932,4028.9986966970764
qm_sin_recentrado,MPI-ESM1-2-HR,ssp126,lejano,2086,365,0.48000719043225093,4632.077067786268
qm_sin_recentrado,MPI-ESM1-2-HR,ssp126,lejano,2087,365,0.4903971814241415,4732.340647097868
qm_sin_recentrado,MPI-ESM1-2-HR,ssp126,lejano,2088,366,0.4900256964843603,4728.75581148522
qm_sin_recentrado,MPI-ESM1-2-HR,ssp126,lejano,2089,365,0.42643304575985663,4115.085714511349
qm_sin_recentrado,MPI-ESM1-2-HR,ssp126,lejano,2090,365,0.4704844233244584,4540.182212831796
qm_sin_recentrado,MPI-ESM1-2-HR,ssp126,lejano,2091,365,0.4821712236657302,4652.960023113875
qm_sin_recentrado,MPI-ESM1-2-HR,ssp126,lejano,2092,366,0.495233647868634,4779.0126256706835
qm_sin_recentrado,MPI-ESM1-2-HR,ssp126,lejano,2093,365,0.4993890505225702,4819.11232776761
qm_sin_recentrado,MPI-ESM1-2-HR,ssp126,lejano,2094,365,0.4265608583033936,4116.319107601481
qm_sin_recentrado,MPI-ESM1-2-HR,ssp126,lejano,2095,365,0.38427200441419496,3708.2309909490514
qm_sin_recentrado,MPI-ESM1-2-HR,ssp126,lejano,2096,366,0.3865504304831799,3730.217838969573
qm_sin_recentrado,MPI-ESM1-2-HR,ssp126,lejano,2097,365,0.47382283823251453,4572.397970109176
qm_sin_recentrado,MPI-ESM1-2-HR,ssp126,lejano,2098,365,0.420921714512037,4061.901279788589
qm_sin_recentrado,MPI-ESM1-2-HR,ssp126,lejano,2099,365,0.4204573280668258,4057.4199431621178
qm_sin_recentrado,MPI-ESM1-2-HR,ssp245,medio,2040,366,0.46120907536711275,4450.674956637844
qm_sin_recentrado,MPI-ESM1-2-HR,ssp245,medio,2041,365,0.4398226824694731,4244.295922993334
qm_sin_recentrado,MPI-ESM1-2-HR,ssp245,medio,2042,365,0.3994680999437383,3854.873555946673
qm_sin_recentrado,MPI-ESM1-2-HR,ssp245,medio,2043,365,0.4297204928479141,4146.809631510257
qm_sin_recentrado,MPI-ESM1-2-HR,ssp245,medio,2044,366,0.4567692225384221,4407.830305803333
qm_sin_recentrado,MPI-ESM1-2-HR,ssp245,medio,2045,365,0.4699404238558225,4534.932609255468
qm_sin_recentrado,MPI-ESM1-2-HR,ssp245,medio,2046,365,0.47090919140462173,4544.281231601661
qm_sin_recentrado,MPI-ESM1-2-HR,ssp245,medio,2047,365,0.45009830949352325,4343.455888185451
qm_sin_recentrado,MPI-ESM1-2-HR,ssp245,medio,2048,366,0.4338402966429181,4186.565804048905
qm_sin_recentrado,MPI-ESM1-2-HR,ssp245,medio,2049,365,0.39393496812235357,3801.4787453402014
qm_sin_recentrado,MPI-ESM1-2-HR,ssp245,medio,2050,365,0.48016534172329123,4633.603230275227
qm_sin_recentrado,MPI-ESM1-2-HR,ssp245,medio,2051,365,0.4982162085540633,4807.794384006048
qm_sin_recentrado,MPI-ESM1-2-HR,ssp245,medio,2052,366,0.421701886257185,4069.4299496120148
qm_sin_recentrado,MPI-ESM1-2-HR,ssp245,medio,2053,365,0.4340961359646348,4189.034657596901
qm_sin_recentrado,MPI-ESM1-2-HR,ssp245,medio,2054,365,0.43979054829705766,4243.985827715379
qm_sin_recentrado,MPI-ESM1-2-HR,ssp245,medio,2055,365,0.45185302641682196,4360.388934570754
qm_sin_recentrado,MPI-ESM1-2-HR,ssp245,medio,2056,366,0.47028895429507844,4538.295933570776
qm_sin_recentrado,MPI-ESM1-2-HR,ssp245,medio,2057,365,0.5288933833756784,5103.82961186943
qm_sin_recentrado,MPI-ESM1-2-HR,ssp245,medio,2058,365,0.5198220288039261,5016.290895110348
qm_sin_recentrado,MPI-ESM1-2-HR,ssp245,medio,2059,365,0.4582173343792184,4421.804608236807
qm_sin_recentrado,MPI-ESM1-2-HR,ssp245,medio,2060,366,0.47248583952695633,4559.495911208561
qm_sin_recentrado,MPI-ESM1-2-HR,ssp245,medio,2061,365,0.4807752354205816,4639.488714212379
qm_sin_recentrado,MPI-ESM1-2-HR,ssp245,medio,2062,365,0.504612153287085,4869.515353014822
qm_sin_recentrado,MPI-ESM1-2-HR,ssp245,medio,2063,365,0.4480013285040792,4323.21998808562
qm_sin_recentrado,MPI-ESM1-2-HR,ssp245,medio,2064,366,0.4873671870345471,4703.101152758372
qm_sin_recentrado,MPI-ESM1-2-HR,ssp245,medio,2065,365,0.4277657720833358,4127.946544856543
qm_sin_recentrado,MPI-ESM1-2-HR,ssp245,medio,2066,365,0.35223405103093103,3399.0642281933
qm_sin_recentrado,MPI-ESM1-2-HR,ssp245,medio,2067,365,0.4263613248508515,4114.393606591914
qm_sin_recentrado,MPI-ESM1-2-HR,ssp245,medio,2068,366,0.41691981737704265,4023.2829084055393
qm_sin_recentrado,MPI-ESM1-2-HR,ssp245,medio,2069,365,0.4861936157927148,4691.7761714975495
qm_sin_recentrado,MPI-ESM1-2-HR,ssp245,lejano,2070,365,0.45841012819856003,4423.665071678155
qm_sin_recentrado,MPI-ESM1-2-HR,ssp245,lejano,2071,365,0.4061500964658306,3919.3549292968087
qm_sin_recentrado,MPI-ESM1-2-HR,ssp245,lejano,2072,366,0.45590222501016464,4399.463765783688
qm_sin_recentrado,MPI-ESM1-2-HR,ssp245,lejano,2073,365,0.4742388579643752,4576.4125671779475
qm_sin_recentrado,MPI-ESM1-2-HR,ssp245,lejano,2074,365,0.48152359324118216,4646.710379154899
qm_sin_recentrado,MPI-ESM1-2-HR,ssp245,lejano,2075,365,0.42906468478181353,4140.481073179457
qm_sin_recentrado,MPI-ESM1-2-HR,ssp245,lejano,2076,366,0.41444701282773566,3999.420304939854
qm_sin_recentrado,MPI-ESM1-2-HR,ssp245,lejano,2077,365,0.4929374737154742,4756.854508353905
qm_sin_recentrado,MPI-ESM1-2-HR,ssp245,lejano,2078,365,0.4621420146968966,4459.677836097287
qm_sin_recentrado,MPI-ESM1-2-HR,ssp245,lejano,2079,365,0.4759939752303638,4593.349476876614
qm_sin_recentrado,MPI-ESM1-2-HR,ssp245,lejano,2080,366,0.4961119143930149,4787.4879116832235
qm_sin_recentrado,MPI-ESM1-2-HR,ssp245,lejano,2081,365,0.49071450436687675,4735.40281857243
qm_sin_recentrado,MPI-ESM1-2-HR,ssp245,lejano,2082,365,0.45421078702310375,4383.141362145543
qm_sin_recentrado,MPI-ESM1-2-HR,ssp245,lejano,2083,365,0.4771262082782049,4604.275543904009
qm_sin_recentrado,MPI-ESM1-2-HR,ssp245,lejano,2084,366,0.5008059366656,4832.785301718028
qm_sin_recentrado,MPI-ESM1-2-HR,ssp245,lejano,2085,365,0.4841967678177565,4672.506556589635
qm_sin_recentrado,MPI-ESM1-2-HR,ssp245,lejano,2086,365,0.5004009423128039,4828.877099733634
qm_sin_recentrado,MPI-ESM1-2-HR,ssp245,lejano,2087,365,0.44805241312753286,4323.712955519301
qm_sin_recentrado,MPI-ESM1-2-HR,ssp245,lejano,2088,366,0.4617240341100229,4455.644316746267
qm_sin_recentrado,MPI-ESM1-2-HR,ssp245,lejano,2089,365,0.4707145207828182,4542.402656986528
qm_sin_recentrado,MPI-ESM1-2-HR,ssp245,lejano,2090,365,0.4774138591548129,4607.051379465691
qm_sin_recentrado,MPI-ESM1-2-HR,ssp245,lejano,2091,365,0.4192720076417253,4045.9815820947715
qm_sin_recentrado,MPI-ESM1-2-HR,ssp245,lejano,2092,366,0.40972159924267554,3953.8199882374065
qm_sin_recentrado,MPI-ESM1-2-HR,ssp245,lejano,2093,365,0.47032542629568386,4538.647888960169
qm_sin_recentrado,MPI-ESM1-2-HR,ssp245,lejano,2094,365,0.4760185843733582,4593.586955500256
qm_sin_recentrado,MPI-ESM1-2-HR,ssp245,lejano,2095,365,0.41791074742148593,4032.8453991892975
qm_sin_recentrado,MPI-ESM1-2-HR,ssp245,lejano,2096,366,0.4991714709923858,4817.012681820058
qm_sin_recentrado,MPI-ESM1-2-HR,ssp245,lejano,2097,365,0.4557919095270436,4398.399219606524
qm_sin_recentrado,MPI-ESM1-2-HR,ssp245,lejano,2098,365,0.48629403599046833,4692.745228012595
qm_sin_recentrado,MPI-ESM1-2-HR,ssp245,lejano,2099,365,0.49192712413080525,4747.104618696257
qm_sin_recentrado,MPI-ESM1-2-HR,ssp585,medio,2040,366,0.4272880727374594,4123.336738525647
qm_sin_recentrado,MPI-ESM1-2-HR,ssp585,medio,2041,365,0.45872824081324753,4426.7348634996915
qm_sin_recentrado,MPI-ESM1-2-HR,ssp585,medio,2042,365,0.4378933141543257,4225.677487882269
qm_sin_recentrado,MPI-ESM1-2-HR,ssp585,medio,2043,365,0.4355880948573207,4203.432084782662
qm_sin_recentrado,MPI-ESM1-2-HR,ssp585,medio,2044,366,0.3848364706998672,3713.6780996372495
qm_sin_recentrado,MPI-ESM1-2-HR,ssp585,medio,2045,365,0.44886332314198396,4331.538250133315
qm_sin_recentrado,MPI-ESM1-2-HR,ssp585,medio,2046,365,0.40163083131735994,3875.7439483058242
qm_sin_recentrado,MPI-ESM1-2-HR,ssp585,medio,2047,365,0.46818072423900486,4517.951479797985
qm_sin_recentrado,MPI-ESM1-2-HR,ssp585,medio,2048,366,0.49762250665586866,4802.065151189238
qm_sin_recentrado,MPI-ESM1-2-HR,ssp585,medio,2049,365,0.44455787717026934,4289.990627619133
qm_sin_recentrado,MPI-ESM1-2-HR,ssp585,medio,2050,365,0.4603493848310822,4442.3789292101
qm_sin_recentrado,MPI-ESM1-2-HR,ssp585,medio,2051,365,0.3693552316739085,3564.2838953369233
qm_sin_recentrado,MPI-ESM1-2-HR,ssp585,medio,2052,366,0.45917476676916885,4431.043846118747
qm_sin_recentrado,MPI-ESM1-2-HR,ssp585,medio,2053,365,0.48369029089910437,4667.619046221012
qm_sin_recentrado,MPI-ESM1-2-HR,ssp585,medio,2054,365,0.47607204123006397,4594.102815022776
qm_sin_recentrado,MPI-ESM1-2-HR,ssp585,medio,2055,365,0.45742446035725753,4414.1533612389
qm_sin_recentrado,MPI-ESM1-2-HR,ssp585,medio,2056,366,0.4876412789545735,4705.746144172098
qm_sin_recentrado,MPI-ESM1-2-HR,ssp585,medio,2057,365,0.4973369917766861,4799.309928036889
qm_sin_recentrado,MPI-ESM1-2-HR,ssp585,medio,2058,365,0.4637562021802704,4475.254771138844
qm_sin_recentrado,MPI-ESM1-2-HR,ssp585,medio,2059,365,0.51592802749733,4978.713720197675
qm_sin_recentrado,MPI-ESM1-2-HR,ssp585,medio,2060,366,0.49559145592363796,4782.465479126401
qm_sin_recentrado,MPI-ESM1-2-HR,ssp585,medio,2061,365,0.4422708473302702,4267.920753070664
qm_sin_recentrado,MPI-ESM1-2-HR,ssp585,medio,2062,365,0.46827633575726596,4518.874132478988
qm_sin_recentrado,MPI-ESM1-2-HR,ssp585,medio,2063,365,0.41529851981930016,4007.637361032563
qm_sin_recentrado,MPI-ESM1-2-HR,ssp585,medio,2064,366,0.4577543582266687,4417.336880957085
qm_sin_recentrado,MPI-ESM1-2-HR,ssp585,medio,2065,365,0.4713425958435564,4548.463591371852
qm_sin_recentrado,MPI-ESM1-2-HR,ssp585,medio,2066,365,0.49665666619662824,4792.744775304121
qm_sin_recentrado,MPI-ESM1-2-HR,ssp585,medio,2067,365,0.4922023229520972,4749.760291724904
qm_sin_recentrado,MPI-ESM1-2-HR,ssp585,medio,2068,366,0.477594438866129,4608.793976569166
qm_sin_recentrado,MPI-ESM1-2-HR,ssp585,medio,2069,365,0.46746649301856463,4511.059137093036
qm_sin_recentrado,MPI-ESM1-2-HR,ssp585,lejano,2070,365,0.47528381998464525,4586.496467392945
qm_sin_recentrado,MPI-ESM1-2-HR,ssp585,lejano,2071,365,0.4816625910708227,4648.0517104348955
qm_sin_recentrado,MPI-ESM1-2-HR,ssp585,lejano,2072,366,0.48794153240622795,4708.643594784618
qm_sin_recentrado,MPI-ESM1-2-HR,ssp585,lejano,2073,365,0.4326324820340788,4174.910373748573
qm_sin_recentrado,MPI-ESM1-2-HR,ssp585,lejano,2074,365,0.44456153973730367,4290.025971449615
qm_sin_recentrado,MPI-ESM1-2-HR,ssp585,lejano,2075,365,0.46990092181190735,4534.551413899653
qm_sin_recentrado,MPI-ESM1-2-HR,ssp585,lejano,2076,366,0.45812268553722263,4420.891245397166
qm_sin_recentrado,MPI-ESM1-2-HR,ssp585,lejano,2077,365,0.480056188148991,4632.549896536773
qm_sin_recentrado,MPI-ESM1-2-HR,ssp585,lejano,2078,365,0.5109413940218328,4930.59262737299
qm_sin_recentrado,MPI-ESM1-2-HR,ssp585,lejano,2079,365,0.4879813434813115,4709.027772296151
qm_sin_recentrado,MPI-ESM1-2-HR,ssp585,lejano,2080,366,0.47045993664622093,4539.9459159950175
qm_sin_recentrado,MPI-ESM1-2-HR,ssp585,lejano,2081,365,0.4720906997566018,4555.682806102403
qm_sin_recentrado,MPI-ESM1-2-HR,ssp585,lejano,2082,365,0.5175174756094921,4994.051919911208
qm_sin_recentrado,MPI-ESM1-2-HR,ssp585,lejano,2083,365,0.4957427324591901,4783.925300114903
qm_sin_recentrado,MPI-ESM1-2-HR,ssp585,lejano,2084,366,0.49850746216726083,4810.6049860334615
qm_sin_recentrado,MPI-ESM1-2-HR,ssp585,lejano,2085,365,0.47717116156878564,4604.709343877366
qm_sin_recentrado,MPI-ESM1-2-HR,ssp585,lejano,2086,365,0.44274921331798367,4272.536992505956
qm_sin_recentrado,MPI-ESM1-2-HR,ssp585,lejano,2087,365,0.482061424904095,4651.900463307315
qm_sin_recentrado,MPI-ESM1-2-HR,ssp585,lejano,2088,366,0.5060829267054987,4883.708340034889
qm_sin_recentrado,MPI-ESM1-2-HR,ssp585,lejano,2089,365,0.4757164242793866,4590.671105758869
qm_sin_recentrado,MPI-ESM1-2-HR,ssp585,lejano,2090,365,0.4904446845820692,4732.79905333192
qm_sin_recentrado,MPI-ESM1-2-HR,ssp585,lejano,2091,365,0.43438228596714173,4191.796009699493
qm_sin_recentrado,MPI-ESM1-2-HR,ssp585,lejano,2092,366,0.4370270984491616,4217.318492467984
qm_sin_recentrado,MPI-ESM1-2-HR,ssp585,lejano,2093,365,0.4994748716938949,4819.940503444032
qm_sin_recentrado,MPI-ESM1-2-HR,ssp585,lejano,2094,365,0.5029387168077311,4853.366664214072
qm_sin_recentrado,MPI-ESM1-2-HR,ssp585,lejano,2095,365,0.5251410179720694,5067.619225686756
qm_sin_recentrado,MPI-ESM1-2-HR,ssp585,lejano,2096,366,0.5180395000358223,4999.089463977685
qm_sin_recentrado,MPI-ESM1-2-HR,ssp585,lejano,2097,365,0.5292510522804093,5107.281122522785
qm_sin_recentrado,MPI-ESM1-2-HR,ssp585,lejano,2098,365,0.5247337369456662,5063.688957265469
qm_sin_recentrado,MPI-ESM1-2-HR,ssp585,lejano,2099,365,0.4728120739266793,4562.644078385637
qm_sin_recentrado,MPI-ESM1-2-LR,historical,historico,1981,365,0.47995462473653544,4631.569807981562
qm_sin_recentrado,MPI-ESM1-2-LR,historical,historico,1982,365,0.4447916160361786,4292.246211414979
qm_sin_recentrado,MPI-ESM1-2-LR,historical,historico,1983,365,0.4114652323628293,3970.64607574502
qm_sin_recentrado,MPI-ESM1-2-LR,historical,historico,1984,366,0.4326090031760053,4174.683802392501
qm_sin_recentrado,MPI-ESM1-2-LR,historical,historico,1985,365,0.4596783430053732,4435.903364855339
qm_sin_recentrado,MPI-ESM1-2-LR,historical,historico,1986,365,0.41008075069269084,3957.2858054764774
qm_sin_recentrado,MPI-ESM1-2-LR,historical,historico,1987,365,0.40072269476709316,3866.980416065565
qm_sin_recentrado,MPI-ESM1-2-LR,historical,historico,1988,366,0.4502866050236301,4345.27294306371
qm_sin_recentrado,MPI-ESM1-2-LR,historical,historico,1989,365,0.46158780495041074,4454.329703176343
qm_sin_recentrado,MPI-ESM1-2-LR,historical,historico,1990,365,0.48619002906601383,4691.741559527498
qm_sin_recentrado,MPI-ESM1-2-LR,historical,historico,1991,365,0.4342397534068968,4190.4205682126085
qm_sin_recentrado,MPI-ESM1-2-LR,historical,historico,1992,366,0.4690304527221013,4526.151373255521
qm_sin_recentrado,MPI-ESM1-2-LR,historical,historico,1993,365,0.4659061305267833,4496.001614081548
qm_sin_recentrado,MPI-ESM1-2-LR,historical,historico,1994,365,0.4454091595460418,4298.205516165856
qm_sin_recentrado,MPI-ESM1-2-LR,historical,historico,1995,365,0.4767574875211797,4600.717382699184
qm_sin_recentrado,MPI-ESM1-2-LR,historical,historico,1996,366,0.4638812997838159,4476.46196501462
qm_sin_recentrado,MPI-ESM1-2-LR,historical,historico,1997,365,0.4888253497767742,4717.172446551467
qm_sin_recentrado,MPI-ESM1-2-LR,historical,historico,1998,365,0.4457293591253652,4301.29544722952
qm_sin_recentrado,MPI-ESM1-2-LR,historical,historico,1999,365,0.4198213212972588,4051.282467659688
qm_sin_recentrado,MPI-ESM1-2-LR,historical,historico,2000,366,0.45167816234757713,4358.701493504717
qm_sin_recentrado,MPI-ESM1-2-LR,historical,historico,2001,365,0.48364556924692803,4667.187481561963
qm_sin_recentrado,MPI-ESM1-2-LR,historical,historico,2002,365,0.5058412542755358,4881.376197218989
qm_sin_recentrado,MPI-ESM1-2-LR,historical,historico,2003,365,0.49304150728021545,4757.858433918196
qm_sin_recentrado,MPI-ESM1-2-LR,historical,historico,2004,366,0.42940256047034653,4143.7415789798115
qm_sin_recentrado,MPI-ESM1-2-LR,historical,historico,2005,365,0.4039624498682541,3898.2441046278495
qm_sin_recentrado,MPI-ESM1-2-LR,historical,historico,2006,365,0.43952589274532555,4241.431897406675
qm_sin_recentrado,MPI-ESM1-2-LR,historical,historico,2007,365,0.48829065868648575,4712.012668975126
qm_sin_recentrado,MPI-ESM1-2-LR,historical,historico,2008,366,0.48658865087373615,4695.588266349968
qm_sin_recentrado,MPI-ESM1-2-LR,historical,historico,2009,365,0.44049522741610775,4250.785992489078
qm_sin_recentrado,MPI-ESM1-2-LR,historical,historico,2010,365,0.42490066796679843,4100.298244290292
qm_sin_recentrado,MPI-ESM1-2-LR,historical,historico,2011,365,0.4737305247788773,4571.5071438045625
qm_sin_recentrado,MPI-ESM1-2-LR,historical,historico,2012,366,0.4336290691457929,4184.527455322007
qm_sin_recentrado,MPI-ESM1-2-LR,historical,historico,2013,365,0.41241023641809044,3979.7653799983545
qm_sin_recentrado,MPI-ESM1-2-LR,historical,historico,2014,365,0.43373742108934843,4185.573053310949
qm_sin_recentrado,MPI-ESM1-2-LR,ssp126,medio,2040,366,0.48726738211554443,4702.138033693117
qm_sin_recentrado,MPI-ESM1-2-LR,ssp126,medio,2041,365,0.49118954475599924,4739.9869659281085
qm_sin_recentrado,MPI-ESM1-2-LR,ssp126,medio,2042,365,0.5119626334214618,4940.44760391924
qm_sin_recentrado,MPI-ESM1-2-LR,ssp126,medio,2043,365,0.49532118231069716,4779.857334437144
qm_sin_recentrado,MPI-ESM1-2-LR,ssp126,medio,2044,366,0.48169211517006555,4648.336618464975
qm_sin_recentrado,MPI-ESM1-2-LR,ssp126,medio,2045,365,0.4655144340638588,4492.221736947182
qm_sin_recentrado,MPI-ESM1-2-LR,ssp126,medio,2046,365,0.4736256456629917,4570.4950586582
qm_sin_recentrado,MPI-ESM1-2-LR,ssp126,medio,2047,365,0.4988596345726802,4814.003455380517
qm_sin_recentrado,MPI-ESM1-2-LR,ssp126,medio,2048,366,0.46800892929234794,4516.293655814026
qm_sin_recentrado,MPI-ESM1-2-LR,ssp126,medio,2049,365,0.4170943442941005,4024.967095947578
qm_sin_recentrado,MPI-ESM1-2-LR,ssp126,medio,2050,365,0.46954917644297467,4531.157065461529
qm_sin_recentrado,MPI-ESM1-2-LR,ssp126,medio,2051,365,0.46330663512776005,4470.916441889047
qm_sin_recentrado,MPI-ESM1-2-LR,ssp126,medio,2052,366,0.4023660174393665,3882.8385061461654
qm_sin_recentrado,MPI-ESM1-2-LR,ssp126,medio,2053,365,0.4497697486055507,4340.285270359541
qm_sin_recentrado,MPI-ESM1-2-LR,ssp126,medio,2054,365,0.4651989407194978,4489.177221126204
qm_sin_recentrado,MPI-ESM1-2-LR,ssp126,medio,2055,365,0.47621023273061974,4595.436365214204
qm_sin_recentrado,MPI-ESM1-2-LR,ssp126,medio,2056,366,0.48663411169457965,4696.02696399848
qm_sin_recentrado,MPI-ESM1-2-LR,ssp126,medio,2057,365,0.49424292886997045,4769.452171482077
qm_sin_recentrado,MPI-ESM1-2-LR,ssp126,medio,2058,365,0.4909227453880913,4737.412347759007
qm_sin_recentrado,MPI-ESM1-2-LR,ssp126,medio,2059,365,0.48461684509785613,4676.560309063832
qm_sin_recentrado,MPI-ESM1-2-LR,ssp126,medio,2060,366,0.47581640601872893,4591.63593114323
qm_sin_recentrado,MPI-ESM1-2-LR,ssp126,medio,2061,365,0.4282672581201344,4132.785893135427
qm_sin_recentrado,MPI-ESM1-2-LR,ssp126,medio,2062,365,0.41903797400689075,4043.7231537740795
qm_sin_recentrado,MPI-ESM1-2-LR,ssp126,medio,2063,365,0.4691500004370195,4527.305010617244
qm_sin_recentrado,MPI-ESM1-2-LR,ssp126,medio,2064,366,0.46124402322022856,4451.012203979577
qm_sin_recentrado,MPI-ESM1-2-LR,ssp126,medio,2065,365,0.45468839293679064,4387.750266854317
qm_sin_recentrado,MPI-ESM1-2-LR,ssp126,medio,2066,365,0.4775364998584301,4608.234864217848
qm_sin_recentrado,MPI-ESM1-2-LR,ssp126,medio,2067,365,0.496605587108922,4792.2518612904905
qm_sin_recentrado,MPI-ESM1-2-LR,ssp126,medio,2068,366,0.44289604969513696,4273.953965894867
qm_sin_recentrado,MPI-ESM1-2-LR,ssp126,medio,2069,365,0.43766779519962057,4223.5012263610615
qm_sin_recentrado,MPI-ESM1-2-LR,ssp126,lejano,2070,365,0.48569109717558,4686.926858801901
qm_sin_recentrado,MPI-ESM1-2-LR,ssp126,lejano,2071,365,0.47317475057062575,4566.143913802547
qm_sin_recentrado,MPI-ESM1-2-LR,ssp126,lejano,2072,366,0.45423287588772043,4383.354520042516
qm_sin_recentrado,MPI-ESM1-2-LR,ssp126,lejano,2073,365,0.4270822107351057,4121.350166909141
qm_sin_recentrado,MPI-ESM1-2-LR,ssp126,lejano,2074,365,0.4301956249729384,4151.394664118854
qm_sin_recentrado,MPI-ESM1-2-LR,ssp126,lejano,2075,365,0.4481631045693781,4324.781129704171
qm_sin_recentrado,MPI-ESM1-2-LR,ssp126,lejano,2076,366,0.4823396010585365,4654.584867648494
qm_sin_recentrado,MPI-ESM1-2-LR,ssp126,lejano,2077,365,0.4973079393478739,4799.029571634012
qm_sin_recentrado,MPI-ESM1-2-LR,ssp126,lejano,2078,365,0.49972109627473266,4822.31657458871
qm_sin_recentrado,MPI-ESM1-2-LR,ssp126,lejano,2079,365,0.41319549698566693,3987.343157039638
qm_sin_recentrado,MPI-ESM1-2-LR,ssp126,lejano,2080,366,0.4782330361720384,4614.956450788748
qm_sin_recentrado,MPI-ESM1-2-LR,ssp126,lejano,2081,365,0.41285897355776247,3984.0957005759847
qm_sin_recentrado,MPI-ESM1-2-LR,ssp126,lejano,2082,365,0.46537390738458845,4490.865652243796
qm_sin_recentrado,MPI-ESM1-2-LR,ssp126,lejano,2083,365,0.4584146229876494,4423.708446464784
qm_sin_recentrado,MPI-ESM1-2-LR,ssp126,lejano,2084,366,0.4478578074705308,4321.835007815542
qm_sin_recentrado,MPI-ESM1-2-LR,ssp126,lejano,2085,365,0.472231576396474,4557.042267931196
qm_sin_recentrado,MPI-ESM1-2-LR,ssp126,lejano,2086,365,0.5029689225286583,4853.658149904312
qm_sin_recentrado,MPI-ESM1-2-LR,ssp126,lejano,2087,365,0.4931949933584949,4759.339577029369
qm_sin_recentrado,MPI-ESM1-2-LR,ssp126,lejano,2088,366,0.48426353890112817,4673.150898612509
qm_sin_recentrado,MPI-ESM1-2-LR,ssp126,lejano,2089,365,0.5024366907576433,4848.52210479831
qm_sin_recentrado,MPI-ESM1-2-LR,ssp126,lejano,2090,365,0.4976470668960064,4802.302157899531
qm_sin_recentrado,MPI-ESM1-2-LR,ssp126,lejano,2091,365,0.45940842267933546,4433.29862939035
qm_sin_recentrado,MPI-ESM1-2-LR,ssp126,lejano,2092,366,0.47674409041364235,4600.588100397095
qm_sin_recentrado,MPI-ESM1-2-LR,ssp126,lejano,2093,365,0.45637308200394644,4404.007543307394
qm_sin_recentrado,MPI-ESM1-2-LR,ssp126,lejano,2094,365,0.4023309875592328,3882.500467242397
qm_sin_recentrado,MPI-ESM1-2-LR,ssp126,lejano,2095,365,0.4324621590550559,4173.266754275834
qm_sin_recentrado,MPI-ESM1-2-LR,ssp126,lejano,2096,366,0.4602890462449452,4441.796660888461
qm_sin_recentrado,MPI-ESM1-2-LR,ssp126,lejano,2097,365,0.5214741845745654,5032.234224731508
qm_sin_recentrado,MPI-ESM1-2-LR,ssp126,lejano,2098,365,0.4728912809125765,4563.408427066858
qm_sin_recentrado,MPI-ESM1-2-LR,ssp126,lejano,2099,365,0.46597045420899774,4496.622338644095
qm_sin_recentrado,MPI-ESM1-2-LR,ssp245,medio,2040,366,0.4929222690550589,4756.707783137622
qm_sin_recentrado,MPI-ESM1-2-LR,ssp245,medio,2041,365,0.5072856213398438,4895.314362499434
qm_sin_recentrado,MPI-ESM1-2-LR,ssp245,medio,2042,365,0.4617451832915203,4455.848406686103
qm_sin_recentrado,MPI-ESM1-2-LR,ssp245,medio,2043,365,0.38606420106117795,3725.5257172675842
qm_sin_recentrado,MPI-ESM1-2-LR,ssp245,medio,2044,366,0.4628650751701732,4466.655381233374
qm_sin_recentrado,MPI-ESM1-2-LR,ssp245,medio,2045,365,0.4724618370815442,4559.264287226294
qm_sin_recentrado,MPI-ESM1-2-LR,ssp245,medio,2046,365,0.45271464928654237,4368.703609049521
qm_sin_recentrado,MPI-ESM1-2-LR,ssp245,medio,2047,365,0.4765659202820804,4598.8687557768
qm_sin_recentrado,MPI-ESM1-2-LR,ssp245,medio,2048,366,0.4673643722440766,4510.073669985294
qm_sin_recentrado,MPI-ESM1-2-LR,ssp245,medio,2049,365,0.4641599747083336,4479.151182495015
qm_sin_recentrado,MPI-ESM1-2-LR,ssp245,medio,2050,365,0.4630330150903466,4468.276004150086
qm_sin_recentrado,MPI-ESM1-2-LR,ssp245,medio,2051,365,0.4783344809119565,4615.935394152075
qm_sin_recentrado,MPI-ESM1-2-LR,ssp245,medio,2052,366,0.45347809638804387,4376.070885794165
qm_sin_recentrado,MPI-ESM1-2-LR,ssp245,medio,2053,365,0.46206601495676236,4458.9444373889955
qm_sin_recentrado,MPI-ESM1-2-LR,ssp245,medio,2054,365,0.4698205768446064,4533.776083679681
qm_sin_recentrado,MPI-ESM1-2-LR,ssp245,medio,2055,365,0.44198713420658586,4265.1829168877
qm_sin_recentrado,MPI-ESM1-2-LR,ssp245,medio,2056,366,0.4375632920642296,4222.492769432489
qm_sin_recentrado,MPI-ESM1-2-LR,ssp245,medio,2057,365,0.41299447629087377,3985.403304118552
qm_sin_recentrado,MPI-ESM1-2-LR,ssp245,medio,2058,365,0.4737722427614283,4571.909723003668
qm_sin_recentrado,MPI-ESM1-2-LR,ssp245,medio,2059,365,0.5005246361979775,4830.070747704662
qm_sin_recentrado,MPI-ESM1-2-LR,ssp245,medio,2060,366,0.4740652999384693,4574.737729451028
qm_sin_recentrado,MPI-ESM1-2-LR,ssp245,medio,2061,365,0.47772511648763144,4610.055017707507
qm_sin_recentrado,MPI-ESM1-2-LR,ssp245,medio,2062,365,0.44124952910776427,4258.065015882391
qm_sin_recentrado,MPI-ESM1-2-LR,ssp245,medio,2063,365,0.5144429505136847,4964.3827035442655
qm_sin_recentrado,MPI-ESM1-2-LR,ssp245,medio,2064,366,0.4579761074794731,4419.476764794635
qm_sin_recentrado,MPI-ESM1-2-LR,ssp245,medio,2065,365,0.45854287074265626,4424.946039352564
qm_sin_recentrado,MPI-ESM1-2-LR,ssp245,medio,2066,365,0.5030131824413049,4854.08525876951
qm_sin_recentrado,MPI-ESM1-2-LR,ssp245,medio,2067,365,0.49067505328923455,4735.022115041966
qm_sin_recentrado,MPI-ESM1-2-LR,ssp245,medio,2068,366,0.49142081361630874,4742.218714130397
qm_sin_recentrado,MPI-ESM1-2-LR,ssp245,medio,2069,365,0.4745356614436181,4579.276725501497
qm_sin_recentrado,MPI-ESM1-2-LR,ssp245,lejano,2070,365,0.5074972916096497,4897.356983989785
qm_sin_recentrado,MPI-ESM1-2-LR,ssp245,lejano,2071,365,0.49900170561261425,4815.374443189017
qm_sin_recentrado,MPI-ESM1-2-LR,ssp245,lejano,2072,366,0.5134011159651887,4954.328983481926
qm_sin_recentrado,MPI-ESM1-2-LR,ssp245,lejano,2073,365,0.4898108271519201,4726.682318989263
qm_sin_recentrado,MPI-ESM1-2-LR,ssp245,lejano,2074,365,0.5015329029324247,4839.800537824345
qm_sin_recentrado,MPI-ESM1-2-LR,ssp245,lejano,2075,365,0.4758817797989879,4592.266789168709
qm_sin_recentrado,MPI-ESM1-2-LR,ssp245,lejano,2076,366,0.4743268988751864,4577.262163375931
qm_sin_recentrado,MPI-ESM1-2-LR,ssp245,lejano,2077,365,0.44409215010929676,4285.4963540291155
qm_sin_recentrado,MPI-ESM1-2-LR,ssp245,lejano,2078,365,0.49500297612010535,4776.786639606634
qm_sin_recentrado,MPI-ESM1-2-LR,ssp245,lejano,2079,365,0.47527877084173475,4586.447743083074
qm_sin_recentrado,MPI-ESM1-2-LR,ssp245,lejano,2080,366,0.5104064803052978,4925.430701449808
qm_sin_recentrado,MPI-ESM1-2-LR,ssp245,lejano,2081,365,0.5018977843149677,4843.321649003986
qm_sin_recentrado,MPI-ESM1-2-LR,ssp245,lejano,2082,365,0.47460363184954396,4579.9326410062085
qm_sin_recentrado,MPI-ESM1-2-LR,ssp245,lejano,2083,365,0.48020269306373037,4633.963671308087
qm_sin_recentrado,MPI-ESM1-2-LR,ssp245,lejano,2084,366,0.46519978123260264,4489.185332091115
qm_sin_recentrado,MPI-ESM1-2-LR,ssp245,lejano,2085,365,0.4304282344044953,4153.63934885513
qm_sin_recentrado,MPI-ESM1-2-LR,ssp245,lejano,2086,365,0.45243394651387703,4365.994822802058
qm_sin_recentrado,MPI-ESM1-2-LR,ssp245,lejano,2087,365,0.5000047461609752,4825.053800529349
qm_sin_recentrado,MPI-ESM1-2-LR,ssp245,lejano,2088,366,0.49204196611634876,4748.212845694223
qm_sin_recentrado,MPI-ESM1-2-LR,ssp245,lejano,2089,365,0.47099936866485864,4545.151443605783
qm_sin_recentrado,MPI-ESM1-2-LR,ssp245,lejano,2090,365,0.47562408235716536,4589.780004731963
qm_sin_recentrado,MPI-ESM1-2-LR,ssp245,lejano,2091,365,0.47255126756887156,4560.127292859891
qm_sin_recentrado,MPI-ESM1-2-LR,ssp245,lejano,2092,366,0.5143959837176405,4963.92947321097
qm_sin_recentrado,MPI-ESM1-2-LR,ssp245,lejano,2093,365,0.4595555763300846,4434.718664474538
qm_sin_recentrado,MPI-ESM1-2-LR,ssp245,lejano,2094,365,0.46672328412488095,4503.887159377647
qm_sin_recentrado,MPI-ESM1-2-LR,ssp245,lejano,2095,365,0.48918168650345945,4720.611101665368
qm_sin_recentrado,MPI-ESM1-2-LR,ssp245,lejano,2096,366,0.49293454091469785,4756.8262067794885
qm_sin_recentrado,MPI-ESM1-2-LR,ssp245,lejano,2097,365,0.5061194329265651,4884.060625652281
qm_sin_recentrado,MPI-ESM1-2-LR,ssp245,lejano,2098,365,0.49104452761924405,4738.587548238146
qm_sin_recentrado,MPI-ESM1-2-LR,ssp245,lejano,2099,365,0.4944403655091074,4771.3574382087345
qm_sin_recentrado,MPI-ESM1-2-LR,ssp585,medio,2040,366,0.4713043209535828,4548.094238071209
qm_sin_recentrado,MPI-ESM1-2-LR,ssp585,medio,2041,365,0.5002287298928527,4827.215247125707
qm_sin_recentrado,MPI-ESM1-2-LR,ssp585,medio,2042,365,0.4896765513802848,4725.38655564457
qm_sin_recentrado,MPI-ESM1-2-LR,ssp585,medio,2043,365,0.4809283984378062,4640.9667397792045
qm_sin_recentrado,MPI-ESM1-2-LR,ssp585,medio,2044,366,0.48763412305893017,4705.677089664645
qm_sin_recentrado,MPI-ESM1-2-LR,ssp585,medio,2045,365,0.4281539991689511,4131.692942444364
qm_sin_recentrado,MPI-ESM1-2-LR,ssp585,medio,2046,365,0.4879372280652016,4708.602057824844
qm_sin_recentrado,MPI-ESM1-2-LR,ssp585,medio,2047,365,0.4834264555306252,4665.073030693821
qm_sin_recentrado,MPI-ESM1-2-LR,ssp585,medio,2048,366,0.4997210764817215,4822.316383585836
qm_sin_recentrado,MPI-ESM1-2-LR,ssp585,medio,2049,365,0.5063232344898245,4886.0273139985575
qm_sin_recentrado,MPI-ESM1-2-LR,ssp585,medio,2050,365,0.4896933696368401,4725.5488520894205
qm_sin_recentrado,MPI-ESM1-2-LR,ssp585,medio,2051,365,0.5131538790917934,4951.943143697872
qm_sin_recentrado,MPI-ESM1-2-LR,ssp585,medio,2052,366,0.49789685878973045,4804.712653670639
qm_sin_recentrado,MPI-ESM1-2-LR,ssp585,medio,2053,365,0.49151962071937716,4743.17220425592
qm_sin_recentrado,MPI-ESM1-2-LR,ssp585,medio,2054,365,0.44048577550235424,4250.694781370125
qm_sin_recentrado,MPI-ESM1-2-LR,ssp585,medio,2055,365,0.4489951168708842,4332.810061725902
qm_sin_recentrado,MPI-ESM1-2-LR,ssp585,medio,2056,366,0.43006952362388445,4150.177784082863
qm_sin_recentrado,MPI-ESM1-2-LR,ssp585,medio,2057,365,0.4549181413343811,4389.967342567039
qm_sin_recentrado,MPI-ESM1-2-LR,ssp585,medio,2058,365,0.5032648836304384,4856.514179271869
qm_sin_recentrado,MPI-ESM1-2-LR,ssp585,medio,2059,365,0.4862052422989485,4691.888367468729
qm_sin_recentrado,MPI-ESM1-2-LR,ssp585,medio,2060,366,0.507248257637745,4894.95380217636
qm_sin_recentrado,MPI-ESM1-2-LR,ssp585,medio,2061,365,0.49648673597958504,4791.104945990771
qm_sin_recentrado,MPI-ESM1-2-LR,ssp585,medio,2062,365,0.4957778629398089,4784.264309814963
qm_sin_recentrado,MPI-ESM1-2-LR,ssp585,medio,2063,365,0.4341140409980626,4189.20744145596
qm_sin_recentrado,MPI-ESM1-2-LR,ssp585,medio,2064,366,0.5083063354635519,4905.164270124643
qm_sin_recentrado,MPI-ESM1-2-LR,ssp585,medio,2065,365,0.4893387466107085,4722.126734213282
qm_sin_recentrado,MPI-ESM1-2-LR,ssp585,medio,2066,365,0.4849177454695006,4679.464002464608
qm_sin_recentrado,MPI-ESM1-2-LR,ssp585,medio,2067,365,0.48524192337166877,4682.592324407377
qm_sin_recentrado,MPI-ESM1-2-LR,ssp585,medio,2068,366,0.4941354968486344,4768.41545075727
qm_sin_recentrado,MPI-ESM1-2-LR,ssp585,medio,2069,365,0.529584595747885,5110.499822320621
qm_sin_recentrado,MPI-ESM1-2-LR,ssp585,lejano,2070,365,0.48662803002838284,4695.968275822375
qm_sin_recentrado,MPI-ESM1-2-LR,ssp585,lejano,2071,365,0.4808609351831022,4640.3157182918985
qm_sin_recentrado,MPI-ESM1-2-LR,ssp585,lejano,2072,366,0.4321918233602795,4170.658010495871
qm_sin_recentrado,MPI-ESM1-2-LR,ssp585,lejano,2073,365,0.4793834038216374,4626.0575170132615
qm_sin_recentrado,MPI-ESM1-2-LR,ssp585,lejano,2074,365,0.512951828281235,4949.99335014317
qm_sin_recentrado,MPI-ESM1-2-LR,ssp585,lejano,2075,365,0.4914101157119949,4742.115479182602
qm_sin_recentrado,MPI-ESM1-2-LR,ssp585,lejano,2076,366,0.49781846539143265,4803.956156122771
qm_sin_recentrado,MPI-ESM1-2-LR,ssp585,lejano,2077,365,0.4709750391096317,4544.916663008571
qm_sin_recentrado,MPI-ESM1-2-LR,ssp585,lejano,2078,365,0.44554070206959795,4299.474903622852
qm_sin_recentrado,MPI-ESM1-2-LR,ssp585,lejano,2079,365,0.5220294144220032,5037.592201642961
qm_sin_recentrado,MPI-ESM1-2-LR,ssp585,lejano,2080,366,0.48555392853735635,4685.603179248345
qm_sin_recentrado,MPI-ESM1-2-LR,ssp585,lejano,2081,365,0.48419053515520355,4672.446411296276
qm_sin_recentrado,MPI-ESM1-2-LR,ssp585,lejano,2082,365,0.5019240386679531,4843.575003930366
qm_sin_recentrado,MPI-ESM1-2-LR,ssp585,lejano,2083,365,0.4991217810102823,4816.53317269772
qm_sin_recentrado,MPI-ESM1-2-LR,ssp585,lejano,2084,366,0.5128053990225705,4948.580305454189
qm_sin_recentrado,MPI-ESM1-2-LR,ssp585,lejano,2085,365,0.5157162227411554,4976.669800911713
qm_sin_recentrado,MPI-ESM1-2-LR,ssp585,lejano,2086,365,0.4821028324137748,4652.300046438245
qm_sin_recentrado,MPI-ESM1-2-LR,ssp585,lejano,2087,365,0.5284082282368393,5099.147857017151
qm_sin_recentrado,MPI-ESM1-2-LR,ssp585,lejano,2088,366,0.47345341687782894,4568.833048125719
qm_sin_recentrado,MPI-ESM1-2-LR,ssp585,lejano,2089,365,0.49388090916391286,4765.958675526305
qm_sin_recentrado,MPI-ESM1-2-LR,ssp585,lejano,2090,365,0.47980846566783947,4630.159370630101
qm_sin_recentrado,MPI-ESM1-2-LR,ssp585,lejano,2091,365,0.5078814249017256,4901.06387640445
qm_sin_recentrado,MPI-ESM1-2-LR,ssp585,lejano,2092,366,0.490658374130227,4734.861160890677
qm_sin_recentrado,MPI-ESM1-2-LR,ssp585,lejano,2093,365,0.48848676356500204,4713.905084190487
qm_sin_recentrado,MPI-ESM1-2-LR,ssp585,lejano,2094,365,0.49187619214777895,4746.613124245142
qm_sin_recentrado,MPI-ESM1-2-LR,ssp585,lejano,2095,365,0.5110417970077966,4931.561517793989
qm_sin_recentrado,MPI-ESM1-2-LR,ssp585,lejano,2096,366,0.5290744271010412,5105.576686715881
qm_sin_recentrado,MPI-ESM1-2-LR,ssp585,lejano,2097,365,0.5223578782863953,5040.761883189768
qm_sin_recentrado,MPI-ESM1-2-LR,ssp585,lejano,2098,365,0.5203889280906567,5021.761482297687
qm_sin_recentrado,MPI-ESM1-2-LR,ssp585,lejano,2099,365,0.4500820069130866,4343.298568023396
qm_sin_recentrado,NorESM2-MM,historical,historico,1981,365,0.4795456575493502,4627.62326808175
qm_sin_recentrado,NorESM2-MM,historical,historico,1982,365,0.46387632934039497,4476.41400015608
qm_sin_recentrado,NorESM2-MM,historical,historico,1983,365,0.4562881766089717,4403.188204887402
qm_sin_recentrado,NorESM2-MM,historical,historico,1984,365,0.44331389740613697,4277.986202991579
qm_sin_recentrado,NorESM2-MM,historical,historico,1985,365,0.4388604723973673,4235.010580402152
qm_sin_recentrado,NorESM2-MM,historical,historico,1986,365,0.35386390139263385,3414.792310261339
qm_sin_recentrado,NorESM2-MM,historical,historico,1987,365,0.4427640291064859,4272.679965102054
qm_sin_recentrado,NorESM2-MM,historical,historico,1988,365,0.4813259238608652,4644.8028664721305
qm_sin_recentrado,NorESM2-MM,historical,historico,1989,365,0.4817362466262947,4648.762487723689
qm_sin_recentrado,NorESM2-MM,historical,historico,1990,365,0.4768629104828672,4601.734715966236
qm_sin_recentrado,NorESM2-MM,historical,historico,1991,365,0.4255664637439672,4106.723184192703
qm_sin_recentrado,NorESM2-MM,historical,historico,1992,365,0.4655256455447511,4492.329927917177
qm_sin_recentrado,NorESM2-MM,historical,historico,1993,365,0.4847165785874468,4677.522738834118
qm_sin_recentrado,NorESM2-MM,historical,historico,1994,365,0.4953673799087693,4780.3031419977015
qm_sin_recentrado,NorESM2-MM,historical,historico,1995,365,0.49591638227873286,4785.601023651888
qm_sin_recentrado,NorESM2-MM,historical,historico,1996,365,0.4909963269183302,4738.122410703117
qm_sin_recentrado,NorESM2-MM,historical,historico,1997,365,0.41583930998589647,4012.85599479286
qm_sin_recentrado,NorESM2-MM,historical,historico,1998,365,0.42774330634966173,4127.729750167137
qm_sin_recentrado,NorESM2-MM,historical,historico,1999,365,0.34950739514444923,3372.751955262257
qm_sin_recentrado,NorESM2-MM,historical,historico,2000,365,0.4408015713051271,4253.742215919618
qm_sin_recentrado,NorESM2-MM,historical,historico,2001,365,0.4521289265400842,4363.051375174637
qm_sin_recentrado,NorESM2-MM,historical,historico,2002,365,0.46033972447707416,4442.285706639357
qm_sin_recentrado,NorESM2-MM,historical,historico,2003,365,0.4800218424859085,4632.218460338497
qm_sin_recentrado,NorESM2-MM,historical,historico,2004,365,0.46423500299500553,4479.875206661851
qm_sin_recentrado,NorESM2-MM,historical,historico,2005,365,0.45850896064175856,4424.618806336341
qm_sin_recentrado,NorESM2-MM,historical,historico,2006,365,0.4243858203603247,4095.3299566502583
qm_sin_recentrado,NorESM2-MM,historical,historico,2007,365,0.44583660542095693,4302.330375697921
qm_sin_recentrado,NorESM2-MM,historical,historico,2008,365,0.42421846955652504,4093.715018715979
qm_sin_recentrado,NorESM2-MM,historical,historico,2009,365,0.4308913978550131,4158.108883563242
qm_sin_recentrado,NorESM2-MM,historical,historico,2010,365,0.43051713363537436,4154.497227855501
qm_sin_recentrado,NorESM2-MM,historical,historico,2011,365,0.3795736333539531,3662.8916350437808
qm_sin_recentrado,NorESM2-MM,historical,historico,2012,365,0.44703959034602586,4313.939199472595
qm_sin_recentrado,NorESM2-MM,historical,historico,2013,365,0.4818264817008035,4649.63325763646
qm_sin_recentrado,NorESM2-MM,historical,historico,2014,365,0.48997000888049913,4728.218425216959
qm_sin_recentrado,NorESM2-MM,ssp126,medio,2040,365,0.4827951470366382,4658.980893625911
qm_sin_recentrado,NorESM2-MM,ssp126,medio,2041,365,0.45701144371924785,4410.16774407384
qm_sin_recentrado,NorESM2-MM,ssp126,medio,2042,365,0.46738913788851816,4510.3126588504065
qm_sin_recentrado,NorESM2-MM,ssp126,medio,2043,365,0.4805312607531351,4637.134354767925
qm_sin_recentrado,NorESM2-MM,ssp126,medio,2044,365,0.41618892304143407,4016.229766372607
qm_sin_recentrado,NorESM2-MM,ssp126,medio,2045,365,0.4367482643960862,4214.627739394462
qm_sin_recentrado,NorESM2-MM,ssp126,medio,2046,365,0.4923258481834185,4750.95231218356
qm_sin_recentrado,NorESM2-MM,ssp126,medio,2047,365,0.4628490918861364,4466.501142286686
qm_sin_recentrado,NorESM2-MM,ssp126,medio,2048,365,0.47571323419475053,4590.640321391089
qm_sin_recentrado,NorESM2-MM,ssp126,medio,2049,365,0.4566614401480214,4406.790204011449
qm_sin_recentrado,NorESM2-MM,ssp126,medio,2050,365,0.49653125793331426,4791.5345835566095
qm_sin_recentrado,NorESM2-MM,ssp126,medio,2051,365,0.4800298487179606,4632.2957206059
qm_sin_recentrado,NorESM2-MM,ssp126,medio,2052,365,0.41210286634792664,3976.7992539033535
qm_sin_recentrado,NorESM2-MM,ssp126,medio,2053,365,0.46137959950476964,4452.320517294619
qm_sin_recentrado,NorESM2-MM,ssp126,medio,2054,365,0.4778758104417417,4611.509216775774
qm_sin_recentrado,NorESM2-MM,ssp126,medio,2055,365,0.4068294363333798,3925.9105698880962
qm_sin_recentrado,NorESM2-MM,ssp126,medio,2056,365,0.4146874807392109,4001.740824133077
qm_sin_recentrado,NorESM2-MM,ssp126,medio,2057,365,0.4983242053775953,4808.83655508108
qm_sin_recentrado,NorESM2-MM,ssp126,medio,2058,365,0.4518568997266975,4360.426312073026
qm_sin_recentrado,NorESM2-MM,ssp126,medio,2059,365,0.4430000229285409,4274.957309260786
qm_sin_recentrado,NorESM2-MM,ssp126,medio,2060,365,0.49059251674393556,4734.225636059246
qm_sin_recentrado,NorESM2-MM,ssp126,medio,2061,365,0.4875636257427115,4704.996789435178
qm_sin_recentrado,NorESM2-MM,ssp126,medio,2062,365,0.4969070902290503,4795.161371223779
qm_sin_recentrado,NorESM2-MM,ssp126,medio,2063,365,0.4969705252521491,4795.773520211643
qm_sin_recentrado,NorESM2-MM,ssp126,medio,2064,365,0.37949605469994707,3662.142999791364
qm_sin_recentrado,NorESM2-MM,ssp126,medio,2065,365,0.3995151690694535,3855.327773762931
qm_sin_recentrado,NorESM2-MM,ssp126,medio,2066,365,0.4737756063143144,4571.942181342835
qm_sin_recentrado,NorESM2-MM,ssp126,medio,2067,365,0.4188723750395067,4042.12512108924
qm_sin_recentrado,NorESM2-MM,ssp126,medio,2068,365,0.4171927768379849,4025.916971570983
qm_sin_recentrado,NorESM2-MM,ssp126,medio,2069,365,0.44482527218895024,4292.570993827725
qm_sin_recentrado,NorESM2-MM,ssp126,lejano,2070,365,0.46017563105924636,4440.702202531824
qm_sin_recentrado,NorESM2-MM,ssp126,lejano,2071,365,0.4290815027766897,4140.6433670991
qm_sin_recentrado,NorESM2-MM,ssp126,lejano,2072,365,0.4132655517617047,3988.019186749278
qm_sin_recentrado,NorESM2-MM,ssp126,lejano,2073,365,0.41049343268498134,3961.2681933049926
qm_sin_recentrado,NorESM2-MM,ssp126,lejano,2074,365,0.4168346529665936,4022.4610704820757
qm_sin_recentrado,NorESM2-MM,ssp126,lejano,2075,365,0.3937229941172072,3799.4331927989547
qm_sin_recentrado,NorESM2-MM,ssp126,lejano,2076,365,0.4097593261178625,3954.184053186591
qm_sin_recentrado,NorESM2-MM,ssp126,lejano,2077,365,0.452543231908676,4367.049428610434
qm_sin_recentrado,NorESM2-MM,ssp126,lejano,2078,365,0.45674242199218135,4407.571680103302
qm_sin_recentrado,NorESM2-MM,ssp126,lejano,2079,365,0.4350789723221125,4198.519044171942
qm_sin_recentrado,NorESM2-MM,ssp126,lejano,2080,365,0.4626644158937376,4464.719016005221
qm_sin_recentrado,NorESM2-MM,ssp126,lejano,2081,365,0.4302066959188674,4151.5014989242045
qm_sin_recentrado,NorESM2-MM,ssp126,lejano,2082,365,0.409884551060793,3955.392475889469
qm_sin_recentrado,NorESM2-MM,ssp126,lejano,2083,365,0.42175432752369646,4069.9360086729107
qm_sin_recentrado,NorESM2-MM,ssp126,lejano,2084,365,0.3949384116322588,3811.161991265883
qm_sin_recentrado,NorESM2-MM,ssp126,lejano,2085,365,0.448551170651682,4328.525973607461
qm_sin_recentrado,NorESM2-MM,ssp126,lejano,2086,365,0.3481549929780999,3359.701252718551
qm_sin_recentrado,NorESM2-MM,ssp126,lejano,2087,365,0.3853305702338419,3718.446168045697
qm_sin_recentrado,NorESM2-MM,ssp126,lejano,2088,365,0.40268127754116884,3885.8807711727195
qm_sin_recentrado,NorESM2-MM,ssp126,lejano,2089,365,0.43744537158795416,4221.354834949703
qm_sin_recentrado,NorESM2-MM,ssp126,lejano,2090,365,0.41673839905336874,4021.532218679393
qm_sin_recentrado,NorESM2-MM,ssp126,lejano,2091,365,0.378269317913229,3650.304970171746
qm_sin_recentrado,NorESM2-MM,ssp126,lejano,2092,365,0.41560706166545,4010.6147947845784
qm_sin_recentrado,NorESM2-MM,ssp126,lejano,2093,365,0.4503254927233176,4345.648209987899
qm_sin_recentrado,NorESM2-MM,ssp126,lejano,2094,365,0.40443105584864925,3902.7661598363584
qm_sin_recentrado,NorESM2-MM,ssp126,lejano,2095,365,0.42708622849024036,4121.388938310475
qm_sin_recentrado,NorESM2-MM,ssp126,lejano,2096,365,0.42636163571423696,4114.396606428558
qm_sin_recentrado,NorESM2-MM,ssp126,lejano,2097,365,0.42348345467559156,4086.6221133547333
qm_sin_recentrado,NorESM2-MM,ssp126,lejano,2098,365,0.42664611671872243,4117.141852673539
qm_sin_recentrado,NorESM2-MM,ssp126,lejano,2099,365,0.3860771622518003,3725.650792964468
qm_sin_recentrado,NorESM2-MM,ssp245,medio,2040,365,0.4598064480181139,4437.139580277966
qm_sin_recentrado,NorESM2-MM,ssp245,medio,2041,365,0.4541837629129214,4382.880579049898
qm_sin_recentrado,NorESM2-MM,ssp245,medio,2042,365,0.5091220609621921,4913.036034238129
qm_sin_recentrado,NorESM2-MM,ssp245,medio,2043,365,0.4898245455010739,4726.81470127809
qm_sin_recentrado,NorESM2-MM,ssp245,medio,2044,365,0.4758891653307134,4592.33805966803
qm_sin_recentrado,NorESM2-MM,ssp245,medio,2045,365,0.4709835934233444,4544.999212272768
qm_sin_recentrado,NorESM2-MM,ssp245,medio,2046,365,0.4822547008752186,4653.765579521073
qm_sin_recentrado,NorESM2-MM,ssp245,medio,2047,365,0.4757150025445955,4590.657385995386
qm_sin_recentrado,NorESM2-MM,ssp245,medio,2048,365,0.4743486844012619,4577.472394051127
qm_sin_recentrado,NorESM2-MM,ssp245,medio,2049,365,0.4872137116982464,4701.620113307464
qm_sin_recentrado,NorESM2-MM,ssp245,medio,2050,365,0.46728779425652944,4509.334691180217
qm_sin_recentrado,NorESM2-MM,ssp245,medio,2051,365,0.49530247519808884,4779.676810501159
qm_sin_recentrado,NorESM2-MM,ssp245,medio,2052,365,0.47476859421776557,4581.524530498945
qm_sin_recentrado,NorESM2-MM,ssp245,medio,2053,365,0.5111304438453543,4932.41696119477
qm_sin_recentrado,NorESM2-MM,ssp245,medio,2054,365,0.4983194402539185,4808.790571561357
qm_sin_recentrado,NorESM2-MM,ssp245,medio,2055,365,0.49068394298518975,4735.1079007501685
qm_sin_recentrado,NorESM2-MM,ssp245,medio,2056,365,0.3857367256286791,3722.3655741043635
qm_sin_recentrado,NorESM2-MM,ssp245,medio,2057,365,0.4477258179207964,4320.561306548771
qm_sin_recentrado,NorESM2-MM,ssp245,medio,2058,365,0.44221640330529327,4267.395367358533
qm_sin_recentrado,NorESM2-MM,ssp245,medio,2059,365,0.4868538123610662,4698.147078945287
qm_sin_recentrado,NorESM2-MM,ssp245,medio,2060,365,0.45585448262866324,4399.003051038322
qm_sin_recentrado,NorESM2-MM,ssp245,medio,2061,365,0.4904783406762469,4733.123835179233
qm_sin_recentrado,NorESM2-MM,ssp245,medio,2062,365,0.4626745509281198,4464.816819249171
qm_sin_recentrado,NorESM2-MM,ssp245,medio,2063,365,0.403507341841453,3893.852304887491
qm_sin_recentrado,NorESM2-MM,ssp245,medio,2064,365,0.46605186206759297,4497.407925782065
qm_sin_recentrado,NorESM2-MM,ssp245,medio,2065,365,0.4672319038779584,4508.7953481327595
qm_sin_recentrado,NorESM2-MM,ssp245,medio,2066,365,0.43995227810844334,4245.546522982928
qm_sin_recentrado,NorESM2-MM,ssp245,medio,2067,365,0.4341365681480366,4189.424828813643
qm_sin_recentrado,NorESM2-MM,ssp245,medio,2068,365,0.46352182204054243,4472.992999040387
qm_sin_recentrado,NorESM2-MM,ssp245,medio,2069,365,0.48355724953377266,4666.335194916898
qm_sin_recentrado,NorESM2-MM,ssp245,lejano,2070,365,0.48676183795548017,4697.259524459791
qm_sin_recentrado,NorESM2-MM,ssp245,lejano,2071,365,0.4336908550472846,4185.123690259977
qm_sin_recentrado,NorESM2-MM,ssp245,lejano,2072,365,0.4661537141534487,4498.390800040206
qm_sin_recentrado,NorESM2-MM,ssp245,lejano,2073,365,0.48261304681599904,4657.223623583139
qm_sin_recentrado,NorESM2-MM,ssp245,lejano,2074,365,0.4638624816627246,4476.280369844998
qm_sin_recentrado,NorESM2-MM,ssp245,lejano,2075,365,0.4589898799090751,4429.259684960653
qm_sin_recentrado,NorESM2-MM,ssp245,lejano,2076,365,0.4815602614205344,4647.064227672339
qm_sin_recentrado,NorESM2-MM,ssp245,lejano,2077,365,0.46153094182682486,4453.780973123929
qm_sin_recentrado,NorESM2-MM,ssp245,lejano,2078,365,0.44110633975381786,4256.683236325778
qm_sin_recentrado,NorESM2-MM,ssp245,lejano,2079,365,0.4867595627436894,4697.237568629606
qm_sin_recentrado,NorESM2-MM,ssp245,lejano,2080,365,0.4789973435800853,4622.33202950532
qm_sin_recentrado,NorESM2-MM,ssp245,lejano,2081,365,0.41786406545363713,4032.3949174526456
qm_sin_recentrado,NorESM2-MM,ssp245,lejano,2082,365,0.4097421579249126,3954.018379849933
qm_sin_recentrado,NorESM2-MM,ssp245,lejano,2083,365,0.4856198509078377,4686.239331178248
qm_sin_recentrado,NorESM2-MM,ssp245,lejano,2084,365,0.4415588899611359,4261.0503530672
qm_sin_recentrado,NorESM2-MM,ssp245,lejano,2085,365,0.47175256433280116,4552.41979385256
qm_sin_recentrado,NorESM2-MM,ssp245,lejano,2086,365,0.4571922754427281,4411.912773098733
qm_sin_recentrado,NorESM2-MM,ssp245,lejano,2087,365,0.48648589230281986,4694.596644496488
qm_sin_recentrado,NorESM2-MM,ssp245,lejano,2088,365,0.5031678822121205,4855.578114033078
qm_sin_recentrado,NorESM2-MM,ssp245,lejano,2089,365,0.46084682568325785,4447.179241392649
qm_sin_recentrado,NorESM2-MM,ssp245,lejano,2090,365,0.47076906045209327,4542.9289656676665
qm_sin_recentrado,NorESM2-MM,ssp245,lejano,2091,365,0.4872059682407126,4701.545388818368
qm_sin_recentrado,NorESM2-MM,ssp245,lejano,2092,365,0.46179777626128554,4456.355929685826
qm_sin_recentrado,NorESM2-MM,ssp245,lejano,2093,365,0.4658692141379379,4495.645370338527
qm_sin_recentrado,NorESM2-MM,ssp245,lejano,2094,365,0.4961216669373567,4787.582023892162
qm_sin_recentrado,NorESM2-MM,ssp245,lejano,2095,365,0.49335430874531755,4760.876973061254
qm_sin_recentrado,NorESM2-MM,ssp245,lejano,2096,365,0.41415640995248043,3996.6159825439945
qm_sin_recentrado,NorESM2-MM,ssp245,lejano,2097,365,0.4601305575064755,4440.267242026409
qm_sin_recentrado,NorESM2-MM,ssp245,lejano,2098,365,0.4919055789382933,4746.896707243793
qm_sin_recentrado,NorESM2-MM,ssp245,lejano,2099,365,0.4027236585512178,3886.2897485977883
qm_sin_recentrado,NorESM2-MM,ssp585,medio,2040,365,0.46743334197366415,4510.739228979331
qm_sin_recentrado,NorESM2-MM,ssp585,medio,2041,365,0.41065096295949227,3962.7883629745074
qm_sin_recentrado,NorESM2-MM,ssp585,medio,2042,365,0.42526823952804604,4103.845315737477
qm_sin_recentrado,NorESM2-MM,ssp585,medio,2043,365,0.4879593200799186,4708.815246120335
qm_sin_recentrado,NorESM2-MM,ssp585,medio,2044,365,0.5076059464640671,4898.4055050733905
qm_sin_recentrado,NorESM2-MM,ssp585,medio,2045,365,0.46728563660895944,4509.313869846645
qm_sin_recentrado,NorESM2-MM,ssp585,medio,2046,365,0.5034867049737783,4858.65475878424
qm_sin_recentrado,NorESM2-MM,ssp585,medio,2047,365,0.4974532871660631,4800.432180405103
qm_sin_recentrado,NorESM2-MM,ssp585,medio,2048,365,0.5145434689843157,4965.352708394149
qm_sin_recentrado,NorESM2-MM,ssp585,medio,2049,365,0.42019913976406326,4054.9284219094466
qm_sin_recentrado,NorESM2-MM,ssp585,medio,2050,365,0.43118392904782327,4160.93181425436
qm_sin_recentrado,NorESM2-MM,ssp585,medio,2051,365,0.509413772456735,4915.851054827852
qm_sin_recentrado,NorESM2-MM,ssp585,medio,2052,365,0.5034184906993385,4857.996489944468
qm_sin_recentrado,NorESM2-MM,ssp585,medio,2053,365,0.42093295062533964,4062.0097084617373
qm_sin_recentrado,NorESM2-MM,ssp585,medio,2054,365,0.44511980892341463,4295.413278027894
qm_sin_recentrado,NorESM2-MM,ssp585,medio,2055,365,0.43738610657539895,4220.782926630305
qm_sin_recentrado,NorESM2-MM,ssp585,medio,2056,365,0.4196981944671055,4050.094291778679
qm_sin_recentrado,NorESM2-MM,ssp585,medio,2057,365,0.48107535814233876,4642.384903279299
qm_sin_recentrado,NorESM2-MM,ssp585,medio,2058,365,0.5080104668673736,4902.309133437625
qm_sin_recentrado,NorESM2-MM,ssp585,medio,2059,365,0.44592178425211143,4303.152352781423
qm_sin_recentrado,NorESM2-MM,ssp585,medio,2060,365,0.4696606330944828,4532.232623931888
qm_sin_recentrado,NorESM2-MM,ssp585,medio,2061,365,0.5095535002502064,4917.199430270496
qm_sin_recentrado,NorESM2-MM,ssp585,medio,2062,365,0.4930616500477432,4758.052811947122
qm_sin_recentrado,NorESM2-MM,ssp585,medio,2063,365,0.5026414739189697,4850.49826558164
qm_sin_recentrado,NorESM2-MM,ssp585,medio,2064,365,0.42144543702236126,4066.955210392778
qm_sin_recentrado,NorESM2-MM,ssp585,medio,2065,365,0.46700340431926785,4506.590323735403
qm_sin_recentrado,NorESM2-MM,ssp585,medio,2066,365,0.4988528666514255,4813.938144832122
qm_sin_recentrado,NorESM2-MM,ssp585,medio,2067,365,0.46871682225305167,4523.124834211105
qm_sin_recentrado,NorESM2-MM,ssp585,medio,2068,365,0.4885212468529469,4714.237848470886
qm_sin_recentrado,NorESM2-MM,ssp585,medio,2069,365,0.510024532870397,4921.744902591856
qm_sin_recentrado,NorESM2-MM,ssp585,lejano,2070,365,0.48735554395896274,4702.988796892694
qm_sin_recentrado,NorESM2-MM,ssp585,lejano,2071,365,0.4568613491389741,4408.7193289726865
qm_sin_recentrado,NorESM2-MM,ssp585,lejano,2072,365,0.4688934277895387,4524.829080463893
qm_sin_recentrado,NorESM2-MM,ssp585,lejano,2073,365,0.4283516614875322,4133.6003869812685
qm_sin_recentrado,NorESM2-MM,ssp585,lejano,2074,365,0.46235340797311353,4461.717784595072
qm_sin_recentrado,NorESM2-MM,ssp585,lejano,2075,365,0.512079416731184,4941.574564726592
qm_sin_recentrado,NorESM2-MM,ssp585,lejano,2076,365,0.5059474796865201,4882.401274134593
qm_sin_recentrado,NorESM2-MM,ssp585,lejano,2077,365,0.4578205517831655,4417.975649836375
qm_sin_recentrado,NorESM2-MM,ssp585,lejano,2078,365,0.44462783791199584,4290.665749896166
qm_sin_recentrado,NorESM2-MM,ssp585,lejano,2079,365,0.5066976761439295,4889.640681951737
qm_sin_recentrado,NorESM2-MM,ssp585,lejano,2080,365,0.4715380781611378,4550.34999886423
qm_sin_recentrado,NorESM2-MM,ssp585,lejano,2081,365,0.4710406635989943,4545.549940380913
qm_sin_recentrado,NorESM2-MM,ssp585,lejano,2082,365,0.47713741500067536,4604.383688955157
qm_sin_recentrado,NorESM2-MM,ssp585,lejano,2083,365,0.46976097786093013,4533.200952533621
qm_sin_recentrado,NorESM2-MM,ssp585,lejano,2084,365,0.4677783127654841,4514.068202639925
qm_sin_recentrado,NorESM2-MM,ssp585,lejano,2085,365,0.4758778132995162,4592.228512385344
qm_sin_recentrado,NorESM2-MM,ssp585,lejano,2086,365,0.5028299074437994,4852.3166521111825
qm_sin_recentrado,NorESM2-MM,ssp585,lejano,2087,365,0.47793823161012405,4612.111582049402
qm_sin_recentrado,NorESM2-MM,ssp585,lejano,2088,365,0.49580317167936233,4784.508539556593
qm_sin_recentrado,NorESM2-MM,ssp585,lejano,2089,365,0.49850074635013636,4810.5401782907575
qm_sin_recentrado,NorESM2-MM,ssp585,lejano,2090,365,0.43567696919431625,4204.289723556658
qm_sin_recentrado,NorESM2-MM,ssp585,lejano,2091,365,0.4492237141403926,4335.016029034214
qm_sin_recentrado,NorESM2-MM,ssp585,lejano,2092,365,0.4961365986371614,4787.726115034186
qm_sin_recentrado,NorESM2-MM,ssp585,lejano,2093,365,0.4894808355113816,4723.4978943782
qm_sin_recentrado,NorESM2-MM,ssp585,lejano,2094,365,0.45009750559952255,4343.448130595482
qm_sin_recentrado,NorESM2-MM,ssp585,lejano,2095,365,0.4666874533637906,4503.541391959833
qm_sin_recentrado,NorESM2-MM,ssp585,lejano,2096,365,0.47043531452234344,4539.708312105647
qm_sin_recentrado,NorESM2-MM,ssp585,lejano,2097,365,0.4582420494812868,4422.043109367209
qm_sin_recentrado,NorESM2-MM,ssp585,lejano,2098,365,0.4813972695527821,4645.4913535406595
qm_sin_recentrado,NorESM2-MM,ssp585,lejano,2099,365,0.4919762975483407,4747.579142962248
qm_recentrado,ACCESS-CM2,historical,historico,1981,365,0.4415525695113397,4260.98936062554
qm_recentrado,ACCESS-CM2,historical,historico,1982,365,0.45861233849387656,4425.6164042633245
qm_recentrado,ACCESS-CM2,historical,historico,1983,365,0.4408631930404668,4254.336866651593
qm_recentrado,ACCESS-CM2,historical,historico,1984,366,0.42213021824990465,4073.5633601950713
qm_recentrado,ACCESS-CM2,historical,historico,1985,365,0.4768623279422098,4601.729094439572
qm_recentrado,ACCESS-CM2,historical,historico,1986,365,0.3298267136120232,3182.8330635834413
qm_recentrado,ACCESS-CM2,historical,historico,1987,365,0.4486483590366911,4329.463843077813
qm_recentrado,ACCESS-CM2,historical,historico,1988,366,0.44079450969256745,4253.67407124543
qm_recentrado,ACCESS-CM2,historical,historico,1989,365,0.46838758839274974,4519.947722191449
qm_recentrado,ACCESS-CM2,historical,historico,1990,365,0.46434253313250495,4480.9128742092025
qm_recentrado,ACCESS-CM2,historical,historico,1991,365,0.4465276480424695,4308.9989480522
qm_recentrado,ACCESS-CM2,historical,historico,1992,366,0.48358580298256265,4666.610736154576
qm_recentrado,ACCESS-CM2,historical,historico,1993,365,0.39154279841975154,3778.394269435377
qm_recentrado,ACCESS-CM2,historical,historico,1994,365,0.4398387469600501,4244.450945584435
qm_recentrado,ACCESS-CM2,historical,historico,1995,365,0.47828187961073027,4615.427790753621
qm_recentrado,ACCESS-CM2,historical,historico,1996,366,0.4718112867789605,4552.986466397558
qm_recentrado,ACCESS-CM2,historical,historico,1997,365,0.5152788946341242,4972.449577681613
qm_recentrado,ACCESS-CM2,historical,historico,1998,365,0.4218222434797982,4070.591398735948
qm_recentrado,ACCESS-CM2,historical,historico,1999,365,0.39550553129112226,3816.63470504783
qm_recentrado,ACCESS-CM2,historical,historico,2000,366,0.38384943549012,3704.1531940706254
qm_recentrado,ACCESS-CM2,historical,historico,2001,365,0.45767926593000663,4416.6122390928185
qm_recentrado,ACCESS-CM2,historical,historico,2002,365,0.46896513038263754,4525.521011634538
qm_recentrado,ACCESS-CM2,historical,historico,2003,365,0.46817117601331953,4517.85933926735
qm_recentrado,ACCESS-CM2,historical,historico,2004,366,0.4466337368652452,4310.0227068894055
qm_recentrado,ACCESS-CM2,historical,historico,2005,365,0.46090622060912945,4447.752403377629
qm_recentrado,ACCESS-CM2,historical,historico,2006,365,0.42607888338299155,4111.668041908002
qm_recentrado,ACCESS-CM2,historical,historico,2007,365,0.45948394042916335,4434.027376884473
qm_recentrado,ACCESS-CM2,historical,historico,2008,366,0.481927897890273,4650.6119254875
qm_recentrado,ACCESS-CM2,historical,historico,2009,365,0.5167309971294312,4986.462389994964
qm_recentrado,ACCESS-CM2,historical,historico,2010,365,0.4361244540281871,4208.607959363269
qm_recentrado,ACCESS-CM2,historical,historico,2011,365,0.4819154061623097,4650.491380112787
qm_recentrado,ACCESS-CM2,historical,historico,2012,366,0.4138807628493855,3993.955983588776
qm_recentrado,ACCESS-CM2,historical,historico,2013,365,0.4799514217372438,4631.538898987151
qm_recentrado,ACCESS-CM2,historical,historico,2014,365,0.4863055759067907,4692.8565883897445
qm_recentrado,ACCESS-CM2,ssp126,medio,2040,366,0.41116958054968905,3967.7930310177876
qm_recentrado,ACCESS-CM2,ssp126,medio,2041,365,0.505031633175847,4873.563340653053
qm_recentrado,ACCESS-CM2,ssp126,medio,2042,365,0.48494110356797887,4679.689408488653
qm_recentrado,ACCESS-CM2,ssp126,medio,2043,365,0.4161837672290568,4016.1800127006736
qm_recentrado,ACCESS-CM2,ssp126,medio,2044,366,0.4435833608089359,4280.586529140004
qm_recentrado,ACCESS-CM2,ssp126,medio,2045,365,0.48784179961876656,4707.681171789891
qm_recentrado,ACCESS-CM2,ssp126,medio,2046,365,0.48001049321633366,4632.10893970551
qm_recentrado,ACCESS-CM2,ssp126,medio,2047,365,0.4970644812314437,4796.680196915131
qm_recentrado,ACCESS-CM2,ssp126,medio,2048,366,0.46755440448918434,4511.9074841911
qm_recentrado,ACCESS-CM2,ssp126,medio,2049,365,0.37955509574198854,3662.7127467917207
qm_recentrado,ACCESS-CM2,ssp126,medio,2050,365,0.4714156015986942,4549.168098077024
qm_recentrado,ACCESS-CM2,ssp126,medio,2051,365,0.39206292945896865,3783.413542285918
qm_recentrado,ACCESS-CM2,ssp126,medio,2052,366,0.4336185899736225,4184.426331142897
qm_recentrado,ACCESS-CM2,ssp126,medio,2053,365,0.42004477472043145,4053.438796768559
qm_recentrado,ACCESS-CM2,ssp126,medio,2054,365,0.34649653468935004,3343.6971036967825
qm_recentrado,ACCESS-CM2,ssp126,medio,2055,365,0.4887001654431074,4715.964415728633
qm_recentrado,ACCESS-CM2,ssp126,medio,2056,366,0.41311306891700417,3986.547724858193
qm_recentrado,ACCESS-CM2,ssp126,medio,2057,365,0.4719551884812149,4554.375120126739
qm_recentrado,ACCESS-CM2,ssp126,medio,2058,365,0.43900844758751256,4236.438543354658
qm_recentrado,ACCESS-CM2,ssp126,medio,2059,365,0.46872444392330564,4523.198383451002
qm_recentrado,ACCESS-CM2,ssp126,medio,2060,366,0.4626293506983292,4464.380636308488
qm_recentrado,ACCESS-CM2,ssp126,medio,2061,365,0.4348168810579163,4195.989859278989
qm_recentrado,ACCESS-CM2,ssp126,medio,2062,365,0.45759715075508595,4415.819826340991
qm_recentrado,ACCESS-CM2,ssp126,medio,2063,365,0.44943038305951016,4337.010387410402
qm_recentrado,ACCESS-CM2,ssp126,medio,2064,366,0.4509779579547522,4351.944509910686
qm_recentrado,ACCESS-CM2,ssp126,medio,2065,365,0.4529032801489827,4370.523899890165
qm_recentrado,ACCESS-CM2,ssp126,medio,2066,365,0.47484761005343834,4582.287034577442
qm_recentrado,ACCESS-CM2,ssp126,medio,2067,365,0.41471995479591944,4002.0541992998988
qm_recentrado,ACCESS-CM2,ssp126,medio,2068,366,0.475252738269816,4586.196528347536
qm_recentrado,ACCESS-CM2,ssp126,medio,2069,365,0.47344508171757504,4568.752613695907
qm_recentrado,ACCESS-CM2,ssp126,lejano,2070,365,0.4478621619528322,4321.877028639422
qm_recentrado,ACCESS-CM2,ssp126,lejano,2071,365,0.43417114948965296,4189.758539313542
qm_recentrado,ACCESS-CM2,ssp126,lejano,2072,366,0.49484563516652486,4775.268296887127
qm_recentrado,ACCESS-CM2,ssp126,lejano,2073,365,0.4709824732558652,4544.988402638671
qm_recentrado,ACCESS-CM2,ssp126,lejano,2074,365,0.3720225393789358,3590.0234573673606
qm_recentrado,ACCESS-CM2,ssp126,lejano,2075,365,0.481650262022401,4647.932734920362
qm_recentrado,ACCESS-CM2,ssp126,lejano,2076,366,0.46381558379068,4475.827804629403
qm_recentrado,ACCESS-CM2,ssp126,lejano,2077,365,0.437474536180302,4221.6362737324935
qm_recentrado,ACCESS-CM2,ssp126,lejano,2078,365,0.49624699772175207,4788.791467966871
qm_recentrado,ACCESS-CM2,ssp126,lejano,2079,365,0.4539669261281037,4380.788100607018
qm_recentrado,ACCESS-CM2,ssp126,lejano,2080,366,0.44639764203453125,4307.744387995498
qm_recentrado,ACCESS-CM2,ssp126,lejano,2081,365,0.4690721492837735,4526.553745742803
qm_recentrado,ACCESS-CM2,ssp126,lejano,2082,365,0.43219724870633547,4170.710365172116
qm_recentrado,ACCESS-CM2,ssp126,lejano,2083,365,0.46534325750920597,4490.569880455958
qm_recentrado,ACCESS-CM2,ssp126,lejano,2084,366,0.4461108635090109,4304.976970635771
qm_recentrado,ACCESS-CM2,ssp126,lejano,2085,365,0.49940790994605117,4819.294321505952
qm_recentrado,ACCESS-CM2,ssp126,lejano,2086,365,0.4689771398821282,4525.636903496774
qm_recentrado,ACCESS-CM2,ssp126,lejano,2087,365,0.4387127415831434,4233.584975681199
qm_recentrado,ACCESS-CM2,ssp126,lejano,2088,366,0.44950785846833663,4337.758026345183
qm_recentrado,ACCESS-CM2,ssp126,lejano,2089,365,0.5054856595382891,4877.9447023150415
qm_recentrado,ACCESS-CM2,ssp126,lejano,2090,365,0.4759534138257042,4592.958058672667
qm_recentrado,ACCESS-CM2,ssp126,lejano,2091,365,0.47913913651715817,4623.700333616761
qm_recentrado,ACCESS-CM2,ssp126,lejano,2092,366,0.41506027678760565,4005.338311964823
qm_recentrado,ACCESS-CM2,ssp126,lejano,2093,365,0.46601855589138375,4497.086520648747
qm_recentrado,ACCESS-CM2,ssp126,lejano,2094,365,0.43104914819816104,4159.631176898625
qm_recentrado,ACCESS-CM2,ssp126,lejano,2095,365,0.4956886952396694,4783.403840081933
qm_recentrado,ACCESS-CM2,ssp126,lejano,2096,366,0.4222718882264863,4074.9304777358043
qm_recentrado,ACCESS-CM2,ssp126,lejano,2097,365,0.4565421172010227,4405.638735663744
qm_recentrado,ACCESS-CM2,ssp126,lejano,2098,365,0.4788418312647985,4620.831333174605
qm_recentrado,ACCESS-CM2,ssp126,lejano,2099,365,0.5100787087079988,4922.267700291526
qm_recentrado,ACCESS-CM2,ssp245,medio,2040,366,0.42398164186014664,4091.4296276566843
qm_recentrado,ACCESS-CM2,ssp245,medio,2041,365,0.4766206434344128,4599.396835072379
qm_recentrado,ACCESS-CM2,ssp245,medio,2042,365,0.47231545892336274,4557.851735657793
qm_recentrado,ACCESS-CM2,ssp245,medio,2043,365,0.3970646736126964,3831.6804533972972
qm_recentrado,ACCESS-CM2,ssp245,medio,2044,366,0.47608871711959677,4594.2637376235825
qm_recentrado,ACCESS-CM2,ssp245,medio,2045,365,0.4346316523050275,4194.202398849951
qm_recentrado,ACCESS-CM2,ssp245,medio,2046,365,0.4101400898201066,3957.8584290054655
qm_recentrado,ACCESS-CM2,ssp245,medio,2047,365,0.43828029718586686,4229.41188032837
qm_recentrado,ACCESS-CM2,ssp245,medio,2048,366,0.4741534284552416,4575.588171047936
qm_recentrado,ACCESS-CM2,ssp245,medio,2049,365,0.5020759412528794,4845.040866305346
qm_recentrado,ACCESS-CM2,ssp245,medio,2050,365,0.48757024171879654,4705.060633710254
qm_recentrado,ACCESS-CM2,ssp245,medio,2051,365,0.4703268815054666,4538.661931757856
qm_recentrado,ACCESS-CM2,ssp245,medio,2052,366,0.45253976838147664,4367.016005517543
qm_recentrado,ACCESS-CM2,ssp245,medio,2053,365,0.43745455002117506,4221.44340697714
qm_recentrado,ACCESS-CM2,ssp245,medio,2054,365,0.47496656747050464,4583.434975555449
qm_recentrado,ACCESS-CM2,ssp245,medio,2055,365,0.4654888072102815,4491.974437400131
qm_recentrado,ACCESS-CM2,ssp245,medio,2056,366,0.45140468846606163,4356.06246617251
qm_recentrado,ACCESS-CM2,ssp245,medio,2057,365,0.5026794862100527,4850.8650847987865
qm_recentrado,ACCESS-CM2,ssp245,medio,2058,365,0.4758048703319954,4591.524611581681
qm_recentrado,ACCESS-CM2,ssp245,medio,2059,365,0.4661025461554047,4497.897028040394
qm_recentrado,ACCESS-CM2,ssp245,medio,2060,366,0.48676863062267517,4697.325073806905
qm_recentrado,ACCESS-CM2,ssp245,medio,2061,365,0.47017151238634414,4537.162617272419
qm_recentrado,ACCESS-CM2,ssp245,medio,2062,365,0.4344208665571457,4192.16831301032
qm_recentrado,ACCESS-CM2,ssp245,medio,2063,365,0.46568925836149366,4493.908794216547
qm_recentrado,ACCESS-CM2,ssp245,medio,2064,366,0.45244147197735207,4366.067443644999
qm_recentrado,ACCESS-CM2,ssp245,medio,2065,365,0.4438378597206135,4283.042447709676
qm_recentrado,ACCESS-CM2,ssp245,medio,2066,365,0.47341431910310217,4568.455753974041
qm_recentrado,ACCESS-CM2,ssp245,medio,2067,365,0.48031795058662313,4635.075908248123
qm_recentrado,ACCESS-CM2,ssp245,medio,2068,366,0.46714168465744416,4507.924731211289
qm_recentrado,ACCESS-CM2,ssp245,medio,2069,365,0.4013459054969935,3872.9944095804753
qm_recentrado,ACCESS-CM2,ssp245,lejano,2070,365,0.4321877344064662,4170.618552026149
qm_recentrado,ACCESS-CM2,ssp245,lejano,2071,365,0.4527456381447679,4369.00265202722
qm_recentrado,ACCESS-CM2,ssp245,lejano,2072,366,0.4440628324717575,4285.213438357779
qm_recentrado,ACCESS-CM2,ssp245,lejano,2073,365,0.3927485396292449,3790.029691398847
qm_recentrado,ACCESS-CM2,ssp245,lejano,2074,365,0.4711002891055765,4546.125327473439
qm_recentrado,ACCESS-CM2,ssp245,lejano,2075,365,0.38377309491391237,3703.4165062887723
qm_recentrado,ACCESS-CM2,ssp245,lejano,2076,366,0.45427413586893095,4383.752679521358
qm_recentrado,ACCESS-CM2,ssp245,lejano,2077,365,0.44173490021662465,4262.748854848831
qm_recentrado,ACCESS-CM2,ssp245,lejano,2078,365,0.4807144257342459,4638.901899766284
qm_recentrado,ACCESS-CM2,ssp245,lejano,2079,365,0.4519204514264482,4361.039586992447
qm_recentrado,ACCESS-CM2,ssp245,lejano,2080,366,0.4837612543799604,4668.303844946688
qm_recentrado,ACCESS-CM2,ssp245,lejano,2081,365,0.447397759271374,4317.395535332907
qm_recentrado,ACCESS-CM2,ssp245,lejano,2082,365,0.4833347349883543,4664.1879259933785
qm_recentrado,ACCESS-CM2,ssp245,lejano,2083,365,0.4010851213624338,3870.477838509428
qm_recentrado,ACCESS-CM2,ssp245,lejano,2084,366,0.4580359446898206,4420.054194831883
qm_recentrado,ACCESS-CM2,ssp245,lejano,2085,365,0.419974993948081,4052.7654111988845
qm_recentrado,ACCESS-CM2,ssp245,lejano,2086,365,0.4332632501604936,4180.997296260765
qm_recentrado,ACCESS-CM2,ssp245,lejano,2087,365,0.42960968995152315,4145.740381787237
qm_recentrado,ACCESS-CM2,ssp245,lejano,2088,366,0.4543031882149413,4384.033035125195
qm_recentrado,ACCESS-CM2,ssp245,lejano,2089,365,0.38769631305867547,3741.2756241572265
qm_recentrado,ACCESS-CM2,ssp245,lejano,2090,365,0.44963869278384844,4339.020579583221
qm_recentrado,ACCESS-CM2,ssp245,lejano,2091,365,0.46860600264946095,4522.05542326334
qm_recentrado,ACCESS-CM2,ssp245,lejano,2092,366,0.4618465612879317,4456.826705973521
qm_recentrado,ACCESS-CM2,ssp245,lejano,2093,365,0.4496033420725242,4338.679444653331
qm_recentrado,ACCESS-CM2,ssp245,lejano,2094,365,0.4403674600128819,4249.553035003671
qm_recentrado,ACCESS-CM2,ssp245,lejano,2095,365,0.4710991761889492,4546.114587810178
qm_recentrado,ACCESS-CM2,ssp245,lejano,2096,366,0.40484562173358013,3906.7667272589956
qm_recentrado,ACCESS-CM2,ssp245,lejano,2097,365,0.48298238393554355,4660.787732696137
qm_recentrado,ACCESS-CM2,ssp245,lejano,2098,365,0.4676863069279635,4513.180344835759
qm_recentrado,ACCESS-CM2,ssp245,lejano,2099,365,0.36697991797550406,3541.3620801423017
qm_recentrado,ACCESS-CM2,ssp585,medio,2040,366,0.4594392332176893,4433.5959515784325
qm_recentrado,ACCESS-CM2,ssp585,medio,2041,365,0.4634978430149332,4472.761601059593
qm_recentrado,ACCESS-CM2,ssp585,medio,2042,365,0.5104656211917873,4926.001411950686
qm_recentrado,ACCESS-CM2,ssp585,medio,2043,365,0.5096430873331076,4918.063947053885
qm_recentrado,ACCESS-CM2,ssp585,medio,2044,366,0.41266927176159623,3982.2650752077516
qm_recentrado,ACCESS-CM2,ssp585,medio,2045,365,0.49523679380448205,4779.042984001952
qm_recentrado,ACCESS-CM2,ssp585,medio,2046,365,0.4455281542815332,4299.353817267263
qm_recentrado,ACCESS-CM2,ssp585,medio,2047,365,0.505694017368582,4879.955358711094
qm_recentrado,ACCESS-CM2,ssp585,medio,2048,366,0.43458407513013353,4193.74327835099
qm_recentrado,ACCESS-CM2,ssp585,medio,2049,365,0.5012098852392285,4836.683411916719
qm_recentrado,ACCESS-CM2,ssp585,medio,2050,365,0.4662844832039856,4499.6527234701925
qm_recentrado,ACCESS-CM2,ssp585,medio,2051,365,0.518839065571175,5006.805284186888
qm_recentrado,ACCESS-CM2,ssp585,medio,2052,366,0.48546634083525086,4684.757956521624
qm_recentrado,ACCESS-CM2,ssp585,medio,2053,365,0.4532089474346101,4373.473594087146
qm_recentrado,ACCESS-CM2,ssp585,medio,2054,365,0.48001177057588135,4632.121266245584
qm_recentrado,ACCESS-CM2,ssp585,medio,2055,365,0.49159751216479125,4743.92385795043
qm_recentrado,ACCESS-CM2,ssp585,medio,2056,366,0.5086422369050251,4908.405724409282
qm_recentrado,ACCESS-CM2,ssp585,medio,2057,365,0.5227963870979576,5044.993500237483
qm_recentrado,ACCESS-CM2,ssp585,medio,2058,365,0.5076375671366443,4898.710645069691
qm_recentrado,ACCESS-CM2,ssp585,medio,2059,365,0.48937483267682064,4722.474965328643
qm_recentrado,ACCESS-CM2,ssp585,medio,2060,366,0.4973741654141851,4799.668654233533
qm_recentrado,ACCESS-CM2,ssp585,medio,2061,365,0.4772260921606043,4605.239424967306
qm_recentrado,ACCESS-CM2,ssp585,medio,2062,365,0.49079379093323233,4736.167935206347
qm_recentrado,ACCESS-CM2,ssp585,medio,2063,365,0.49252040662311425,4752.829804239558
qm_recentrado,ACCESS-CM2,ssp585,medio,2064,366,0.37493488324131863,3618.127622236856
qm_recentrado,ACCESS-CM2,ssp585,medio,2065,365,0.5288189855277408,5103.111671446466
qm_recentrado,ACCESS-CM2,ssp585,medio,2066,365,0.48152823799166183,4646.755201071344
qm_recentrado,ACCESS-CM2,ssp585,medio,2067,365,0.47429010710972563,4576.907122250566
qm_recentrado,ACCESS-CM2,ssp585,medio,2068,366,0.5275003300781184,5090.386625259123
qm_recentrado,ACCESS-CM2,ssp585,medio,2069,365,0.4913797010256728,4741.8219769729585
qm_recentrado,ACCESS-CM2,ssp585,lejano,2070,365,0.4726242272784523,4560.831355224701
qm_recentrado,ACCESS-CM2,ssp585,lejano,2071,365,0.4650977661640312,4488.200885047159
qm_recentrado,ACCESS-CM2,ssp585,lejano,2072,366,0.5238750814687717,5055.40291817495
qm_recentrado,ACCESS-CM2,ssp585,lejano,2073,365,0.4957431034749428,4783.928880422854
qm_recentrado,ACCESS-CM2,ssp585,lejano,2074,365,0.49744044564056633,4800.308259478595
qm_recentrado,ACCESS-CM2,ssp585,lejano,2075,365,0.5217605077891967,5034.997248333872
qm_recentrado,ACCESS-CM2,ssp585,lejano,2076,366,0.4713651325190287,4548.681070650746
qm_recentrado,ACCESS-CM2,ssp585,lejano,2077,365,0.49646180111627575,4790.864324160879
qm_recentrado,ACCESS-CM2,ssp585,lejano,2078,365,0.4552323274885611,4392.999243981853
qm_recentrado,ACCESS-CM2,ssp585,lejano,2079,365,0.5237152070146732,5053.860127134908
qm_recentrado,ACCESS-CM2,ssp585,lejano,2080,366,0.4910218855747594,4738.369052146597
qm_recentrado,ACCESS-CM2,ssp585,lejano,2081,365,0.5291617200954594,5106.419065508705
qm_recentrado,ACCESS-CM2,ssp585,lejano,2082,365,0.5117473286512244,4938.369909441573
qm_recentrado,ACCESS-CM2,ssp585,lejano,2083,365,0.5319139950776272,5132.9785631230225
qm_recentrado,ACCESS-CM2,ssp585,lejano,2084,366,0.5062497873646755,4885.318548065717
qm_recentrado,ACCESS-CM2,ssp585,lejano,2085,365,0.533381085252007,5147.136006779231
qm_recentrado,ACCESS-CM2,ssp585,lejano,2086,365,0.5369990638565618,5182.0495582008425
qm_recentrado,ACCESS-CM2,ssp585,lejano,2087,365,0.507108497383479,4893.60511348653
qm_recentrado,ACCESS-CM2,ssp585,lejano,2088,366,0.5130870361701694,4951.298108434713
qm_recentrado,ACCESS-CM2,ssp585,lejano,2089,365,0.5368439182654065,5180.552400763863
qm_recentrado,ACCESS-CM2,ssp585,lejano,2090,365,0.531853029750307,5132.390246738939
qm_recentrado,ACCESS-CM2,ssp585,lejano,2091,365,0.5242290303547261,5058.818530587592
qm_recentrado,ACCESS-CM2,ssp585,lejano,2092,366,0.5216929409085623,5034.34522685468
qm_recentrado,ACCESS-CM2,ssp585,lejano,2093,365,0.5337690175752188,5150.879559905143
qm_recentrado,ACCESS-CM2,ssp585,lejano,2094,365,0.5043343101030255,4866.834161843159
qm_recentrado,ACCESS-CM2,ssp585,lejano,2095,365,0.5106467657961453,4927.749460281055
qm_recentrado,ACCESS-CM2,ssp585,lejano,2096,366,0.47411305614604116,4575.198577618195
qm_recentrado,ACCESS-CM2,ssp585,lejano,2097,365,0.5223930737470018,5041.101519947747
qm_recentrado,ACCESS-CM2,ssp585,lejano,2098,365,0.5149643464309052,4969.414182487776
qm_recentrado,ACCESS-CM2,ssp585,lejano,2099,365,0.4761038103293441,4594.409387339136
qm_recentrado,CanESM5,historical,historico,1981,365,0.46332375769608564,4471.08167494735
qm_recentrado,CanESM5,historical,historico,1982,365,0.46200684676649123,4458.373463406188
qm_recentrado,CanESM5,historical,historico,1983,365,0.4055021918487821,3913.1026393758166
qm_recentrado,CanESM5,historical,historico,1984,365,0.46422024565597975,4479.732798104134
qm_recentrado,CanESM5,historical,historico,1985,365,0.42298346996704533,4081.7972529175067
qm_recentrado,CanESM5,historical,historico,1986,365,0.45775741055637315,4417.36633598757
qm_recentrado,CanESM5,historical,historico,1987,365,0.3665169655234679,3536.8945815729135
qm_recentrado,CanESM5,historical,historico,1988,365,0.38533332830653505,3718.4727834913156
qm_recentrado,CanESM5,historical,historico,1989,365,0.47207354744857244,4555.517286055483
qm_recentrado,CanESM5,historical,historico,1990,365,0.43808194232416714,4227.497752739289
qm_recentrado,CanESM5,historical,historico,1991,365,0.47878172460242147,4620.2513029209595
qm_recentrado,CanESM5,historical,historico,1992,365,0.42024905901261334,4055.4101434566624
qm_recentrado,CanESM5,historical,historico,1993,365,0.49536555613018235,4780.2855425051575
qm_recentrado,CanESM5,historical,historico,1994,365,0.4655883529081452,4492.935054977247
qm_recentrado,CanESM5,historical,historico,1995,365,0.47492111167670537,4582.996326417993
qm_recentrado,CanESM5,historical,historico,1996,365,0.4541774954383736,4382.820097820231
qm_recentrado,CanESM5,historical,historico,1997,365,0.45258012108528045,4367.405409754892
qm_recentrado,CanESM5,historical,historico,1998,365,0.41668110062152525,4020.9792878953285
qm_recentrado,CanESM5,historical,historico,1999,365,0.462185600273639,4460.098437610221
qm_recentrado,CanESM5,historical,historico,2000,365,0.5103812422246097,4925.187153567358
qm_recentrado,CanESM5,historical,historico,2001,365,0.4212558078843626,4065.1252861770254
qm_recentrado,CanESM5,historical,historico,2002,365,0.4815439717280868,4646.907031879584
qm_recentrado,CanESM5,historical,historico,2003,365,0.4555252665905781,4395.826111003344
qm_recentrado,CanESM5,historical,historico,2004,365,0.4523677788508076,4365.356303794754
qm_recentrado,CanESM5,historical,historico,2005,365,0.46886499204795934,4524.5546751026795
qm_recentrado,CanESM5,historical,historico,2006,365,0.46425945002369257,4480.111120879834
qm_recentrado,CanESM5,historical,historico,2007,365,0.47452706654671256,4579.193784608841
qm_recentrado,CanESM5,historical,historico,2008,365,0.47759736779214346,4608.822240752069
qm_recentrado,CanESM5,historical,historico,2009,365,0.49979779969998533,4823.056763869654
qm_recentrado,CanESM5,historical,historico,2010,365,0.5003972598694482,4828.841564096332
qm_recentrado,CanESM5,historical,historico,2011,365,0.48494262077678274,4679.704049577886
qm_recentrado,CanESM5,historical,historico,2012,365,0.4939423737526957,4766.551809791493
qm_recentrado,CanESM5,historical,historico,2013,365,0.48349929920965173,4665.775973361927
qm_recentrado,CanESM5,historical,historico,2014,365,0.4175619263185762,4029.479269965081
qm_recentrado,CanESM5,ssp126,medio,2040,365,0.49911658210442633,4816.483003173027
qm_recentrado,CanESM5,ssp126,medio,2041,365,0.4734654846297388,4568.949502124732
qm_recentrado,CanESM5,ssp126,medio,2042,365,0.4965578081407361,4791.790793483033
qm_recentrado,CanESM5,ssp126,medio,2043,365,0.4882885770710123,4711.992581352502
qm_recentrado,CanESM5,ssp126,medio,2044,365,0.5393904380330145,5205.126357265598
qm_recentrado,CanESM5,ssp126,medio,2045,365,0.510867476912137,4929.879326081752
qm_recentrado,CanESM5,ssp126,medio,2046,365,0.5260759831903483,5076.641655002592
qm_recentrado,CanESM5,ssp126,medio,2047,365,0.45229181592995915,4364.62326039316
qm_recentrado,CanESM5,ssp126,medio,2048,365,0.5047306302654991,4870.65865775215
qm_recentrado,CanESM5,ssp126,medio,2049,365,0.5093879521749239,4915.601888695251
qm_recentrado,CanESM5,ssp126,medio,2050,365,0.46997330856417174,4535.249947217193
qm_recentrado,CanESM5,ssp126,medio,2051,365,0.49481380571120015,4774.961142133972
qm_recentrado,CanESM5,ssp126,medio,2052,365,0.5189217039348906,5007.602745718956
qm_recentrado,CanESM5,ssp126,medio,2053,365,0.5153149666853325,4972.797673552925
qm_recentrado,CanESM5,ssp126,medio,2054,365,0.5242854808434396,5059.3632787068855
qm_recentrado,CanESM5,ssp126,medio,2055,365,0.47925970886478775,4624.8638587005435
qm_recentrado,CanESM5,ssp126,medio,2056,365,0.5251704756772388,5067.903493012966
qm_recentrado,CanESM5,ssp126,medio,2057,365,0.5073418428298871,4895.856900777896
qm_recentrado,CanESM5,ssp126,medio,2058,365,0.4444709930481246,4289.152194450291
qm_recentrado,CanESM5,ssp126,medio,2059,365,0.47317598462881455,4566.1558224838145
qm_recentrado,CanESM5,ssp126,medio,2060,365,0.4355588244769785,4203.149625144035
qm_recentrado,CanESM5,ssp126,medio,2061,365,0.44418964866453714,4286.437216647162
qm_recentrado,CanESM5,ssp126,medio,2062,365,0.48916347640758395,4720.435373948808
qm_recentrado,CanESM5,ssp126,medio,2063,365,0.4716193737884249,4551.134502968281
qm_recentrado,CanESM5,ssp126,medio,2064,365,0.49727488980412893,4798.710643008081
qm_recentrado,CanESM5,ssp126,medio,2065,365,0.48800699636183487,4709.275323003648
qm_recentrado,CanESM5,ssp126,medio,2066,365,0.5148761048873526,4968.56265018063
qm_recentrado,CanESM5,ssp126,medio,2067,365,0.4734654472502055,4568.949141411639
qm_recentrado,CanESM5,ssp126,medio,2068,365,0.4633680452309978,4471.509050367852
qm_recentrado,CanESM5,ssp126,medio,2069,365,0.48601073285336194,4690.011348206668
qm_recentrado,CanESM5,ssp126,lejano,2070,365,0.44122867710326974,4257.863793705386
qm_recentrado,CanESM5,ssp126,lejano,2071,365,0.47158533430524396,4550.806021410952
qm_recentrado,CanESM5,ssp126,lejano,2072,365,0.5062647542687314,4885.462978929326
qm_recentrado,CanESM5,ssp126,lejano,2073,365,0.46662651820043294,4502.953366658468
qm_recentrado,CanESM5,ssp126,lejano,2074,365,0.46890744162967435,4524.964314245423
qm_recentrado,CanESM5,ssp126,lejano,2075,365,0.46493687863531113,4486.64831782081
qm_recentrado,CanESM5,ssp126,lejano,2076,365,0.5080715702035036,4902.898781608932
qm_recentrado,CanESM5,ssp126,lejano,2077,365,0.5118900502550435,4939.747175201974
qm_recentrado,CanESM5,ssp126,lejano,2078,365,0.502788261970461,4851.914772627139
qm_recentrado,CanESM5,ssp126,lejano,2079,365,0.5130149745117947,4950.60271227841
qm_recentrado,CanESM5,ssp126,lejano,2080,365,0.49048584447793414,4733.196246985576
qm_recentrado,CanESM5,ssp126,lejano,2081,365,0.4502506780718427,4344.926247404131
qm_recentrado,CanESM5,ssp126,lejano,2082,365,0.4544849851062456,4385.787378035031
qm_recentrado,CanESM5,ssp126,lejano,2083,365,0.5175791325904734,4994.646910764189
qm_recentrado,CanESM5,ssp126,lejano,2084,365,0.499831393859627,4823.380948047701
qm_recentrado,CanESM5,ssp126,lejano,2085,365,0.5264183095370232,5079.945109725226
qm_recentrado,CanESM5,ssp126,lejano,2086,365,0.5142598599753266,4962.615876919662
qm_recentrado,CanESM5,ssp126,lejano,2087,365,0.3978224434887295,3838.9929448253356
qm_recentrado,CanESM5,ssp126,lejano,2088,365,0.4509340847521732,4351.521132803828
qm_recentrado,CanESM5,ssp126,lejano,2089,365,0.49969412886031933,4822.056338608143
qm_recentrado,CanESM5,ssp126,lejano,2090,365,0.48761735409456086,4705.515268890177
qm_recentrado,CanESM5,ssp126,lejano,2091,365,0.43112705757486947,4160.383003630411
qm_recentrado,CanESM5,ssp126,lejano,2092,365,0.5057060657077299,4880.071625376645
qm_recentrado,CanESM5,ssp126,lejano,2093,365,0.45743328501498176,4414.238519327134
qm_recentrado,CanESM5,ssp126,lejano,2094,365,0.4626448176312982,4464.52989245911
qm_recentrado,CanESM5,ssp126,lejano,2095,365,0.49729077353269147,4798.863921242848
qm_recentrado,CanESM5,ssp126,lejano,2096,365,0.46744465226909937,4510.848373511246
qm_recentrado,CanESM5,ssp126,lejano,2097,365,0.46062388615962174,4445.027871422529
qm_recentrado,CanESM5,ssp126,lejano,2098,365,0.4992108483468505,4817.392673920681
qm_recentrado,CanESM5,ssp126,lejano,2099,365,0.4600956288856939,4439.930180277008
qm_recentrado,CanESM5,ssp245,medio,2040,365,0.4726183666238442,4560.774799813962
qm_recentrado,CanESM5,ssp245,medio,2041,365,0.4722894223161419,4557.600481981526
qm_recentrado,CanESM5,ssp245,medio,2042,365,0.4837787320932461,4668.472505159538
qm_recentrado,CanESM5,ssp245,medio,2043,365,0.47111509843860727,4546.268237774135
qm_recentrado,CanESM5,ssp245,medio,2044,365,0.504302204284955,4866.524340185083
qm_recentrado,CanESM5,ssp245,medio,2045,365,0.4866969228738554,4696.63309288347
qm_recentrado,CanESM5,ssp245,medio,2046,365,0.38393381311389363,3704.967439490083
qm_recentrado,CanESM5,ssp245,medio,2047,365,0.49320953319629707,4759.479886696798
qm_recentrado,CanESM5,ssp245,medio,2048,365,0.4045879972383966,3904.280646758483
qm_recentrado,CanESM5,ssp245,medio,2049,365,0.42234318549911665,4075.618497557444
qm_recentrado,CanESM5,ssp245,medio,2050,365,0.49001877898831825,4728.689057537735
qm_recentrado,CanESM5,ssp245,medio,2051,365,0.4496185798720059,4338.826489662134
qm_recentrado,CanESM5,ssp245,medio,2052,365,0.4291616597517935,4141.416883191363
qm_recentrado,CanESM5,ssp245,medio,2053,365,0.46245852296015105,4462.732145901824
qm_recentrado,CanESM5,ssp245,medio,2054,365,0.4171016439838525,4025.0375380704804
qm_recentrado,CanESM5,ssp245,medio,2055,365,0.512318093220674,4943.877796668996
qm_recentrado,CanESM5,ssp245,medio,2056,365,0.45197035472082325,4361.521154581619
qm_recentrado,CanESM5,ssp245,medio,2057,365,0.4744214894365491,4578.174963806529
qm_recentrado,CanESM5,ssp245,medio,2058,365,0.4957860492110922,4784.343307463827
qm_recentrado,CanESM5,ssp245,medio,2059,365,0.5022555725424935,4846.7743111242235
qm_recentrado,CanESM5,ssp245,medio,2060,365,0.46751827053728795,4511.5587909771575
qm_recentrado,CanESM5,ssp245,medio,2061,365,0.4639854462116516,4477.466979709577
qm_recentrado,CanESM5,ssp245,medio,2062,365,0.452303843298113,4364.739324688283
qm_recentrado,CanESM5,ssp245,medio,2063,365,0.5033364530115321,4857.204824944532
qm_recentrado,CanESM5,ssp245,medio,2064,365,0.4386527281844266,4233.005845423367
qm_recentrado,CanESM5,ssp245,medio,2065,365,0.47358700492458033,4570.122174914279
qm_recentrado,CanESM5,ssp245,medio,2066,365,0.40993082581969975,3955.8390280533154
qm_recentrado,CanESM5,ssp245,medio,2067,365,0.48143806180297544,4645.884999407701
qm_recentrado,CanESM5,ssp245,medio,2068,365,0.4748670205030135,4582.4743457264085
qm_recentrado,CanESM5,ssp245,medio,2069,365,0.4669260515062563,4505.843867852198
qm_recentrado,CanESM5,ssp245,lejano,2070,365,0.47970881356538736,4629.197726247005
qm_recentrado,CanESM5,ssp245,lejano,2071,365,0.42168428136395436,4069.2600621106612
qm_recentrado,CanESM5,ssp245,lejano,2072,365,0.5018205427007905,4842.57626619131
qm_recentrado,CanESM5,ssp245,lejano,2073,365,0.4878464927263862,4707.72646035351
qm_recentrado,CanESM5,ssp245,lejano,2074,365,0.499204574051041,4817.332126865731
qm_recentrado,CanESM5,ssp245,lejano,2075,365,0.42098717817834574,4062.533005215887
qm_recentrado,CanESM5,ssp245,lejano,2076,365,0.4672757190639125,4509.21816537826
qm_recentrado,CanESM5,ssp245,lejano,2077,365,0.444460120335882,4289.047272603186
qm_recentrado,CanESM5,ssp245,lejano,2078,365,0.43310881640153265,4179.507008015852
qm_recentrado,CanESM5,ssp245,lejano,2079,365,0.49058861359864003,4734.187970644693
qm_recentrado,CanESM5,ssp245,lejano,2080,365,0.473740674371825,4571.605087538901
qm_recentrado,CanESM5,ssp245,lejano,2081,365,0.4045171571725059,3903.5970389891963
qm_recentrado,CanESM5,ssp245,lejano,2082,365,0.4540366044364602,4381.460497397511
qm_recentrado,CanESM5,ssp245,lejano,2083,365,0.446146804381779,4305.3238006330375
qm_recentrado,CanESM5,ssp245,lejano,2084,365,0.46626574066174226,4499.471857637663
qm_recentrado,CanESM5,ssp245,lejano,2085,365,0.51541161530282,4973.730334258057
qm_recentrado,CanESM5,ssp245,lejano,2086,365,0.4420626549270557,4265.911693048567
qm_recentrado,CanESM5,ssp245,lejano,2087,365,0.4859179204716588,4689.115707238235
qm_recentrado,CanESM5,ssp245,lejano,2088,365,0.4589538214453371,4428.911720208645
qm_recentrado,CanESM5,ssp245,lejano,2089,365,0.46764897858113086,4512.820125691569
qm_recentrado,CanESM5,ssp245,lejano,2090,365,0.4371064658272765,4218.0843889366715
qm_recentrado,CanESM5,ssp245,lejano,2091,365,0.44976087222402283,4340.1996131357755
qm_recentrado,CanESM5,ssp245,lejano,2092,365,0.45914299434940226,4430.737241759641
qm_recentrado,CanESM5,ssp245,lejano,2093,365,0.44025827449919214,4248.499393049596
qm_recentrado,CanESM5,ssp245,lejano,2094,365,0.5076846240629811,4899.164745161752
qm_recentrado,CanESM5,ssp245,lejano,2095,365,0.43659360928893326,4213.1353151359535
qm_recentrado,CanESM5,ssp245,lejano,2096,365,0.39526946132328855,3814.356626081115
qm_recentrado,CanESM5,ssp245,lejano,2097,365,0.49030215820223266,4731.423671486076
qm_recentrado,CanESM5,ssp245,lejano,2098,365,0.47322621990245506,4566.640593678209
qm_recentrado,CanESM5,ssp245,lejano,2099,365,0.48821288628494725,4711.262164055921
qm_recentrado,CanESM5,ssp585,medio,2040,365,0.4380203293418586,4226.903186474204
qm_recentrado,CanESM5,ssp585,medio,2041,365,0.4157183410715876,4011.6886428342773
qm_recentrado,CanESM5,ssp585,medio,2042,365,0.4498113149161738,4340.686385922116
qm_recentrado,CanESM5,ssp585,medio,2043,365,0.48712048747647746,4700.720498075807
qm_recentrado,CanESM5,ssp585,medio,2044,365,0.3884192631016545,3748.2521036391754
qm_recentrado,CanESM5,ssp585,medio,2045,365,0.4268691196003251,4119.29383404905
qm_recentrado,CanESM5,ssp585,medio,2046,365,0.49501484909213644,4776.901213976702
qm_recentrado,CanESM5,ssp585,medio,2047,365,0.4614238884292028,4452.747906124022
qm_recentrado,CanESM5,ssp585,medio,2048,365,0.4513192455723609,4355.237940881211
qm_recentrado,CanESM5,ssp585,medio,2049,365,0.45914175870665414,4430.725317787351
qm_recentrado,CanESM5,ssp585,medio,2050,365,0.3995443832517282,3855.609691089309
qm_recentrado,CanESM5,ssp585,medio,2051,365,0.4291343618013417,4141.153457532736
qm_recentrado,CanESM5,ssp585,medio,2052,365,0.4545984272092914,4386.882096144497
qm_recentrado,CanESM5,ssp585,medio,2053,365,0.43854584562181437,4231.9744269840385
qm_recentrado,CanESM5,ssp585,medio,2054,365,0.4630031409418835,4467.98771813943
qm_recentrado,CanESM5,ssp585,medio,2055,365,0.46486851613236374,4485.988618573568
qm_recentrado,CanESM5,ssp585,medio,2056,365,0.4457628055245874,4301.618205517156
qm_recentrado,CanESM5,ssp585,medio,2057,365,0.40613325854213217,3919.192443063712
qm_recentrado,CanESM5,ssp585,medio,2058,365,0.4797088762906421,4629.198331546716
qm_recentrado,CanESM5,ssp585,medio,2059,365,0.4935980243065004,4763.228832126118
qm_recentrado,CanESM5,ssp585,medio,2060,365,0.4529441482037588,4370.9182772726435
qm_recentrado,CanESM5,ssp585,medio,2061,365,0.43402054192381573,4188.305173893492
qm_recentrado,CanESM5,ssp585,medio,2062,365,0.3720911783718154,3590.685824746872
qm_recentrado,CanESM5,ssp585,medio,2063,365,0.4528700837260485,4370.203553877707
qm_recentrado,CanESM5,ssp585,medio,2064,365,0.4792605052652757,4624.871543977994
qm_recentrado,CanESM5,ssp585,medio,2065,365,0.49447830651929253,4771.7235695640775
qm_recentrado,CanESM5,ssp585,medio,2066,365,0.4822239661770801,4653.468989192281
qm_recentrado,CanESM5,ssp585,medio,2067,365,0.44972428493983035,4339.846545257921
qm_recentrado,CanESM5,ssp585,medio,2068,365,0.4703533188571585,4538.91705262468
qm_recentrado,CanESM5,ssp585,medio,2069,365,0.5112463865703595,4933.535810346155
qm_recentrado,CanESM5,ssp585,lejano,2070,365,0.4847325613185013,4677.676972444518
qm_recentrado,CanESM5,ssp585,lejano,2071,365,0.41118478165660066,3967.9397219427024
qm_recentrado,CanESM5,ssp585,lejano,2072,365,0.4463620006754203,4307.400448309816
qm_recentrado,CanESM5,ssp585,lejano,2073,365,0.4856343234089668,4686.378991045704
qm_recentrado,CanESM5,ssp585,lejano,2074,365,0.4999619554659023,4824.640869637244
qm_recentrado,CanESM5,ssp585,lejano,2075,365,0.4818814384937026,4650.163591567245
qm_recentrado,CanESM5,ssp585,lejano,2076,365,0.508266020498651,4904.7752300683105
qm_recentrado,CanESM5,ssp585,lejano,2077,365,0.5062079962768384,4884.915263399431
qm_recentrado,CanESM5,ssp585,lejano,2078,365,0.4328046332495168,4176.571635731969
qm_recentrado,CanESM5,ssp585,lejano,2079,365,0.4448835881047168,4293.133743347926
qm_recentrado,CanESM5,ssp585,lejano,2080,365,0.5096186451348651,4917.8280794497705
qm_recentrado,CanESM5,ssp585,lejano,2081,365,0.5108238291268272,4929.4581242551485
qm_recentrado,CanESM5,ssp585,lejano,2082,365,0.5093976342439115,4915.695320815893
qm_recentrado,CanESM5,ssp585,lejano,2083,365,0.49947284552677523,4819.920950898909
qm_recentrado,CanESM5,ssp585,lejano,2084,365,0.5075314742343148,4897.686846864724
qm_recentrado,CanESM5,ssp585,lejano,2085,365,0.4505074281859846,4347.403890113603
qm_recentrado,CanESM5,ssp585,lejano,2086,365,0.48474583829226187,4677.805095453739
qm_recentrado,CanESM5,ssp585,lejano,2087,365,0.514559810957603,4965.510408697844
qm_recentrado,CanESM5,ssp585,lejano,2088,365,0.5064605234535879,4887.352154695498
qm_recentrado,CanESM5,ssp585,lejano,2089,365,0.4717063126616945,4551.973464486354
qm_recentrado,CanESM5,ssp585,lejano,2090,365,0.47518359775856567,4585.529321307722
qm_recentrado,CanESM5,ssp585,lejano,2091,365,0.5054759864608849,4877.851356963322
qm_recentrado,CanESM5,ssp585,lejano,2092,365,0.4337053147554485,4185.263226675113
qm_recentrado,CanESM5,ssp585,lejano,2093,365,0.4929420726204628,4756.898887860627
qm_recentrado,CanESM5,ssp585,lejano,2094,365,0.4871410384465956,4700.918815266262
qm_recentrado,CanESM5,ssp585,lejano,2095,365,0.5057650519847535,4880.640843893703
qm_recentrado,CanESM5,ssp585,lejano,2096,365,0.4964689875117574,4790.933672992258
qm_recentrado,CanESM5,ssp585,lejano,2097,365,0.48241612964113645,4655.32336969504
qm_recentrado,CanESM5,ssp585,lejano,2098,365,0.4509482097825203,4351.657439572677
qm_recentrado,CanESM5,ssp585,lejano,2099,365,0.5008675182556751,4833.379565047557
qm_recentrado,CESM2,historical,historico,1981,365,0.46261326369140365,4464.225396434264
qm_recentrado,CESM2,historical,historico,1982,365,0.4747525659537427,4581.369857494672
qm_recentrado,CESM2,historical,historico,1983,365,0.38366159593926163,3702.34053939941
qm_recentrado,CESM2,historical,historico,1984,365,0.4503780091153452,4346.154994011226
qm_recentrado,CESM2,historical,historico,1985,365,0.4476205645667046,4319.545609997733
qm_recentrado,CESM2,historical,historico,1986,365,0.506254304167833,4885.362135288456
qm_recentrado,CESM2,historical,historico,1987,365,0.4593360289586717,4432.600028827645
qm_recentrado,CESM2,historical,historico,1988,365,0.4393756924121926,4239.982461788737
qm_recentrado,CESM2,historical,historico,1989,365,0.45621847256228976,4402.515559721657
qm_recentrado,CESM2,historical,historico,1990,365,0.4843591732734034,4674.073771835115
qm_recentrado,CESM2,historical,historico,1991,365,0.4035386464783553,3894.154395134472
qm_recentrado,CESM2,historical,historico,1992,365,0.43026553678354185,4152.069314209767
qm_recentrado,CESM2,historical,historico,1993,365,0.4859739994248072,4689.65687003338
qm_recentrado,CESM2,historical,historico,1994,365,0.45123557880354787,4354.430555223497
qm_recentrado,CESM2,historical,historico,1995,365,0.4636323881579731,4474.05996384265
qm_recentrado,CESM2,historical,historico,1996,365,0.4724254653136466,4558.9132990841335
qm_recentrado,CESM2,historical,historico,1997,365,0.44820273035130903,4325.163519133817
qm_recentrado,CESM2,historical,historico,1998,365,0.46226850955198506,4460.898513472808
qm_recentrado,CESM2,historical,historico,1999,365,0.4564116659515766,4404.37987901937
qm_recentrado,CESM2,historical,historico,2000,365,0.4676875176357041,4513.192028184826
qm_recentrado,CESM2,historical,historico,2001,365,0.4750830285938589,4584.558827259196
qm_recentrado,CESM2,historical,historico,2002,365,0.5001254375000088,4826.218473882085
qm_recentrado,CESM2,historical,historico,2003,365,0.45919505643261493,4431.239641695637
qm_recentrado,CESM2,historical,historico,2004,365,0.4392572962533822,4238.839936961878
qm_recentrado,CESM2,historical,historico,2005,365,0.4579521803858161,4419.245867958011
qm_recentrado,CESM2,historical,historico,2006,365,0.4959139085661087,4785.577152285485
qm_recentrado,CESM2,historical,historico,2007,365,0.35509132620090006,3426.636979299905
qm_recentrado,CESM2,historical,historico,2008,365,0.3848830052964715,3714.1271592390344
qm_recentrado,CESM2,historical,historico,2009,365,0.48166540987238304,4648.078911915055
qm_recentrado,CESM2,historical,historico,2010,365,0.44970802736080173,4339.689659360174
qm_recentrado,CESM2,historical,historico,2011,365,0.45722129264357275,4412.192789551159
qm_recentrado,CESM2,historical,historico,2012,365,0.4784585743129483,4617.13289745714
qm_recentrado,CESM2,historical,historico,2013,365,0.3975088886401334,3835.9671355195055
qm_recentrado,CESM2,historical,historico,2014,365,0.43374554772764323,4185.65147550052
qm_recentrado,CESM2,ssp126,medio,2040,365,0.4758968262696092,4592.411987850949
qm_recentrado,CESM2,ssp126,medio,2041,365,0.39886988353047786,3849.1007579872476
qm_recentrado,CESM2,ssp126,medio,2042,365,0.411305335803712,3969.1030713911928
qm_recentrado,CESM2,ssp126,medio,2043,365,0.4618026278754695,4456.402747840326
qm_recentrado,CESM2,ssp126,medio,2044,365,0.4495463205812649,4338.129186350336
qm_recentrado,CESM2,ssp126,medio,2045,365,0.4238242198844215,4089.910503072185
qm_recentrado,CESM2,ssp126,medio,2046,365,0.44932345983047983,4335.978576539487
qm_recentrado,CESM2,ssp126,medio,2047,365,0.4293212105764071,4142.956551201697
qm_recentrado,CESM2,ssp126,medio,2048,365,0.4718882935020214,4553.7295825072015
qm_recentrado,CESM2,ssp126,medio,2049,365,0.4618245817873385,4456.614603441125
qm_recentrado,CESM2,ssp126,medio,2050,365,0.45208904041539183,4362.666473433178
qm_recentrado,CESM2,ssp126,medio,2051,365,0.453571776989088,4376.9749050931305
qm_recentrado,CESM2,ssp126,medio,2052,365,0.4827988040013897,4659.016183394275
qm_recentrado,CESM2,ssp126,medio,2053,365,0.4893695914838239,4722.424387732364
qm_recentrado,CESM2,ssp126,medio,2054,365,0.3346052313464541,3228.9458361769834
qm_recentrado,CESM2,ssp126,medio,2055,365,0.4369735072913518,4216.801336937661
qm_recentrado,CESM2,ssp126,medio,2056,365,0.4868307071443548,4697.924113234338
qm_recentrado,CESM2,ssp126,medio,2057,365,0.4212815431024097,4065.3736314429425
qm_recentrado,CESM2,ssp126,medio,2058,365,0.43618978871103053,4209.238440098064
qm_recentrado,CESM2,ssp126,medio,2059,365,0.48161397316463855,4647.5825468623325
qm_recentrado,CESM2,ssp126,medio,2060,365,0.4664455417735382,4501.206941243311
qm_recentrado,CESM2,ssp126,medio,2061,365,0.49083250813536905,4736.541556826442
qm_recentrado,CESM2,ssp126,medio,2062,365,0.46189206867235755,4457.265852961348
qm_recentrado,CESM2,ssp126,medio,2063,365,0.4915124685989871,4743.103186179724
qm_recentrado,CESM2,ssp126,medio,2064,365,0.3986256065547388,3846.743481262934
qm_recentrado,CESM2,ssp126,medio,2065,365,0.481349185798765,4645.027344545055
qm_recentrado,CESM2,ssp126,medio,2066,365,0.4629109178528642,4467.097763854825
qm_recentrado,CESM2,ssp126,medio,2067,365,0.4717484349499952,4552.379945242414
qm_recentrado,CESM2,ssp126,medio,2068,365,0.44038640552426495,4249.735859491644
qm_recentrado,CESM2,ssp126,medio,2069,365,0.4883226443315574,4712.321330961838
qm_recentrado,CESM2,ssp126,lejano,2070,365,0.42483161887189175,4099.631919419657
qm_recentrado,CESM2,ssp126,lejano,2071,365,0.4491479405855504,4334.284813017611
qm_recentrado,CESM2,ssp126,lejano,2072,365,0.483056786198642,4661.505715725474
qm_recentrado,CESM2,ssp126,lejano,2073,365,0.4434002843969346,4278.819838834969
qm_recentrado,CESM2,ssp126,lejano,2074,365,0.4707974615146086,4543.2030363753565
qm_recentrado,CESM2,ssp126,lejano,2075,365,0.4612470015637048,4451.040945041776
qm_recentrado,CESM2,ssp126,lejano,2076,365,0.42524392399166416,4103.610670422343
qm_recentrado,CESM2,ssp126,lejano,2077,365,0.4755320415217916,4588.891809197953
qm_recentrado,CESM2,ssp126,lejano,2078,365,0.49916297685012945,4816.930713211378
qm_recentrado,CESM2,ssp126,lejano,2079,365,0.45234794832269726,4365.164938881202
qm_recentrado,CESM2,ssp126,lejano,2080,365,0.4748865565999937,4582.662869374844
qm_recentrado,CESM2,ssp126,lejano,2081,365,0.431840562651677,4167.268339037685
qm_recentrado,CESM2,ssp126,lejano,2082,365,0.4373925631828196,4220.84523299522
qm_recentrado,CESM2,ssp126,lejano,2083,365,0.48005955653122034,4632.582401479181
qm_recentrado,CESM2,ssp126,lejano,2084,365,0.4475946500381687,4319.295534382728
qm_recentrado,CESM2,ssp126,lejano,2085,365,0.48029394051972685,4634.844210718412
qm_recentrado,CESM2,ssp126,lejano,2086,365,0.4228703245627649,4080.7053979558746
qm_recentrado,CESM2,ssp126,lejano,2087,365,0.489669024710869,4725.31392316428
qm_recentrado,CESM2,ssp126,lejano,2088,365,0.44781643214754996,4321.435735286771
qm_recentrado,CESM2,ssp126,lejano,2089,365,0.46662281480144124,4502.917628798945
qm_recentrado,CESM2,ssp126,lejano,2090,365,0.4412670041445518,4258.2336502669905
qm_recentrado,CESM2,ssp126,lejano,2091,365,0.45330398585259,4374.390716341268
qm_recentrado,CESM2,ssp126,lejano,2092,365,0.4939903522596712,4767.014803151463
qm_recentrado,CESM2,ssp126,lejano,2093,365,0.45086414970216243,4350.846258452263
qm_recentrado,CESM2,ssp126,lejano,2094,365,0.46764048322315793,4512.738145351205
qm_recentrado,CESM2,ssp126,lejano,2095,365,0.4410469751733731,4256.110367174652
qm_recentrado,CESM2,ssp126,lejano,2096,365,0.501180548367269,4836.400310632919
qm_recentrado,CESM2,ssp126,lejano,2097,365,0.44041876658425155,4250.0481442382925
qm_recentrado,CESM2,ssp126,lejano,2098,365,0.4459632763382343,4303.552752076382
qm_recentrado,CESM2,ssp126,lejano,2099,365,0.45762444933762547,4416.083258099275
qm_recentrado,CESM2,ssp245,medio,2040,365,0.36995113070251423,3570.0343304973535
qm_recentrado,CESM2,ssp245,medio,2041,365,0.4513783681420077,4355.808474624264
qm_recentrado,CESM2,ssp245,medio,2042,365,0.49017993376846103,4730.244203744589
qm_recentrado,CESM2,ssp245,medio,2043,365,0.44242705526271686,4269.428162118102
qm_recentrado,CESM2,ssp245,medio,2044,365,0.4405155278433417,4250.981891936693
qm_recentrado,CESM2,ssp245,medio,2045,365,0.4507599795811626,4349.841015117892
qm_recentrado,CESM2,ssp245,medio,2046,365,0.4544321875362742,4385.2778806400465
qm_recentrado,CESM2,ssp245,medio,2047,365,0.46182707856734917,4456.638697408176
qm_recentrado,CESM2,ssp245,medio,2048,365,0.4030813776525566,3889.7417436492133
qm_recentrado,CESM2,ssp245,medio,2049,365,0.46260567903479866,4464.152204376671
qm_recentrado,CESM2,ssp245,medio,2050,365,0.44495478072940386,4293.820753315239
qm_recentrado,CESM2,ssp245,medio,2051,365,0.46961450395065285,4531.787476955863
qm_recentrado,CESM2,ssp245,medio,2052,365,0.44255248333475605,4270.638545020129
qm_recentrado,CESM2,ssp245,medio,2053,365,0.45647487651510177,4404.989861968756
qm_recentrado,CESM2,ssp245,medio,2054,365,0.49167118188283393,4744.634771908257
qm_recentrado,CESM2,ssp245,medio,2055,365,0.46368506216780003,4474.568268880264
qm_recentrado,CESM2,ssp245,medio,2056,365,0.4397433935972712,4243.530784107965
qm_recentrado,CESM2,ssp245,medio,2057,365,0.45207359865299296,4362.51746017896
qm_recentrado,CESM2,ssp245,medio,2058,365,0.4327037687757801,4175.598291946578
qm_recentrado,CESM2,ssp245,medio,2059,365,0.4983505945360243,4809.091210882147
qm_recentrado,CESM2,ssp245,medio,2060,365,0.48260576634071445,4657.153366880156
qm_recentrado,CESM2,ssp245,medio,2061,365,0.47351928349423256,4569.46866202788
qm_recentrado,CESM2,ssp245,medio,2062,365,0.4394313587239875,4240.519642588219
qm_recentrado,CESM2,ssp245,medio,2063,365,0.49321350805654385,4759.518244161776
qm_recentrado,CESM2,ssp245,medio,2064,365,0.48758461435337863,4705.199329863933
qm_recentrado,CESM2,ssp245,medio,2065,365,0.4329618470388343,4178.0887513143025
qm_recentrado,CESM2,ssp245,medio,2066,365,0.489640081007401,4725.034615962715
qm_recentrado,CESM2,ssp245,medio,2067,365,0.4663953922654461,4500.722997687831
qm_recentrado,CESM2,ssp245,medio,2068,365,0.3891283493275743,3755.0947970646807
qm_recentrado,CESM2,ssp245,medio,2069,365,0.5026696166234719,4850.769843130369
qm_recentrado,CESM2,ssp245,lejano,2070,365,0.4397044555656168,4243.155031479491
qm_recentrado,CESM2,ssp245,lejano,2071,365,0.4694420414743154,4530.123211299807
qm_recentrado,CESM2,ssp245,lejano,2072,365,0.469971411628336,4535.231641756029
qm_recentrado,CESM2,ssp245,lejano,2073,365,0.46394216705600216,4477.049335165094
qm_recentrado,CESM2,ssp245,lejano,2074,365,0.47583577054357795,4591.822799117855
qm_recentrado,CESM2,ssp245,lejano,2075,365,0.40686375674785696,3926.2417624369273
qm_recentrado,CESM2,ssp245,lejano,2076,365,0.4485902017497483,4328.902624328299
qm_recentrado,CESM2,ssp245,lejano,2077,365,0.4534258570408347,4375.566775257767
qm_recentrado,CESM2,ssp245,lejano,2078,365,0.4590606723103513,4429.942832765646
qm_recentrado,CESM2,ssp245,lejano,2079,365,0.4978435207981324,4804.19794119831
qm_recentrado,CESM2,ssp245,lejano,2080,365,0.46760645830222036,4512.409804319759
qm_recentrado,CESM2,ssp245,lejano,2081,365,0.4220135789785048,4072.4377893598344
qm_recentrado,CESM2,ssp245,lejano,2082,365,0.4430684810611834,4275.617931336117
qm_recentrado,CESM2,ssp245,lejano,2083,365,0.39643136757961733,3825.569040045188
qm_recentrado,CESM2,ssp245,lejano,2084,365,0.48648349070468055,4694.573469036019
qm_recentrado,CESM2,ssp245,lejano,2085,365,0.45725523501033877,4412.5203339335285
qm_recentrado,CESM2,ssp245,lejano,2086,365,0.47047890533536585,4540.128964148766
qm_recentrado,CESM2,ssp245,lejano,2087,365,0.41653663672494157,4019.5852089818736
qm_recentrado,CESM2,ssp245,lejano,2088,365,0.4529426698198594,4370.9040108443605
qm_recentrado,CESM2,ssp245,lejano,2089,365,0.4772761994322177,4605.722960940092
qm_recentrado,CESM2,ssp245,lejano,2090,365,0.443729665078028,4281.998367677611
qm_recentrado,CESM2,ssp245,lejano,2091,365,0.4659847252618872,4496.760054532816
qm_recentrado,CESM2,ssp245,lejano,2092,365,0.45795340708467014,4419.25770562158
qm_recentrado,CESM2,ssp245,lejano,2093,365,0.422679811664295,4078.866945437433
qm_recentrado,CESM2,ssp245,lejano,2094,365,0.45440294863933806,4384.99572481679
qm_recentrado,CESM2,ssp245,lejano,2095,365,0.4491218643296944,4334.03317673138
qm_recentrado,CESM2,ssp245,lejano,2096,365,0.4673709192513449,4510.136848710185
qm_recentrado,CESM2,ssp245,lejano,2097,365,0.4451939407593742,4296.128651431013
qm_recentrado,CESM2,ssp245,lejano,2098,365,0.469632023801309,4531.956543795012
qm_recentrado,CESM2,ssp245,lejano,2099,365,0.46604308376316217,4497.323215003856
qm_recentrado,CESM2,ssp585,medio,2040,365,0.4181713446826611,4035.3601669291943
qm_recentrado,CESM2,ssp585,medio,2041,365,0.44732801632734376,4316.722514807128
qm_recentrado,CESM2,ssp585,medio,2042,365,0.49146169175143833,4742.613188788448
qm_recentrado,CESM2,ssp585,medio,2043,365,0.4013180422196629,3872.725528508422
qm_recentrado,CESM2,ssp585,medio,2044,365,0.3514826282137524,3391.812985984762
qm_recentrado,CESM2,ssp585,medio,2045,365,0.4252736097004446,4103.897137987045
qm_recentrado,CESM2,ssp585,medio,2046,365,0.4816139952419707,4647.582759908941
qm_recentrado,CESM2,ssp585,medio,2047,365,0.4545269258243737,4386.192106636018
qm_recentrado,CESM2,ssp585,medio,2048,365,0.4740968639994492,4575.042323144508
qm_recentrado,CESM2,ssp585,medio,2049,365,0.48340065681208844,4664.824072647162
qm_recentrado,CESM2,ssp585,medio,2050,365,0.38759651514291743,3740.3125726733947
qm_recentrado,CESM2,ssp585,medio,2051,365,0.46427164379278507,4480.228790946677
qm_recentrado,CESM2,ssp585,medio,2052,365,0.43377433164841933,4185.929240796552
qm_recentrado,CESM2,ssp585,medio,2053,365,0.4108369795187076,3964.5834257472
qm_recentrado,CESM2,ssp585,medio,2054,365,0.44663782314420897,4310.062139546786
qm_recentrado,CESM2,ssp585,medio,2055,365,0.4605921759647882,4444.721867535021
qm_recentrado,CESM2,ssp585,medio,2056,365,0.44454051645228587,4289.8230964128215
qm_recentrado,CESM2,ssp585,medio,2057,365,0.47196741346494936,4554.4930914153765
qm_recentrado,CESM2,ssp585,medio,2058,365,0.41196543320401646,3975.4730218656896
qm_recentrado,CESM2,ssp585,medio,2059,365,0.45707736436766916,4410.803879385837
qm_recentrado,CESM2,ssp585,medio,2060,365,0.4556736510519023,4397.258023429274
qm_recentrado,CESM2,ssp585,medio,2061,365,0.44385020690395793,4283.161598226505
qm_recentrado,CESM2,ssp585,medio,2062,365,0.4996627168502019,4821.753212207917
qm_recentrado,CESM2,ssp585,medio,2063,365,0.45429266720259454,4383.931507187712
qm_recentrado,CESM2,ssp585,medio,2064,365,0.447312337610826,4316.571214941872
qm_recentrado,CESM2,ssp585,medio,2065,365,0.48220841062323827,4653.318877848819
qm_recentrado,CESM2,ssp585,medio,2066,365,0.39058384695714377,3769.140372477989
qm_recentrado,CESM2,ssp585,medio,2067,365,0.4474643853010939,4318.038477585721
qm_recentrado,CESM2,ssp585,medio,2068,365,0.44945038196657083,4337.20337718352
qm_recentrado,CESM2,ssp585,medio,2069,365,0.49352024965377267,4762.4783054828995
qm_recentrado,CESM2,ssp585,lejano,2070,365,0.49288497353188554,4756.347880742272
qm_recentrado,CESM2,ssp585,lejano,2071,365,0.4357324465889184,4204.825081302208
qm_recentrado,CESM2,ssp585,lejano,2072,365,0.4927340582529911,4754.891545886296
qm_recentrado,CESM2,ssp585,lejano,2073,365,0.4703778853750744,4539.1541199156345
qm_recentrado,CESM2,ssp585,lejano,2074,365,0.45491542463140544,4389.941126339857
qm_recentrado,CESM2,ssp585,lejano,2075,365,0.4462523074969449,4306.341907382438
qm_recentrado,CESM2,ssp585,lejano,2076,365,0.4515694104793956,4357.6520362367355
qm_recentrado,CESM2,ssp585,lejano,2077,365,0.4698985094440976,4534.528134511693
qm_recentrado,CESM2,ssp585,lejano,2078,365,0.38153638345385954,3681.832204911879
qm_recentrado,CESM2,ssp585,lejano,2079,365,0.47361200000429315,4570.363377833429
qm_recentrado,CESM2,ssp585,lejano,2080,365,0.49782669205006963,4804.035543510246
qm_recentrado,CESM2,ssp585,lejano,2081,365,0.4020861966724836,3880.1382312686133
qm_recentrado,CESM2,ssp585,lejano,2082,365,0.48427842400569715,4673.294540109761
qm_recentrado,CESM2,ssp585,lejano,2083,365,0.41367278967175863,3991.9490390971055
qm_recentrado,CESM2,ssp585,lejano,2084,365,0.4721736228093486,4556.483014888178
qm_recentrado,CESM2,ssp585,lejano,2085,365,0.4625193340882085,4463.318974260556
qm_recentrado,CESM2,ssp585,lejano,2086,365,0.4535406001209055,4376.67404781634
qm_recentrado,CESM2,ssp585,lejano,2087,365,0.3990881907635588,3851.2074262793944
qm_recentrado,CESM2,ssp585,lejano,2088,365,0.47937682620306765,4625.994042888822
qm_recentrado,CESM2,ssp585,lejano,2089,365,0.45379587389529613,4379.13744382359
qm_recentrado,CESM2,ssp585,lejano,2090,365,0.4661249086934839,4498.112826890659
qm_recentrado,CESM2,ssp585,lejano,2091,365,0.4662198426171656,4499.02894077313
qm_recentrado,CESM2,ssp585,lejano,2092,365,0.4522242518150671,4363.971265603426
qm_recentrado,CESM2,ssp585,lejano,2093,365,0.48551542494377353,4685.231618954213
qm_recentrado,CESM2,ssp585,lejano,2094,365,0.4863242380528971,4693.0366783982645
qm_recentrado,CESM2,ssp585,lejano,2095,365,0.490663389990691,4734.909564024408
qm_recentrado,CESM2,ssp585,lejano,2096,365,0.48182373750890334,4649.606776140718
qm_recentrado,CESM2,ssp585,lejano,2097,365,0.4244565516819508,4096.012515035652
qm_recentrado,CESM2,ssp585,lejano,2098,365,0.49862073154722253,4811.698037362402
qm_recentrado,CESM2,ssp585,lejano,2099,365,0.4828590640851228,4659.59769416646
qm_recentrado,CESM2-WACCM,historical,historico,1981,365,0.4746476754800726,4580.357662745509
qm_recentrado,CESM2-WACCM,historical,historico,1982,365,0.41652212354222184,4019.445156536417
qm_recentrado,CESM2-WACCM,historical,historico,1983,365,0.44858954173248206,4328.8962551511195
qm_recentrado,CESM2-WACCM,historical,historico,1984,365,0.4442929948297086,4287.434508794605
qm_recentrado,CESM2-WACCM,historical,historico,1985,365,0.4461882307405862,4305.723565658349
qm_recentrado,CESM2-WACCM,historical,historico,1986,365,0.4062262531035664,3920.0898420694652
qm_recentrado,CESM2-WACCM,historical,historico,1987,365,0.4789124305432382,4621.512617341137
qm_recentrado,CESM2-WACCM,historical,historico,1988,365,0.48325191525270766,4663.3887142192725
qm_recentrado,CESM2-WACCM,historical,historico,1989,365,0.41642393466889965,4018.4976323378355
qm_recentrado,CESM2-WACCM,historical,historico,1990,365,0.4663140710321515,4499.938246485398
qm_recentrado,CESM2-WACCM,historical,historico,1991,365,0.49851308219218476,4810.659219363897
qm_recentrado,CESM2-WACCM,historical,historico,1992,365,0.49232744622890995,4750.967733348121
qm_recentrado,CESM2-WACCM,historical,historico,1993,365,0.425838479005039,4109.34813581429
qm_recentrado,CESM2-WACCM,historical,historico,1994,365,0.4287062419180202,4137.022093808765
qm_recentrado,CESM2-WACCM,historical,historico,1995,365,0.4552443559410586,4393.115318740911
qm_recentrado,CESM2-WACCM,historical,historico,1996,365,0.4824181257479583,4655.342632157809
qm_recentrado,CESM2-WACCM,historical,historico,1997,365,0.43801271349978,4226.829693476292
qm_recentrado,CESM2-WACCM,historical,historico,1998,365,0.4842051294668597,4672.587246637267
qm_recentrado,CESM2-WACCM,historical,historico,1999,365,0.45362229916288804,4377.462444878656
qm_recentrado,CESM2-WACCM,historical,historico,2000,365,0.4872660950970254,4702.1256139438165
qm_recentrado,CESM2-WACCM,historical,historico,2001,365,0.49929325692655857,4818.187918033401
qm_recentrado,CESM2-WACCM,historical,historico,2002,365,0.4014437807178519,3873.938907027762
qm_recentrado,CESM2-WACCM,historical,historico,2003,365,0.4709914972469583,4545.075484297104
qm_recentrado,CESM2-WACCM,historical,historico,2004,365,0.46345373240510235,4472.335932968956
qm_recentrado,CESM2-WACCM,historical,historico,2005,365,0.43550019693371966,4202.583868413545
qm_recentrado,CESM2-WACCM,historical,historico,2006,365,0.44406190358266695,4285.204474563194
qm_recentrado,CESM2-WACCM,historical,historico,2007,365,0.475820845755995,4591.678774678883
qm_recentrado,CESM2-WACCM,historical,historico,2008,365,0.3890686393177416,3754.5185945144353
qm_recentrado,CESM2-WACCM,historical,historico,2009,365,0.474288347968376,4576.8901465083945
qm_recentrado,CESM2-WACCM,historical,historico,2010,365,0.47202869571581807,4555.084466116776
qm_recentrado,CESM2-WACCM,historical,historico,2011,365,0.4562957627356194,4403.26141113093
qm_recentrado,CESM2-WACCM,historical,historico,2012,365,0.4386158931318362,4232.650386576509
qm_recentrado,CESM2-WACCM,historical,historico,2013,365,0.38534197465099895,3718.5562208537344
qm_recentrado,CESM2-WACCM,historical,historico,2014,365,0.47167612394836533,4551.682142919708
qm_recentrado,CESM2-WACCM,ssp126,medio,2040,365,0.4841449441750401,4672.006457608243
qm_recentrado,CESM2-WACCM,ssp126,medio,2041,365,0.39263226778449645,3788.9076662366747
qm_recentrado,CESM2-WACCM,ssp126,medio,2042,365,0.43512132714817314,4198.927768921105
qm_recentrado,CESM2-WACCM,ssp126,medio,2043,365,0.4790456228083071,4622.797924830127
qm_recentrado,CESM2-WACCM,ssp126,medio,2044,365,0.44181582213688814,4263.529752674124
qm_recentrado,CESM2-WACCM,ssp126,medio,2045,365,0.44592999475267603,4303.23158424324
qm_recentrado,CESM2-WACCM,ssp126,medio,2046,365,0.4076087516330875,3933.4309749993204
qm_recentrado,CESM2-WACCM,ssp126,medio,2047,365,0.47344583487648195,4568.75988169141
qm_recentrado,CESM2-WACCM,ssp126,medio,2048,365,0.46429348228000655,4480.439532697779
qm_recentrado,CESM2-WACCM,ssp126,medio,2049,365,0.4806166456949729,4637.95832082282
qm_recentrado,CESM2-WACCM,ssp126,medio,2050,365,0.47177183711545173,4552.605776513503
qm_recentrado,CESM2-WACCM,ssp126,medio,2051,365,0.4853821172808186,4683.945197873776
qm_recentrado,CESM2-WACCM,ssp126,medio,2052,365,0.44610489054097285,4304.919331398636
qm_recentrado,CESM2-WACCM,ssp126,medio,2053,365,0.45194525267550406,4361.278919442657
qm_recentrado,CESM2-WACCM,ssp126,medio,2054,365,0.4911360725017412,4739.470957818961
qm_recentrado,CESM2-WACCM,ssp126,medio,2055,365,0.42299891400022277,4081.946288084773
qm_recentrado,CESM2-WACCM,ssp126,medio,2056,365,0.4502834236627948,4345.242242880748
qm_recentrado,CESM2-WACCM,ssp126,medio,2057,365,0.5067694466072615,4890.333268071219
qm_recentrado,CESM2-WACCM,ssp126,medio,2058,365,0.41263094345818213,3981.8952064665523
qm_recentrado,CESM2-WACCM,ssp126,medio,2059,365,0.4760080794425151,4593.485582749541
qm_recentrado,CESM2-WACCM,ssp126,medio,2060,365,0.4651888220558767,4489.079575860363
qm_recentrado,CESM2-WACCM,ssp126,medio,2061,365,0.43531586304807324,4200.805043467715
qm_recentrado,CESM2-WACCM,ssp126,medio,2062,365,0.4445841879999573,4290.244527546596
qm_recentrado,CESM2-WACCM,ssp126,medio,2063,365,0.46799681596027787,4516.176761965737
qm_recentrado,CESM2-WACCM,ssp126,medio,2064,365,0.472513546303649,4559.7632820469535
qm_recentrado,CESM2-WACCM,ssp126,medio,2065,365,0.4167170646707551,4021.3263415458214
qm_recentrado,CESM2-WACCM,ssp126,medio,2066,365,0.48089302070054196,4640.625344048562
qm_recentrado,CESM2-WACCM,ssp126,medio,2067,365,0.48627207414278334,4692.5332958310455
qm_recentrado,CESM2-WACCM,ssp126,medio,2068,365,0.48900571254061137,4718.9129501083
qm_recentrado,CESM2-WACCM,ssp126,medio,2069,365,0.4621035155301878,4459.30631852256
qm_recentrado,CESM2-WACCM,ssp126,lejano,2070,365,0.4903453555867439,4731.840526937768
qm_recentrado,CESM2-WACCM,ssp126,lejano,2071,365,0.4704829183852107,4540.167690143977
qm_recentrado,CESM2-WACCM,ssp126,lejano,2072,365,0.3867590635256285,3732.231151167331
qm_recentrado,CESM2-WACCM,ssp126,lejano,2073,365,0.4245864672149523,4097.266202007765
qm_recentrado,CESM2-WACCM,ssp126,lejano,2074,365,0.46717453924907326,4508.241778546185
qm_recentrado,CESM2-WACCM,ssp126,lejano,2075,365,0.44159334706390796,4261.382864660265
qm_recentrado,CESM2-WACCM,ssp126,lejano,2076,365,0.4809125919983324,4640.814207385379
qm_recentrado,CESM2-WACCM,ssp126,lejano,2077,365,0.39895638155433005,3849.9354653013897
qm_recentrado,CESM2-WACCM,ssp126,lejano,2078,365,0.43766274742877476,4223.452515291635
qm_recentrado,CESM2-WACCM,ssp126,lejano,2079,365,0.46839085928699836,4519.979286373282
qm_recentrado,CESM2-WACCM,ssp126,lejano,2080,365,0.3841465680500411,3707.020528027985
qm_recentrado,CESM2-WACCM,ssp126,lejano,2081,365,0.4104273774765247,3960.6307594865025
qm_recentrado,CESM2-WACCM,ssp126,lejano,2082,365,0.4471092419319477,4314.611338391165
qm_recentrado,CESM2-WACCM,ssp126,lejano,2083,365,0.43134835378064584,4162.518515556892
qm_recentrado,CESM2-WACCM,ssp126,lejano,2084,365,0.4497119746659114,4339.727750917638
qm_recentrado,CESM2-WACCM,ssp126,lejano,2085,365,0.47332402430750575,4567.5844077518195
qm_recentrado,CESM2-WACCM,ssp126,lejano,2086,365,0.4442213433391694,4286.743070764477
qm_recentrado,CESM2-WACCM,ssp126,lejano,2087,365,0.459005470589955,4429.410135280596
qm_recentrado,CESM2-WACCM,ssp126,lejano,2088,365,0.4719020747370734,4553.862571645954
qm_recentrado,CESM2-WACCM,ssp126,lejano,2089,365,0.4249370207586803,4100.649049313596
qm_recentrado,CESM2-WACCM,ssp126,lejano,2090,365,0.45650119303825426,4405.243816838242
qm_recentrado,CESM2-WACCM,ssp126,lejano,2091,365,0.48902950922991,4719.14258854078
qm_recentrado,CESM2-WACCM,ssp126,lejano,2092,365,0.4384330782628732,4230.886220165979
qm_recentrado,CESM2-WACCM,ssp126,lejano,2093,365,0.46124435848027934,4451.01543924443
qm_recentrado,CESM2-WACCM,ssp126,lejano,2094,365,0.3745148499348557,3614.074294108956
qm_recentrado,CESM2-WACCM,ssp126,lejano,2095,365,0.48158906703576126,4647.342202320168
qm_recentrado,CESM2-WACCM,ssp126,lejano,2096,365,0.4587474185270902,4426.919928745117
qm_recentrado,CESM2-WACCM,ssp126,lejano,2097,365,0.4197025508307575,4050.136330757623
qm_recentrado,CESM2-WACCM,ssp126,lejano,2098,365,0.4992914066786204,4818.1700631111935
qm_recentrado,CESM2-WACCM,ssp126,lejano,2099,365,0.4867651547982351,4697.291532045445
qm_recentrado,CESM2-WACCM,ssp245,medio,2040,365,0.3664521228025966,3536.2688482790218
qm_recentrado,CESM2-WACCM,ssp245,medio,2041,365,0.4009802087532119,3869.465430151834
qm_recentrado,CESM2-WACCM,ssp245,medio,2042,365,0.48548879831637476,4684.974671573789
qm_recentrado,CESM2-WACCM,ssp245,medio,2043,365,0.46323224435134913,4470.198569706429
qm_recentrado,CESM2-WACCM,ssp245,medio,2044,365,0.44841968170902125,4327.257103206963
qm_recentrado,CESM2-WACCM,ssp245,medio,2045,365,0.4936071006616518,4763.31641909855
qm_recentrado,CESM2-WACCM,ssp245,medio,2046,365,0.4586303561418307,4425.790274854364
qm_recentrado,CESM2-WACCM,ssp245,medio,2047,365,0.47989978706535125,4631.040623577232
qm_recentrado,CESM2-WACCM,ssp245,medio,2048,365,0.4431056485167603,4275.976597877113
qm_recentrado,CESM2-WACCM,ssp245,medio,2049,365,0.44688757040567567,4312.472204615897
qm_recentrado,CESM2-WACCM,ssp245,medio,2050,365,0.4621082419746779,4459.351928787513
qm_recentrado,CESM2-WACCM,ssp245,medio,2051,365,0.47539257620900943,4587.54596669816
qm_recentrado,CESM2-WACCM,ssp245,medio,2052,365,0.34954670583223757,3373.1313040283853
qm_recentrado,CESM2-WACCM,ssp245,medio,2053,365,0.3911134887839913,3774.251424581337
qm_recentrado,CESM2-WACCM,ssp245,medio,2054,365,0.46225876681610206,4460.804495915654
qm_recentrado,CESM2-WACCM,ssp245,medio,2055,365,0.4320921572254044,4169.6962306996675
qm_recentrado,CESM2-WACCM,ssp245,medio,2056,365,0.44292908458212127,4274.272753082823
qm_recentrado,CESM2-WACCM,ssp245,medio,2057,365,0.4579373802230703,4419.103046150712
qm_recentrado,CESM2-WACCM,ssp245,medio,2058,365,0.5119411743202973,4940.240523249658
qm_recentrado,CESM2-WACCM,ssp245,medio,2059,365,0.4491325850767261,4334.1366321117675
qm_recentrado,CESM2-WACCM,ssp245,medio,2060,365,0.48028447022321,4634.7528222055
qm_recentrado,CESM2-WACCM,ssp245,medio,2061,365,0.4074785076549464,3932.1741185263554
qm_recentrado,CESM2-WACCM,ssp245,medio,2062,365,0.453473244611876,4376.024066076516
qm_recentrado,CESM2-WACCM,ssp245,medio,2063,365,0.4824149480460531,4655.31196728358
qm_recentrado,CESM2-WACCM,ssp245,medio,2064,365,0.4496996701924791,4339.609012552146
qm_recentrado,CESM2-WACCM,ssp245,medio,2065,365,0.43042753693880437,4153.632618300053
qm_recentrado,CESM2-WACCM,ssp245,medio,2066,365,0.4464025059310677,4307.791324674898
qm_recentrado,CESM2-WACCM,ssp245,medio,2067,365,0.4857486984290782,4687.482711819779
qm_recentrado,CESM2-WACCM,ssp245,medio,2068,365,0.3158486300107004,3047.944333181339
qm_recentrado,CESM2-WACCM,ssp245,medio,2069,365,0.4010033648839756,3869.688887184202
qm_recentrado,CESM2-WACCM,ssp245,lejano,2070,365,0.44385172266300843,4283.176225325594
qm_recentrado,CESM2-WACCM,ssp245,lejano,2071,365,0.3715551340662928,3585.51298862187
qm_recentrado,CESM2-WACCM,ssp245,lejano,2072,365,0.45183542452334335,4360.219076017056
qm_recentrado,CESM2-WACCM,ssp245,lejano,2073,365,0.4542542137140874,4383.560430408363
qm_recentrado,CESM2-WACCM,ssp245,lejano,2074,365,0.48276952942989054,4658.733683310914
qm_recentrado,CESM2-WACCM,ssp245,lejano,2075,365,0.4011235351307685,3870.848531988477
qm_recentrado,CESM2-WACCM,ssp245,lejano,2076,365,0.46740499274652747,4510.465658483874
qm_recentrado,CESM2-WACCM,ssp245,lejano,2077,365,0.4628584308578903,4466.591263513535
qm_recentrado,CESM2-WACCM,ssp245,lejano,2078,365,0.5162512184376462,4981.832517942779
qm_recentrado,CESM2-WACCM,ssp245,lejano,2079,365,0.43388011341270855,4186.950036514451
qm_recentrado,CESM2-WACCM,ssp245,lejano,2080,365,0.49994994689355154,4824.524986721922
qm_recentrado,CESM2-WACCM,ssp245,lejano,2081,365,0.4535480949878707,4376.746373402471
qm_recentrado,CESM2-WACCM,ssp245,lejano,2082,365,0.5014164318858964,4838.67659036181
qm_recentrado,CESM2-WACCM,ssp245,lejano,2083,365,0.48317806704880806,4662.67607787007
qm_recentrado,CESM2-WACCM,ssp245,lejano,2084,365,0.40095552796368517,3869.227260138009
qm_recentrado,CESM2-WACCM,ssp245,lejano,2085,365,0.5063355908326904,4886.146552904915
qm_recentrado,CESM2-WACCM,ssp245,lejano,2086,365,0.4516122560851048,4358.065497017358
qm_recentrado,CESM2-WACCM,ssp245,lejano,2087,365,0.4760790456171009,4594.170407469754
qm_recentrado,CESM2-WACCM,ssp245,lejano,2088,365,0.422977809573091,4081.742630025281
qm_recentrado,CESM2-WACCM,ssp245,lejano,2089,365,0.4646199012657373,4483.589481132785
qm_recentrado,CESM2-WACCM,ssp245,lejano,2090,365,0.45682432634467357,4408.362058415321
qm_recentrado,CESM2-WACCM,ssp245,lejano,2091,365,0.48561846484061694,4686.2259556073905
qm_recentrado,CESM2-WACCM,ssp245,lejano,2092,365,0.4501450013051888,4343.906464915092
qm_recentrado,CESM2-WACCM,ssp245,lejano,2093,365,0.46269118223323485,4464.977311609631
qm_recentrado,CESM2-WACCM,ssp245,lejano,2094,365,0.447130546174018,4314.816924668012
qm_recentrado,CESM2-WACCM,ssp245,lejano,2095,365,0.47141205644494477,4549.13388728662
qm_recentrado,CESM2-WACCM,ssp245,lejano,2096,365,0.36614010427439814,3533.25786448961
qm_recentrado,CESM2-WACCM,ssp245,lejano,2097,365,0.45835528990576097,4423.135881275231
qm_recentrado,CESM2-WACCM,ssp245,lejano,2098,365,0.45633780576735417,4403.667127059859
qm_recentrado,CESM2-WACCM,ssp245,lejano,2099,365,0.4474251705775997,4317.6600548765655
qm_recentrado,CESM2-WACCM,ssp585,medio,2040,365,0.49767549429486097,4802.576482753316
qm_recentrado,CESM2-WACCM,ssp585,medio,2041,365,0.494138426423001,4768.4437211967825
qm_recentrado,CESM2-WACCM,ssp585,medio,2042,365,0.3893299263848279,3757.0400188924114
qm_recentrado,CESM2-WACCM,ssp585,medio,2043,365,0.41445448276630703,3999.492389966587
qm_recentrado,CESM2-WACCM,ssp585,medio,2044,365,0.4873693554870847,4703.122078360055
qm_recentrado,CESM2-WACCM,ssp585,medio,2045,365,0.4342944600819779,4190.948488502448
qm_recentrado,CESM2-WACCM,ssp585,medio,2046,365,0.45151609390236475,4357.137530415322
qm_recentrado,CESM2-WACCM,ssp585,medio,2047,365,0.45601212732695406,4400.524324899144
qm_recentrado,CESM2-WACCM,ssp585,medio,2048,365,0.443671714016482,4281.439139006475
qm_recentrado,CESM2-WACCM,ssp585,medio,2049,365,0.4182433661382986,4036.0551751284393
qm_recentrado,CESM2-WACCM,ssp585,medio,2050,365,0.4292199090474531,4141.978989826467
qm_recentrado,CESM2-WACCM,ssp585,medio,2051,365,0.4301055537016235,4150.525474909526
qm_recentrado,CESM2-WACCM,ssp585,medio,2052,365,0.47048786277810417,4540.215403614509
qm_recentrado,CESM2-WACCM,ssp585,medio,2053,365,0.4551363795994579,4392.073345316842
qm_recentrado,CESM2-WACCM,ssp585,medio,2054,365,0.37150208500865683,3585.0010643668984
qm_recentrado,CESM2-WACCM,ssp585,medio,2055,365,0.44838263511026166,4326.899602936187
qm_recentrado,CESM2-WACCM,ssp585,medio,2056,365,0.4210039672278707,4062.6950198124273
qm_recentrado,CESM2-WACCM,ssp585,medio,2057,365,0.37985585818415407,3665.6151091708175
qm_recentrado,CESM2-WACCM,ssp585,medio,2058,365,0.4531951048118304,4373.34001255584
qm_recentrado,CESM2-WACCM,ssp585,medio,2059,365,0.43423555401042313,4190.380043969447
qm_recentrado,CESM2-WACCM,ssp585,medio,2060,365,0.4400425680016768,4246.417821897268
qm_recentrado,CESM2-WACCM,ssp585,medio,2061,365,0.43445828040699963,4192.529357260032
qm_recentrado,CESM2-WACCM,ssp585,medio,2062,365,0.46312930275997743,4469.205181702626
qm_recentrado,CESM2-WACCM,ssp585,medio,2063,365,0.4737434995175669,4571.632350240512
qm_recentrado,CESM2-WACCM,ssp585,medio,2064,365,0.4885694889533844,4714.7033855119835
qm_recentrado,CESM2-WACCM,ssp585,medio,2065,365,0.4488481487171343,4331.391816690725
qm_recentrado,CESM2-WACCM,ssp585,medio,2066,365,0.41139047035636017,3969.9246211864006
qm_recentrado,CESM2-WACCM,ssp585,medio,2067,365,0.48005761850925965,4632.563699536252
qm_recentrado,CESM2-WACCM,ssp585,medio,2068,365,0.3996418817258393,3856.550552924457
qm_recentrado,CESM2-WACCM,ssp585,medio,2069,365,0.475765621373605,4591.14585850523
qm_recentrado,CESM2-WACCM,ssp585,lejano,2070,365,0.4269092665341561,4119.681252602871
qm_recentrado,CESM2-WACCM,ssp585,lejano,2071,365,0.4822938327544689,4654.143202781948
qm_recentrado,CESM2-WACCM,ssp585,lejano,2072,365,0.45086748026825335,4350.878398468329
qm_recentrado,CESM2-WACCM,ssp585,lejano,2073,365,0.4294334826496091,4144.03997850445
qm_recentrado,CESM2-WACCM,ssp585,lejano,2074,365,0.4753937593462649,4587.557383991605
qm_recentrado,CESM2-WACCM,ssp585,lejano,2075,365,0.4491667068678751,4334.4659079423045
qm_recentrado,CESM2-WACCM,ssp585,lejano,2076,365,0.45507682836717916,4391.498674972532
qm_recentrado,CESM2-WACCM,ssp585,lejano,2077,365,0.4071401952110717,3928.909398029965
qm_recentrado,CESM2-WACCM,ssp585,lejano,2078,365,0.5076500774518296,4898.831369811394
qm_recentrado,CESM2-WACCM,ssp585,lejano,2079,365,0.43327271004603995,4181.088584307646
qm_recentrado,CESM2-WACCM,ssp585,lejano,2080,365,0.46891745276746355,4525.060921885267
qm_recentrado,CESM2-WACCM,ssp585,lejano,2081,365,0.4371227497575023,4218.241529123893
qm_recentrado,CESM2-WACCM,ssp585,lejano,2082,365,0.4810022184837047,4641.679104403246
qm_recentrado,CESM2-WACCM,ssp585,lejano,2083,365,0.46411445743065155,4478.711940037107
qm_recentrado,CESM2-WACCM,ssp585,lejano,2084,365,0.48303564529981197,4661.30170571351
qm_recentrado,CESM2-WACCM,ssp585,lejano,2085,365,0.4497592756370014,4340.184206045474
qm_recentrado,CESM2-WACCM,ssp585,lejano,2086,365,0.4911945549096572,4740.035313991069
qm_recentrado,CESM2-WACCM,ssp585,lejano,2087,365,0.475170006149296,4585.398162060805
qm_recentrado,CESM2-WACCM,ssp585,lejano,2088,365,0.4965594680818417,4791.806811941261
qm_recentrado,CESM2-WACCM,ssp585,lejano,2089,365,0.43638075090026085,4211.081228279531
qm_recentrado,CESM2-WACCM,ssp585,lejano,2090,365,0.5092084546122693,4913.869734343672
qm_recentrado,CESM2-WACCM,ssp585,lejano,2091,365,0.4861034278168224,4690.905856087181
qm_recentrado,CESM2-WACCM,ssp585,lejano,2092,365,0.4806914178498033,4638.679873313287
qm_recentrado,CESM2-WACCM,ssp585,lejano,2093,365,0.446835297532745,4311.96777055575
qm_recentrado,CESM2-WACCM,ssp585,lejano,2094,365,0.4888452478488047,4717.364463264931
qm_recentrado,CESM2-WACCM,ssp585,lejano,2095,365,0.47383849617019796,4572.549069458349
qm_recentrado,CESM2-WACCM,ssp585,lejano,2096,365,0.44636438348148083,4307.423442426425
qm_recentrado,CESM2-WACCM,ssp585,lejano,2097,365,0.46616414926374095,4498.491499021488
qm_recentrado,CESM2-WACCM,ssp585,lejano,2098,365,0.4145899722404816,4000.799865560203
qm_recentrado,CESM2-WACCM,ssp585,lejano,2099,365,0.4784293041403682,4616.850439823419
qm_recentrado,CMCC-CM2-SR5,historical,historico,1981,365,0.42100937063592053,4062.747162786563
qm_recentrado,CMCC-CM2-SR5,historical,historico,1982,365,0.480632691532228,4638.113163409064
qm_recentrado,CMCC-CM2-SR5,historical,historico,1983,365,0.44681370187698094,4311.759372132096
qm_recentrado,CMCC-CM2-SR5,historical,historico,1984,365,0.46145776385960824,4453.074804569441
qm_recentrado,CMCC-CM2-SR5,historical,historico,1985,365,0.4803969304770013,4635.83806545395
qm_recentrado,CMCC-CM2-SR5,historical,historico,1986,365,0.4781167214003763,4613.834011381174
qm_recentrado,CMCC-CM2-SR5,historical,historico,1987,365,0.4962542214494193,4788.8611770544385
qm_recentrado,CMCC-CM2-SR5,historical,historico,1988,365,0.5015713620133948,4840.171668571051
qm_recentrado,CMCC-CM2-SR5,historical,historico,1989,365,0.4438374541909147,4283.038534341593
qm_recentrado,CMCC-CM2-SR5,historical,historico,1990,365,0.4712016457057164,4547.103420286493
qm_recentrado,CMCC-CM2-SR5,historical,historico,1991,365,0.4793257329258154,4625.500991945844
qm_recentrado,CMCC-CM2-SR5,historical,historico,1992,365,0.46687422898860503,4505.343779727702
qm_recentrado,CMCC-CM2-SR5,historical,historico,1993,365,0.44304809218948565,4275.421178398011
qm_recentrado,CMCC-CM2-SR5,historical,historico,1994,365,0.4296153595582195,4145.795093582571
qm_recentrado,CMCC-CM2-SR5,historical,historico,1995,365,0.44599325419064034,4303.842038831746
qm_recentrado,CMCC-CM2-SR5,historical,historico,1996,365,0.4518134647228685,4360.007163591116
qm_recentrado,CMCC-CM2-SR5,historical,historico,1997,365,0.4727153282131178,4561.710480701838
qm_recentrado,CMCC-CM2-SR5,historical,historico,1998,365,0.3979966682245287,3840.674216313393
qm_recentrado,CMCC-CM2-SR5,historical,historico,1999,365,0.43960524735030454,4242.197670614396
qm_recentrado,CMCC-CM2-SR5,historical,historico,2000,365,0.46246326540283345,4462.777910549588
qm_recentrado,CMCC-CM2-SR5,historical,historico,2001,365,0.491544471413525,4743.412013852059
qm_recentrado,CMCC-CM2-SR5,historical,historico,2002,365,0.49431868675519114,4770.183236286582
qm_recentrado,CMCC-CM2-SR5,historical,historico,2003,365,0.3894465211877133,3758.165160605772
qm_recentrado,CMCC-CM2-SR5,historical,historico,2004,365,0.4636511281359287,4474.240804929761
qm_recentrado,CMCC-CM2-SR5,historical,historico,2005,365,0.45389812686418846,4380.124186609448
qm_recentrado,CMCC-CM2-SR5,historical,historico,2006,365,0.4612786975999749,4451.346812298919
qm_recentrado,CMCC-CM2-SR5,historical,historico,2007,365,0.45412491624261236,4382.312707739869
qm_recentrado,CMCC-CM2-SR5,historical,historico,2008,365,0.43929762756556207,4239.229134769715
qm_recentrado,CMCC-CM2-SR5,historical,historico,2009,365,0.4132025702734911,3987.4114143803135
qm_recentrado,CMCC-CM2-SR5,historical,historico,2010,365,0.5118041839699172,4938.918564176644
qm_recentrado,CMCC-CM2-SR5,historical,historico,2011,365,0.4696815260213845,4532.434241010776
qm_recentrado,CMCC-CM2-SR5,historical,historico,2012,365,0.42559045924597255,4106.954741170983
qm_recentrado,CMCC-CM2-SR5,historical,historico,2013,365,0.47881747275792597,4620.59627319355
qm_recentrado,CMCC-CM2-SR5,historical,historico,2014,365,0.4856668291855147,4686.692672309483
qm_recentrado,CMCC-CM2-SR5,ssp126,medio,2040,365,0.4799129808067088,4631.167943392433
qm_recentrado,CMCC-CM2-SR5,ssp126,medio,2041,365,0.46740660298558423,4510.481197316535
qm_recentrado,CMCC-CM2-SR5,ssp126,medio,2042,365,0.4527675752505294,4369.214345448812
qm_recentrado,CMCC-CM2-SR5,ssp126,medio,2043,365,0.4984604685581667,4810.151496953806
qm_recentrado,CMCC-CM2-SR5,ssp126,medio,2044,365,0.46609614956786877,4497.835300868326
qm_recentrado,CMCC-CM2-SR5,ssp126,medio,2045,365,0.4982968528732939,4808.572602976931
qm_recentrado,CMCC-CM2-SR5,ssp126,medio,2046,365,0.4547733698438434,4388.570295367006
qm_recentrado,CMCC-CM2-SR5,ssp126,medio,2047,365,0.48846686324832495,4713.713045816147
qm_recentrado,CMCC-CM2-SR5,ssp126,medio,2048,365,0.4383574138558459,4230.1560574275345
qm_recentrado,CMCC-CM2-SR5,ssp126,medio,2049,365,0.45870699436445267,4426.529834928878
qm_recentrado,CMCC-CM2-SR5,ssp126,medio,2050,365,0.5007716108318201,4832.454056872837
qm_recentrado,CMCC-CM2-SR5,ssp126,medio,2051,365,0.47371897284113945,4571.39566742056
qm_recentrado,CMCC-CM2-SR5,ssp126,medio,2052,365,0.4476925697117027,4320.240460799046
qm_recentrado,CMCC-CM2-SR5,ssp126,medio,2053,365,0.47291231833221953,4563.611438503011
qm_recentrado,CMCC-CM2-SR5,ssp126,medio,2054,365,0.4829459760410541,4660.436395931788
qm_recentrado,CMCC-CM2-SR5,ssp126,medio,2055,365,0.45909648281209536,4430.288404680445
qm_recentrado,CMCC-CM2-SR5,ssp126,medio,2056,365,0.489146716308206,4720.273638721647
qm_recentrado,CMCC-CM2-SR5,ssp126,medio,2057,365,0.5065731247695605,4888.438759196255
qm_recentrado,CMCC-CM2-SR5,ssp126,medio,2058,365,0.5023399707448873,4847.588755127695
qm_recentrado,CMCC-CM2-SR5,ssp126,medio,2059,365,0.4790092820138842,4622.447235582495
qm_recentrado,CMCC-CM2-SR5,ssp126,medio,2060,365,0.3957591888268513,3819.0825043261357
qm_recentrado,CMCC-CM2-SR5,ssp126,medio,2061,365,0.4048181967702236,3906.5020759238055
qm_recentrado,CMCC-CM2-SR5,ssp126,medio,2062,365,0.3768260802934732,3636.377704049301
qm_recentrado,CMCC-CM2-SR5,ssp126,medio,2063,365,0.4914932549435625,4742.9177740974565
qm_recentrado,CMCC-CM2-SR5,ssp126,medio,2064,365,0.49588056369029426,4785.255373700358
qm_recentrado,CMCC-CM2-SR5,ssp126,medio,2065,365,0.47448187700043626,4578.757704764242
qm_recentrado,CMCC-CM2-SR5,ssp126,medio,2066,365,0.4035458998155925,3894.2243899548644
qm_recentrado,CMCC-CM2-SR5,ssp126,medio,2067,365,0.3888729786291454,3752.6304657389105
qm_recentrado,CMCC-CM2-SR5,ssp126,medio,2068,365,0.422486464699802,4077.0011441365236
qm_recentrado,CMCC-CM2-SR5,ssp126,medio,2069,365,0.49264310583406984,4754.013853588466
qm_recentrado,CMCC-CM2-SR5,ssp126,lejano,2070,365,0.4959236269316222,4785.670934668185
qm_recentrado,CMCC-CM2-SR5,ssp126,lejano,2071,365,0.4541381489266302,4382.440403352364
qm_recentrado,CMCC-CM2-SR5,ssp126,lejano,2072,365,0.4712503661128961,4547.573572995305
qm_recentrado,CMCC-CM2-SR5,ssp126,lejano,2073,365,0.4286312079085751,4136.298014417076
qm_recentrado,CMCC-CM2-SR5,ssp126,lejano,2074,365,0.44662221534859464,4309.911524069384
qm_recentrado,CMCC-CM2-SR5,ssp126,lejano,2075,365,0.41532639547095435,4007.9063615170367
qm_recentrado,CMCC-CM2-SR5,ssp126,lejano,2076,365,0.4828755206767202,4659.75650053868
qm_recentrado,CMCC-CM2-SR5,ssp126,lejano,2077,365,0.47433498024097503,4577.3401486850935
qm_recentrado,CMCC-CM2-SR5,ssp126,lejano,2078,365,0.47408848277825233,4574.961444225859
qm_recentrado,CMCC-CM2-SR5,ssp126,lejano,2079,365,0.41257230994941524,3981.3293921688155
qm_recentrado,CMCC-CM2-SR5,ssp126,lejano,2080,365,0.3390579938496791,3271.9150655773046
qm_recentrado,CMCC-CM2-SR5,ssp126,lejano,2081,365,0.4412684239436347,4258.247351350858
qm_recentrado,CMCC-CM2-SR5,ssp126,lejano,2082,365,0.46916477879276763,4527.447621986667
qm_recentrado,CMCC-CM2-SR5,ssp126,lejano,2083,365,0.4871603650046608,4701.105316860817
qm_recentrado,CMCC-CM2-SR5,ssp126,lejano,2084,365,0.4632208193855789,4470.0883186039455
qm_recentrado,CMCC-CM2-SR5,ssp126,lejano,2085,365,0.5006275052400234,4831.063435606309
qm_recentrado,CMCC-CM2-SR5,ssp126,lejano,2086,365,0.4649202698879313,4486.488043142855
qm_recentrado,CMCC-CM2-SR5,ssp126,lejano,2087,365,0.40644389689755245,3922.190108163731
qm_recentrado,CMCC-CM2-SR5,ssp126,lejano,2088,365,0.40319701549826975,3890.857650710551
qm_recentrado,CMCC-CM2-SR5,ssp126,lejano,2089,365,0.41955990203894594,4048.759767634261
qm_recentrado,CMCC-CM2-SR5,ssp126,lejano,2090,365,0.4710449801749374,4545.591595407829
qm_recentrado,CMCC-CM2-SR5,ssp126,lejano,2091,365,0.47356182550698284,4569.879193131592
qm_recentrado,CMCC-CM2-SR5,ssp126,lejano,2092,365,0.4328679584347234,4177.182724782416
qm_recentrado,CMCC-CM2-SR5,ssp126,lejano,2093,365,0.40781419834910204,3935.413539096008
qm_recentrado,CMCC-CM2-SR5,ssp126,lejano,2094,365,0.4811290945968122,4642.90346092475
qm_recentrado,CMCC-CM2-SR5,ssp126,lejano,2095,365,0.43374827448952247,4185.6777887962835
qm_recentrado,CMCC-CM2-SR5,ssp126,lejano,2096,365,0.45201805680580487,4361.981480464925
qm_recentrado,CMCC-CM2-SR5,ssp126,lejano,2097,365,0.3958229680125429,3819.697974488527
qm_recentrado,CMCC-CM2-SR5,ssp126,lejano,2098,365,0.40596696655188075,3917.587722697114
qm_recentrado,CMCC-CM2-SR5,ssp126,lejano,2099,365,0.4564885614404325,4405.121921717156
qm_recentrado,CMCC-CM2-SR5,ssp245,medio,2040,365,0.42147196654786034,4067.2112207383166
qm_recentrado,CMCC-CM2-SR5,ssp245,medio,2041,365,0.47247790455910843,4559.41933864187
qm_recentrado,CMCC-CM2-SR5,ssp245,medio,2042,365,0.5063864820664534,4886.637654124988
qm_recentrado,CMCC-CM2-SR5,ssp245,medio,2043,365,0.4425750678322962,4270.856485782743
qm_recentrado,CMCC-CM2-SR5,ssp245,medio,2044,365,0.4074926573334409,3932.3106631502214
qm_recentrado,CMCC-CM2-SR5,ssp245,medio,2045,365,0.4587967754527809,4427.396223867742
qm_recentrado,CMCC-CM2-SR5,ssp245,medio,2046,365,0.48087790045964574,4640.479433481987
qm_recentrado,CMCC-CM2-SR5,ssp245,medio,2047,365,0.47739384748166935,4606.858266499668
qm_recentrado,CMCC-CM2-SR5,ssp245,medio,2048,365,0.43440462663862944,4192.0115975368
qm_recentrado,CMCC-CM2-SR5,ssp245,medio,2049,365,0.43134793320317444,4162.514456977565
qm_recentrado,CMCC-CM2-SR5,ssp245,medio,2050,365,0.4754878342390856,4588.465208212523
qm_recentrado,CMCC-CM2-SR5,ssp245,medio,2051,365,0.47085700180291357,4543.777601110144
qm_recentrado,CMCC-CM2-SR5,ssp245,medio,2052,365,0.44290381108868265,4274.028863466765
qm_recentrado,CMCC-CM2-SR5,ssp245,medio,2053,365,0.44497804137721586,4294.045218938795
qm_recentrado,CMCC-CM2-SR5,ssp245,medio,2054,365,0.46794163398114585,4515.644254984201
qm_recentrado,CMCC-CM2-SR5,ssp245,medio,2055,365,0.4959790032169027,4786.205316707163
qm_recentrado,CMCC-CM2-SR5,ssp245,medio,2056,365,0.49685999461681385,4794.706897812167
qm_recentrado,CMCC-CM2-SR5,ssp245,medio,2057,365,0.45374110707909265,4378.608943170957
qm_recentrado,CMCC-CM2-SR5,ssp245,medio,2058,365,0.33979109829407655,3278.989535195411
qm_recentrado,CMCC-CM2-SR5,ssp245,medio,2059,365,0.4039928416064283,3898.5373853874985
qm_recentrado,CMCC-CM2-SR5,ssp245,medio,2060,365,0.45841356712567066,4423.698257379795
qm_recentrado,CMCC-CM2-SR5,ssp245,medio,2061,365,0.47592338901985487,4592.668318815823
qm_recentrado,CMCC-CM2-SR5,ssp245,medio,2062,365,0.4998356297520153,4823.421824477023
qm_recentrado,CMCC-CM2-SR5,ssp245,medio,2063,365,0.5022521334525677,4846.741123851414
qm_recentrado,CMCC-CM2-SR5,ssp245,medio,2064,365,0.4487716885120144,4330.653974487955
qm_recentrado,CMCC-CM2-SR5,ssp245,medio,2065,365,0.45943545471548636,4433.559488971719
qm_recentrado,CMCC-CM2-SR5,ssp245,medio,2066,365,0.44892924209131835,4332.174369049096
qm_recentrado,CMCC-CM2-SR5,ssp245,medio,2067,365,0.4568460045348007,4408.571253296898
qm_recentrado,CMCC-CM2-SR5,ssp245,medio,2068,365,0.47399075074267705,4574.018328518845
qm_recentrado,CMCC-CM2-SR5,ssp245,medio,2069,365,0.471408000800429,4549.094750252152
qm_recentrado,CMCC-CM2-SR5,ssp245,lejano,2070,365,0.3936782824783781,3799.0017247688684
qm_recentrado,CMCC-CM2-SR5,ssp245,lejano,2071,365,0.4151610552985535,4006.3108262079254
qm_recentrado,CMCC-CM2-SR5,ssp245,lejano,2072,365,0.4463907632226817,4307.678007351089
qm_recentrado,CMCC-CM2-SR5,ssp245,lejano,2073,365,0.4746472413526644,4580.353473409073
qm_recentrado,CMCC-CM2-SR5,ssp245,lejano,2074,365,0.47719560950297724,4604.945266833482
qm_recentrado,CMCC-CM2-SR5,ssp245,lejano,2075,365,0.500850453804758,4833.214892823175
qm_recentrado,CMCC-CM2-SR5,ssp245,lejano,2076,365,0.4568346760923241,4408.4619336457445
qm_recentrado,CMCC-CM2-SR5,ssp245,lejano,2077,365,0.45586634528770714,4399.117525887898
qm_recentrado,CMCC-CM2-SR5,ssp245,lejano,2078,365,0.4532858006826759,4374.215229160633
qm_recentrado,CMCC-CM2-SR5,ssp245,lejano,2079,365,0.48791639197351716,4708.4009892067115
qm_recentrado,CMCC-CM2-SR5,ssp245,lejano,2080,365,0.40536774837386674,3911.805257691788
qm_recentrado,CMCC-CM2-SR5,ssp245,lejano,2081,365,0.4804806199254618,4636.645669970624
qm_recentrado,CMCC-CM2-SR5,ssp245,lejano,2082,365,0.49871833706567825,4812.639932177188
qm_recentrado,CMCC-CM2-SR5,ssp245,lejano,2083,365,0.41071468004578576,3963.403233876713
qm_recentrado,CMCC-CM2-SR5,ssp245,lejano,2084,365,0.4006056716239111,3865.8511408614877
qm_recentrado,CMCC-CM2-SR5,ssp245,lejano,2085,365,0.3750321272998615,3619.0660289577
qm_recentrado,CMCC-CM2-SR5,ssp245,lejano,2086,365,0.4484361836983366,4327.416347667887
qm_recentrado,CMCC-CM2-SR5,ssp245,lejano,2087,365,0.413573795405689,3990.993742845625
qm_recentrado,CMCC-CM2-SR5,ssp245,lejano,2088,365,0.4934845472374448,4762.133776594097
qm_recentrado,CMCC-CM2-SR5,ssp245,lejano,2089,365,0.4892879966903883,4721.636996670194
qm_recentrado,CMCC-CM2-SR5,ssp245,lejano,2090,365,0.3582088237000509,3456.7208800466697
qm_recentrado,CMCC-CM2-SR5,ssp245,lejano,2091,365,0.42581751275629515,4109.145811178452
qm_recentrado,CMCC-CM2-SR5,ssp245,lejano,2092,365,0.39470372671409026,3808.8972780505983
qm_recentrado,CMCC-CM2-SR5,ssp245,lejano,2093,365,0.4388385901399276,4234.799416267743
qm_recentrado,CMCC-CM2-SR5,ssp245,lejano,2094,365,0.46513812935005105,4488.590390438062
qm_recentrado,CMCC-CM2-SR5,ssp245,lejano,2095,365,0.43036898771459564,4153.06761734965
qm_recentrado,CMCC-CM2-SR5,ssp245,lejano,2096,365,0.4536671129954841,4377.894899080229
qm_recentrado,CMCC-CM2-SR5,ssp245,lejano,2097,365,0.45824381309048257,4422.060128224166
qm_recentrado,CMCC-CM2-SR5,ssp245,lejano,2098,365,0.46033469781608294,4442.2371992803655
qm_recentrado,CMCC-CM2-SR5,ssp245,lejano,2099,365,0.4868895700945776,4698.492141645795
qm_recentrado,CMCC-CM2-SR5,ssp585,medio,2040,365,0.4956830698250576,4783.349554740923
qm_recentrado,CMCC-CM2-SR5,ssp585,medio,2041,365,0.5189216306987443,5007.602038988973
qm_recentrado,CMCC-CM2-SR5,ssp585,medio,2042,365,0.4977864597195374,4803.647300876892
qm_recentrado,CMCC-CM2-SR5,ssp585,medio,2043,365,0.4293375366649393,4143.11409821725
qm_recentrado,CMCC-CM2-SR5,ssp585,medio,2044,365,0.3919456568455918,3782.2818596904704
qm_recentrado,CMCC-CM2-SR5,ssp585,medio,2045,365,0.4454992948391797,4299.075323186801
qm_recentrado,CMCC-CM2-SR5,ssp585,medio,2046,365,0.49638691549932457,4790.141676759129
qm_recentrado,CMCC-CM2-SR5,ssp585,medio,2047,365,0.5174208888754246,4993.119856382069
qm_recentrado,CMCC-CM2-SR5,ssp585,medio,2048,365,0.44754493548271573,4318.815788127174
qm_recentrado,CMCC-CM2-SR5,ssp585,medio,2049,365,0.3981318948821869,3841.9791557234216
qm_recentrado,CMCC-CM2-SR5,ssp585,medio,2050,365,0.41771052043762813,4030.9132055914383
qm_recentrado,CMCC-CM2-SR5,ssp585,medio,2051,365,0.44656281442350637,4309.338304191867
qm_recentrado,CMCC-CM2-SR5,ssp585,medio,2052,365,0.5044784517993753,4868.225131519201
qm_recentrado,CMCC-CM2-SR5,ssp585,medio,2053,365,0.5155587070210812,4975.149771692745
qm_recentrado,CMCC-CM2-SR5,ssp585,medio,2054,365,0.5258335436486717,5074.30210954638
qm_recentrado,CMCC-CM2-SR5,ssp585,medio,2055,365,0.47030825018854144,4538.482139251428
qm_recentrado,CMCC-CM2-SR5,ssp585,medio,2056,365,0.43391261128646286,4187.263641516147
qm_recentrado,CMCC-CM2-SR5,ssp585,medio,2057,365,0.5016320792777509,4840.757591143564
qm_recentrado,CMCC-CM2-SR5,ssp585,medio,2058,365,0.46250923523990994,4463.221520212895
qm_recentrado,CMCC-CM2-SR5,ssp585,medio,2059,365,0.4746385157075691,4580.269270794293
qm_recentrado,CMCC-CM2-SR5,ssp585,medio,2060,365,0.5010011010955892,4834.668641590052
qm_recentrado,CMCC-CM2-SR5,ssp585,medio,2061,365,0.49199231680162675,4747.733729012767
qm_recentrado,CMCC-CM2-SR5,ssp585,medio,2062,365,0.4856941838509778,4686.956645268877
qm_recentrado,CMCC-CM2-SR5,ssp585,medio,2063,365,0.4336561660681286,4184.788941056097
qm_recentrado,CMCC-CM2-SR5,ssp585,medio,2064,365,0.47879529569476764,4620.3822641792385
qm_recentrado,CMCC-CM2-SR5,ssp585,medio,2065,365,0.47370071369393296,4571.219466357872
qm_recentrado,CMCC-CM2-SR5,ssp585,medio,2066,365,0.49533654171419017,4780.005552926603
qm_recentrado,CMCC-CM2-SR5,ssp585,medio,2067,365,0.4529209284355718,4370.694206138123
qm_recentrado,CMCC-CM2-SR5,ssp585,medio,2068,365,0.40678184259684563,3925.451289569042
qm_recentrado,CMCC-CM2-SR5,ssp585,medio,2069,365,0.44297209224198203,4274.687777688602
qm_recentrado,CMCC-CM2-SR5,ssp585,lejano,2070,365,0.4438923095346145,4283.567889285982
qm_recentrado,CMCC-CM2-SR5,ssp585,lejano,2071,365,0.4753122905683848,4586.771208981562
qm_recentrado,CMCC-CM2-SR5,ssp585,lejano,2072,365,0.4724497172308207,4559.147330472895
qm_recentrado,CMCC-CM2-SR5,ssp585,lejano,2073,365,0.4095786672648988,3952.4406923649494
qm_recentrado,CMCC-CM2-SR5,ssp585,lejano,2074,365,0.4120505264347224,3976.2941729034933
qm_recentrado,CMCC-CM2-SR5,ssp585,lejano,2075,365,0.43381517750128884,4186.323403930277
qm_recentrado,CMCC-CM2-SR5,ssp585,lejano,2076,365,0.42929162185171754,4142.671019535023
qm_recentrado,CMCC-CM2-SR5,ssp585,lejano,2077,365,0.48918292272082364,4720.623031182712
qm_recentrado,CMCC-CM2-SR5,ssp585,lejano,2078,365,0.4903970193127654,4732.339082720495
qm_recentrado,CMCC-CM2-SR5,ssp585,lejano,2079,365,0.42911627201016284,4140.978890758423
qm_recentrado,CMCC-CM2-SR5,ssp585,lejano,2080,365,0.45150586698311845,4357.038840480965
qm_recentrado,CMCC-CM2-SR5,ssp585,lejano,2081,365,0.468823241321243,4524.151779921855
qm_recentrado,CMCC-CM2-SR5,ssp585,lejano,2082,365,0.4629301987007906,4467.283824345808
qm_recentrado,CMCC-CM2-SR5,ssp585,lejano,2083,365,0.5126548014345998,4947.127036320711
qm_recentrado,CMCC-CM2-SR5,ssp585,lejano,2084,365,0.430982963351366,4158.992492068095
qm_recentrado,CMCC-CM2-SR5,ssp585,lejano,2085,365,0.3704452887937292,3574.802963984107
qm_recentrado,CMCC-CM2-SR5,ssp585,lejano,2086,365,0.4311238094377612,4160.351659055345
qm_recentrado,CMCC-CM2-SR5,ssp585,lejano,2087,365,0.4983812616399503,4809.387148925706
qm_recentrado,CMCC-CM2-SR5,ssp585,lejano,2088,365,0.480272209064197,4634.634501824846
qm_recentrado,CMCC-CM2-SR5,ssp585,lejano,2089,365,0.45415362912829416,4382.589787546105
qm_recentrado,CMCC-CM2-SR5,ssp585,lejano,2090,365,0.44597197875163697,4303.636730504956
qm_recentrado,CMCC-CM2-SR5,ssp585,lejano,2091,365,0.45453999651873417,4386.318239045729
qm_recentrado,CMCC-CM2-SR5,ssp585,lejano,2092,365,0.4738944504712094,4573.089029358378
qm_recentrado,CMCC-CM2-SR5,ssp585,lejano,2093,365,0.42390171063905246,4090.6582900942262
qm_recentrado,CMCC-CM2-SR5,ssp585,lejano,2094,365,0.43088382913810325,4158.035845323962
qm_recentrado,CMCC-CM2-SR5,ssp585,lejano,2095,365,0.421620131488039,4068.64101478168
qm_recentrado,CMCC-CM2-SR5,ssp585,lejano,2096,365,0.4360926189050052,4208.300749915203
qm_recentrado,CMCC-CM2-SR5,ssp585,lejano,2097,365,0.4320311027743779,4169.107054270391
qm_recentrado,CMCC-CM2-SR5,ssp585,lejano,2098,365,0.4733272023897311,4567.615076296142
qm_recentrado,CMCC-CM2-SR5,ssp585,lejano,2099,365,0.42335518539726974,4085.384312766619
qm_recentrado,CMCC-ESM2,historical,historico,1981,365,0.47685397464672014,4601.648485004443
qm_recentrado,CMCC-ESM2,historical,historico,1982,365,0.46847878978908525,4520.82781712531
qm_recentrado,CMCC-ESM2,historical,historico,1983,365,0.4862677565808039,4692.491631288863
qm_recentrado,CMCC-ESM2,historical,historico,1984,365,0.4265136049283581,4115.863111776334
qm_recentrado,CMCC-ESM2,historical,historico,1985,365,0.42318124421604164,4083.7057775847093
qm_recentrado,CMCC-ESM2,historical,historico,1986,365,0.4726018677402861,4560.615585323645
qm_recentrado,CMCC-ESM2,historical,historico,1987,365,0.49103782822958214,4738.52289902072
qm_recentrado,CMCC-ESM2,historical,historico,1988,365,0.47609687045013754,4594.342417393755
qm_recentrado,CMCC-ESM2,historical,historico,1989,365,0.4459382975369749,4303.311706244568
qm_recentrado,CMCC-ESM2,historical,historico,1990,365,0.4416173241738073,4261.614244154427
qm_recentrado,CMCC-ESM2,historical,historico,1991,365,0.49070812073190523,4735.341216392816
qm_recentrado,CMCC-ESM2,historical,historico,1992,365,0.42462727455934945,4097.659993534115
qm_recentrado,CMCC-ESM2,historical,historico,1993,365,0.42462042121313465,4097.593858633489
qm_recentrado,CMCC-ESM2,historical,historico,1994,365,0.3938385329032146,3800.5481439325467
qm_recentrado,CMCC-ESM2,historical,historico,1995,365,0.38319638359764363,3697.8512328593984
qm_recentrado,CMCC-ESM2,historical,historico,1996,365,0.4499990766139233,4342.498289309586
qm_recentrado,CMCC-ESM2,historical,historico,1997,365,0.5093758542855432,4915.48514386916
qm_recentrado,CMCC-ESM2,historical,historico,1998,365,0.48442315544598347,4674.691200824227
qm_recentrado,CMCC-ESM2,historical,historico,1999,365,0.45859063087803226,4425.406925423105
qm_recentrado,CMCC-ESM2,historical,historico,2000,365,0.4886540431100429,4715.519334476603
qm_recentrado,CMCC-ESM2,historical,historico,2001,365,0.4764100540094197,4597.364643751764
qm_recentrado,CMCC-ESM2,historical,historico,2002,365,0.4484005409529519,4327.072394604641
qm_recentrado,CMCC-ESM2,historical,historico,2003,365,0.4606261466359494,4445.049685055258
qm_recentrado,CMCC-ESM2,historical,historico,2004,365,0.418225080350826,4035.8787169867564
qm_recentrado,CMCC-ESM2,historical,historico,2005,365,0.46730090578935357,4509.4612176817545
qm_recentrado,CMCC-ESM2,historical,historico,2006,365,0.45133858436819296,4355.424560570412
qm_recentrado,CMCC-ESM2,historical,historico,2007,365,0.4547364367927474,4388.213890833001
qm_recentrado,CMCC-ESM2,historical,historico,2008,365,0.460108062594517,4440.05016576609
qm_recentrado,CMCC-ESM2,historical,historico,2009,365,0.47576684362822863,4591.157653281904
qm_recentrado,CMCC-ESM2,historical,historico,2010,365,0.46756124813959155,4511.973525527028
qm_recentrado,CMCC-ESM2,historical,historico,2011,365,0.45628422866615553,4403.150107176059
qm_recentrado,CMCC-ESM2,historical,historico,2012,365,0.45976858873578424,4436.774237597738
qm_recentrado,CMCC-ESM2,historical,historico,2013,365,0.48244151920165623,4655.568379360289
qm_recentrado,CMCC-ESM2,historical,historico,2014,365,0.48678128155570527,4697.44715551306
qm_recentrado,CMCC-ESM2,ssp126,medio,2040,365,0.47100999588234166,4545.253996424531
qm_recentrado,CMCC-ESM2,ssp126,medio,2041,365,0.45025211611450766,4344.940124538856
qm_recentrado,CMCC-ESM2,ssp126,medio,2042,365,0.4320098340404134,4168.901810647333
qm_recentrado,CMCC-ESM2,ssp126,medio,2043,365,0.4489352742096753,4332.232579087754
qm_recentrado,CMCC-ESM2,ssp126,medio,2044,365,0.4947686023241657,4774.524928725836
qm_recentrado,CMCC-ESM2,ssp126,medio,2045,365,0.5140474541152867,4960.566156971782
qm_recentrado,CMCC-ESM2,ssp126,medio,2046,365,0.44428528353289387,4287.360094656962
qm_recentrado,CMCC-ESM2,ssp126,medio,2047,365,0.4529875269156143,4371.3368825361085
qm_recentrado,CMCC-ESM2,ssp126,medio,2048,365,0.48619935237951356,4691.831529651944
qm_recentrado,CMCC-ESM2,ssp126,medio,2049,365,0.45010638518115276,4343.533818700286
qm_recentrado,CMCC-ESM2,ssp126,medio,2050,365,0.43510714706321046,4198.790930874334
qm_recentrado,CMCC-ESM2,ssp126,medio,2051,365,0.47221559053037765,4556.888004067592
qm_recentrado,CMCC-ESM2,ssp126,medio,2052,365,0.49093294373746127,4737.510761993601
qm_recentrado,CMCC-ESM2,ssp126,medio,2053,365,0.44658214248743533,4309.52482031803
qm_recentrado,CMCC-ESM2,ssp126,medio,2054,365,0.35098765911033497,3387.036526217278
qm_recentrado,CMCC-ESM2,ssp126,medio,2055,365,0.4111440015494386,3967.5461932561066
qm_recentrado,CMCC-ESM2,ssp126,medio,2056,365,0.4636036490651706,4473.782631137281
qm_recentrado,CMCC-ESM2,ssp126,medio,2057,365,0.5051348912001256,4874.55978223947
qm_recentrado,CMCC-ESM2,ssp126,medio,2058,365,0.4669909881854934,4506.470507845822
qm_recentrado,CMCC-ESM2,ssp126,medio,2059,365,0.37977715145866114,3664.855588010503
qm_recentrado,CMCC-ESM2,ssp126,medio,2060,365,0.4047452628100181,3905.7982620408798
qm_recentrado,CMCC-ESM2,ssp126,medio,2061,365,0.4889812162940296,4718.676560936846
qm_recentrado,CMCC-ESM2,ssp126,medio,2062,365,0.494711122652018,4773.970248969936
qm_recentrado,CMCC-ESM2,ssp126,medio,2063,365,0.4818892403906434,4650.238879997554
qm_recentrado,CMCC-ESM2,ssp126,medio,2064,365,0.41715708211898295,4025.5725169614993
qm_recentrado,CMCC-ESM2,ssp126,medio,2065,365,0.4714543439389722,4549.541962280585
qm_recentrado,CMCC-ESM2,ssp126,medio,2066,365,0.45655619256961494,4405.774563195865
qm_recentrado,CMCC-ESM2,ssp126,medio,2067,365,0.4843239563449741,4673.733927912302
qm_recentrado,CMCC-ESM2,ssp126,medio,2068,365,0.46007504020400614,4439.731499169302
qm_recentrado,CMCC-ESM2,ssp126,medio,2069,365,0.4381728686048238,4228.375192802447
qm_recentrado,CMCC-ESM2,ssp126,lejano,2070,365,0.4557152151151536,4397.659117304674
qm_recentrado,CMCC-ESM2,ssp126,lejano,2071,365,0.4973903271933789,4799.82461566134
qm_recentrado,CMCC-ESM2,ssp126,lejano,2072,365,0.43633726032363884,4210.66154351928
qm_recentrado,CMCC-ESM2,ssp126,lejano,2073,365,0.4250299903615717,4101.546207469012
qm_recentrado,CMCC-ESM2,ssp126,lejano,2074,365,0.4239959785664984,4091.567977102366
qm_recentrado,CMCC-ESM2,ssp126,lejano,2075,365,0.47657970151197415,4599.0017448657745
qm_recentrado,CMCC-ESM2,ssp126,lejano,2076,365,0.4385683111119488,4232.191219323284
qm_recentrado,CMCC-ESM2,ssp126,lejano,2077,365,0.44280059074588385,4273.032785507231
qm_recentrado,CMCC-ESM2,ssp126,lejano,2078,365,0.4202387579122214,4055.3107376730622
qm_recentrado,CMCC-ESM2,ssp126,lejano,2079,365,0.407199142058058,3929.478236046533
qm_recentrado,CMCC-ESM2,ssp126,lejano,2080,365,0.45491076691350874,4389.896179287629
qm_recentrado,CMCC-ESM2,ssp126,lejano,2081,365,0.4810854839998859,4642.4826179666425
qm_recentrado,CMCC-ESM2,ssp126,lejano,2082,365,0.43021335127714183,4151.565723238039
qm_recentrado,CMCC-ESM2,ssp126,lejano,2083,365,0.3763571228473961,3631.8522571913377
qm_recentrado,CMCC-ESM2,ssp126,lejano,2084,365,0.42029592188410364,4055.86237091635
qm_recentrado,CMCC-ESM2,ssp126,lejano,2085,365,0.4663942911112775,4500.712371532485
qm_recentrado,CMCC-ESM2,ssp126,lejano,2086,365,0.47333069308317,4567.64876154368
qm_recentrado,CMCC-ESM2,ssp126,lejano,2087,365,0.4300412876289223,4149.905306279702
qm_recentrado,CMCC-ESM2,ssp126,lejano,2088,365,0.40992451070000374,3955.778087047207
qm_recentrado,CMCC-ESM2,ssp126,lejano,2089,365,0.48882154956248175,4717.135774422742
qm_recentrado,CMCC-ESM2,ssp126,lejano,2090,365,0.4652920602798061,4490.075826373093
qm_recentrado,CMCC-ESM2,ssp126,lejano,2091,365,0.4051499820023451,3909.7038087223414
qm_recentrado,CMCC-ESM2,ssp126,lejano,2092,365,0.45743397012682024,4414.245130667337
qm_recentrado,CMCC-ESM2,ssp126,lejano,2093,365,0.43329999909569133,4181.351924073407
qm_recentrado,CMCC-ESM2,ssp126,lejano,2094,365,0.4955379878415839,4781.949511279089
qm_recentrado,CMCC-ESM2,ssp126,lejano,2095,365,0.48671855315139934,4696.841825407853
qm_recentrado,CMCC-ESM2,ssp126,lejano,2096,365,0.44408449970164365,4285.422527472856
qm_recentrado,CMCC-ESM2,ssp126,lejano,2097,365,0.3613294166251842,3486.834651703693
qm_recentrado,CMCC-ESM2,ssp126,lejano,2098,365,0.4394279154635955,4240.486415070343
qm_recentrado,CMCC-ESM2,ssp126,lejano,2099,365,0.4796881461023382,4628.998284897901
qm_recentrado,CMCC-ESM2,ssp245,medio,2040,365,0.46791843766748553,4515.420410186238
qm_recentrado,CMCC-ESM2,ssp245,medio,2041,365,0.4743189350822123,4577.18531264631
qm_recentrado,CMCC-ESM2,ssp245,medio,2042,365,0.45813648838758,4421.024443123961
qm_recentrado,CMCC-ESM2,ssp245,medio,2043,365,0.4474377184156105,4317.781141714136
qm_recentrado,CMCC-ESM2,ssp245,medio,2044,365,0.46692259935633773,4505.8105545502485
qm_recentrado,CMCC-ESM2,ssp245,medio,2045,365,0.4706591985648832,4541.868796698299
qm_recentrado,CMCC-ESM2,ssp245,medio,2046,365,0.468562395026881,4521.634609007721
qm_recentrado,CMCC-ESM2,ssp245,medio,2047,365,0.481506947951664,4646.549751844725
qm_recentrado,CMCC-ESM2,ssp245,medio,2048,365,0.38938153473576353,3757.538040304674
qm_recentrado,CMCC-ESM2,ssp245,medio,2049,365,0.4521968276285522,4363.706621764771
qm_recentrado,CMCC-ESM2,ssp245,medio,2050,365,0.47898245034177817,4622.188309517364
qm_recentrado,CMCC-ESM2,ssp245,medio,2051,365,0.5018442934195605,4842.805461007452
qm_recentrado,CMCC-ESM2,ssp245,medio,2052,365,0.4850496093594084,4680.73649111204
qm_recentrado,CMCC-ESM2,ssp245,medio,2053,365,0.45938141161101165,4433.037972148848
qm_recentrado,CMCC-ESM2,ssp245,medio,2054,365,0.2920247204590677,2818.04322482553
qm_recentrado,CMCC-ESM2,ssp245,medio,2055,365,0.4311193968017565,4160.309077047299
qm_recentrado,CMCC-ESM2,ssp245,medio,2056,365,0.4809719240233869,4641.386762376468
qm_recentrado,CMCC-ESM2,ssp245,medio,2057,365,0.5009780720426169,4834.446410860405
qm_recentrado,CMCC-ESM2,ssp245,medio,2058,365,0.4187909794421514,4041.339652272431
qm_recentrado,CMCC-ESM2,ssp245,medio,2059,365,0.40336289993183727,3892.4584381486284
qm_recentrado,CMCC-ESM2,ssp245,medio,2060,365,0.4549638179786688,4390.408122915241
qm_recentrado,CMCC-ESM2,ssp245,medio,2061,365,0.5033963699144316,4857.783024016183
qm_recentrado,CMCC-ESM2,ssp245,medio,2062,365,0.487857693095421,4707.834544093901
qm_recentrado,CMCC-ESM2,ssp245,medio,2063,365,0.4259205247132472,4110.13987821123
qm_recentrado,CMCC-ESM2,ssp245,medio,2064,365,0.46887339664704186,4524.6357796183
qm_recentrado,CMCC-ESM2,ssp245,medio,2065,365,0.4719567177271588,4554.389877374566
qm_recentrado,CMCC-ESM2,ssp245,medio,2066,365,0.5021475662256365,4845.732048438451
qm_recentrado,CMCC-ESM2,ssp245,medio,2067,365,0.4587604990415155,4427.04615591861
qm_recentrado,CMCC-ESM2,ssp245,medio,2068,365,0.36380700967687946,3510.7434642940416
qm_recentrado,CMCC-ESM2,ssp245,medio,2069,365,0.4347158327266254,4195.014741265259
qm_recentrado,CMCC-ESM2,ssp245,lejano,2070,365,0.47527149381094425,4586.377519619513
qm_recentrado,CMCC-ESM2,ssp245,lejano,2071,365,0.4929839573950797,4757.303076605837
qm_recentrado,CMCC-ESM2,ssp245,lejano,2072,365,0.39850289482962087,3845.559311152159
qm_recentrado,CMCC-ESM2,ssp245,lejano,2073,365,0.4601869320942018,4440.811257699961
qm_recentrado,CMCC-ESM2,ssp245,lejano,2074,365,0.446722722130759,4310.881416125378
qm_recentrado,CMCC-ESM2,ssp245,lejano,2075,365,0.46527610433214167,4489.921851222835
qm_recentrado,CMCC-ESM2,ssp245,lejano,2076,365,0.5024222872061805,4848.383110296238
qm_recentrado,CMCC-ESM2,ssp245,lejano,2077,365,0.4565490644653107,4405.705776875279
qm_recentrado,CMCC-ESM2,ssp245,lejano,2078,365,0.4323198319597977,4171.8932955293585
qm_recentrado,CMCC-ESM2,ssp245,lejano,2079,365,0.517170861401948,4990.70708726258
qm_recentrado,CMCC-ESM2,ssp245,lejano,2080,365,0.46824450519361976,4518.566967030513
qm_recentrado,CMCC-ESM2,ssp245,lejano,2081,365,0.3766895416879711,3635.060104321588
qm_recentrado,CMCC-ESM2,ssp245,lejano,2082,365,0.4134807790357068,3990.0961333870346
qm_recentrado,CMCC-ESM2,ssp245,lejano,2083,365,0.494996738279463,4776.726444344629
qm_recentrado,CMCC-ESM2,ssp245,lejano,2084,365,0.4288379151178842,4138.292742294224
qm_recentrado,CMCC-ESM2,ssp245,lejano,2085,365,0.49419317288788644,4768.972025458869
qm_recentrado,CMCC-ESM2,ssp245,lejano,2086,365,0.46193511642149965,4457.681264429333
qm_recentrado,CMCC-ESM2,ssp245,lejano,2087,365,0.47205488861070194,4555.337227971491
qm_recentrado,CMCC-ESM2,ssp245,lejano,2088,365,0.4375104158031606,4221.982512667152
qm_recentrado,CMCC-ESM2,ssp245,lejano,2089,365,0.3959447492851018,3820.8731657172207
qm_recentrado,CMCC-ESM2,ssp245,lejano,2090,365,0.4435883253789104,4280.634437319692
qm_recentrado,CMCC-ESM2,ssp245,lejano,2091,365,0.48938089677876906,4722.533484009469
qm_recentrado,CMCC-ESM2,ssp245,lejano,2092,365,0.4853469869482304,4683.606189602214
qm_recentrado,CMCC-ESM2,ssp245,lejano,2093,365,0.384504430857276,3710.4739098436066
qm_recentrado,CMCC-ESM2,ssp245,lejano,2094,365,0.4410635087309441,4256.269916269749
qm_recentrado,CMCC-ESM2,ssp245,lejano,2095,365,0.44489649366414175,4293.258282202866
qm_recentrado,CMCC-ESM2,ssp245,lejano,2096,365,0.47605346064409154,4593.9235120708545
qm_recentrado,CMCC-ESM2,ssp245,lejano,2097,365,0.4929969857575943,4757.428800512557
qm_recentrado,CMCC-ESM2,ssp245,lejano,2098,365,0.4778336385731531,4611.102257569143
qm_recentrado,CMCC-ESM2,ssp245,lejano,2099,365,0.47600807010908636,4593.485492681805
qm_recentrado,CMCC-ESM2,ssp585,medio,2040,365,0.42880665313930266,4137.991063700721
qm_recentrado,CMCC-ESM2,ssp585,medio,2041,365,0.4085005887957601,3942.0372178885054
qm_recentrado,CMCC-ESM2,ssp585,medio,2042,365,0.40253233098104585,3884.4434344843876
qm_recentrado,CMCC-ESM2,ssp585,medio,2043,365,0.4903326111508249,4731.717542927238
qm_recentrado,CMCC-ESM2,ssp585,medio,2044,365,0.4971903774456517,4797.8950973965775
qm_recentrado,CMCC-ESM2,ssp585,medio,2045,365,0.4345343499351797,4193.2634294240825
qm_recentrado,CMCC-ESM2,ssp585,medio,2046,365,0.4769493117126367,4602.568489215932
qm_recentrado,CMCC-ESM2,ssp585,medio,2047,365,0.4894262165843144,4722.970820858099
qm_recentrado,CMCC-ESM2,ssp585,medio,2048,365,0.5118628926386879,4939.485103769621
qm_recentrado,CMCC-ESM2,ssp585,medio,2049,365,0.4872700729814434,4702.164000592095
qm_recentrado,CMCC-ESM2,ssp585,medio,2050,365,0.44669201627508437,4310.585104126824
qm_recentrado,CMCC-ESM2,ssp585,medio,2051,365,0.4014828323683413,3874.3157560798118
qm_recentrado,CMCC-ESM2,ssp585,medio,2052,365,0.43328534500622,4181.210511875543
qm_recentrado,CMCC-ESM2,ssp585,medio,2053,365,0.42826835655627016,4132.796493061712
qm_recentrado,CMCC-ESM2,ssp585,medio,2054,365,0.48573284788356086,4687.329753801928
qm_recentrado,CMCC-ESM2,ssp585,medio,2055,365,0.4862594920070519,4692.411878019922
qm_recentrado,CMCC-ESM2,ssp585,medio,2056,365,0.5082736987287485,4904.849325111602
qm_recentrado,CMCC-ESM2,ssp585,medio,2057,365,0.46290401696518674,4467.031170178323
qm_recentrado,CMCC-ESM2,ssp585,medio,2058,365,0.3984827974083726,3845.365370715554
qm_recentrado,CMCC-ESM2,ssp585,medio,2059,365,0.40157128886387095,3875.1693626769757
qm_recentrado,CMCC-ESM2,ssp585,medio,2060,365,0.5034079519712437,4857.894791049733
qm_recentrado,CMCC-ESM2,ssp585,medio,2061,365,0.47167121946228996,4551.634814550609
qm_recentrado,CMCC-ESM2,ssp585,medio,2062,365,0.47540157266587124,4587.6327826508195
qm_recentrado,CMCC-ESM2,ssp585,medio,2063,365,0.45440007204984617,4384.967965682167
qm_recentrado,CMCC-ESM2,ssp585,medio,2064,365,0.4563615451359567,4403.8962123467045
qm_recentrado,CMCC-ESM2,ssp585,medio,2065,365,0.37080193646319526,3578.2446197008176
qm_recentrado,CMCC-ESM2,ssp585,medio,2066,365,0.4122261080683084,3977.988538476905
qm_recentrado,CMCC-ESM2,ssp585,medio,2067,365,0.41904506418819043,4043.791574137065
qm_recentrado,CMCC-ESM2,ssp585,medio,2068,365,0.47971422843388595,4629.249979814655
qm_recentrado,CMCC-ESM2,ssp585,medio,2069,365,0.4887517698408797,4716.462398992807
qm_recentrado,CMCC-ESM2,ssp585,lejano,2070,365,0.3968423632364515,3829.5351547095684
qm_recentrado,CMCC-ESM2,ssp585,lejano,2071,365,0.41089093029391516,3965.1040515911654
qm_recentrado,CMCC-ESM2,ssp585,lejano,2072,365,0.4547441724107257,4388.288539670261
qm_recentrado,CMCC-ESM2,ssp585,lejano,2073,365,0.5030209931252929,4854.160631994965
qm_recentrado,CMCC-ESM2,ssp585,lejano,2074,365,0.45012499979725423,4343.7134500434995
qm_recentrado,CMCC-ESM2,ssp585,lejano,2075,365,0.4533915988194868,4375.236182873629
qm_recentrado,CMCC-ESM2,ssp585,lejano,2076,365,0.4174276372453826,4028.183378260138
qm_recentrado,CMCC-ESM2,ssp585,lejano,2077,365,0.4109897509547012,3966.057672548882
qm_recentrado,CMCC-ESM2,ssp585,lejano,2078,365,0.4779391375686287,4612.120324563468
qm_recentrado,CMCC-ESM2,ssp585,lejano,2079,365,0.4464837745103537,4308.575567765305
qm_recentrado,CMCC-ESM2,ssp585,lejano,2080,365,0.3596644512813231,3470.7677094959886
qm_recentrado,CMCC-ESM2,ssp585,lejano,2081,365,0.4405675330381469,4251.483742898646
qm_recentrado,CMCC-ESM2,ssp585,lejano,2082,365,0.4911512192303562,4739.617123992445
qm_recentrado,CMCC-ESM2,ssp585,lejano,2083,365,0.4731178814820896,4565.595126188268
qm_recentrado,CMCC-ESM2,ssp585,lejano,2084,365,0.44954510154271343,4338.117422608809
qm_recentrado,CMCC-ESM2,ssp585,lejano,2085,365,0.4657109657181268,4494.118270555375
qm_recentrado,CMCC-ESM2,ssp585,lejano,2086,365,0.4478904625703549,4322.150130051326
qm_recentrado,CMCC-ESM2,ssp585,lejano,2087,365,0.4397743811978506,4243.829814949357
qm_recentrado,CMCC-ESM2,ssp585,lejano,2088,365,0.47235056436981654,4558.190503777759
qm_recentrado,CMCC-ESM2,ssp585,lejano,2089,365,0.4551891873422667,4392.582940879871
qm_recentrado,CMCC-ESM2,ssp585,lejano,2090,365,0.4930869111208876,4758.296581707144
qm_recentrado,CMCC-ESM2,ssp585,lejano,2091,365,0.4169588186790087,4023.6592715935326
qm_recentrado,CMCC-ESM2,ssp585,lejano,2092,365,0.39981060757195275,3858.1787600390644
qm_recentrado,CMCC-ESM2,ssp585,lejano,2093,365,0.43738779779145065,4220.799246892263
qm_recentrado,CMCC-ESM2,ssp585,lejano,2094,365,0.4700336927700617,4535.832655770179
qm_recentrado,CMCC-ESM2,ssp585,lejano,2095,365,0.4304447639382535,4153.798859120368
qm_recentrado,CMCC-ESM2,ssp585,lejano,2096,365,0.3834326156539346,3700.1308759823196
qm_recentrado,CMCC-ESM2,ssp585,lejano,2097,365,0.4552069919058872,4392.754755203682
qm_recentrado,CMCC-ESM2,ssp585,lejano,2098,365,0.4733748973222492,4568.075333158061
qm_recentrado,CMCC-ESM2,ssp585,lejano,2099,365,0.44189264285902147,4264.271073871842
qm_recentrado,EC-Earth3,historical,historico,1981,365,0.46473044762616167,4484.656255279622
qm_recentrado,EC-Earth3,historical,historico,1982,365,0.4793104051470311,4625.353078635332
qm_recentrado,EC-Earth3,historical,historico,1983,365,0.4450590598954821,4294.82704893636
qm_recentrado,EC-Earth3,historical,historico,1984,366,0.48915675335764525,4720.3704964093295
qm_recentrado,EC-Earth3,historical,historico,1985,365,0.4889713950147715,4718.581785434864
qm_recentrado,EC-Earth3,historical,historico,1986,365,0.4936747639036644,4763.969370466583
qm_recentrado,EC-Earth3,historical,historico,1987,365,0.44359098451501394,4280.660098025637
qm_recentrado,EC-Earth3,historical,historico,1988,366,0.4677096693062635,4513.405792160152
qm_recentrado,EC-Earth3,historical,historico,1989,365,0.49273376391563745,4754.888705526124
qm_recentrado,EC-Earth3,historical,historico,1990,365,0.4996146529199773,4821.289394512228
qm_recentrado,EC-Earth3,historical,historico,1991,365,0.47020828892169814,4537.51751142701
qm_recentrado,EC-Earth3,historical,historico,1992,366,0.4077200269399535,3934.5047834909824
qm_recentrado,EC-Earth3,historical,historico,1993,365,0.4458558976826235,4302.51654633168
qm_recentrado,EC-Earth3,historical,historico,1994,365,0.46583618991078507,4495.326686018115
qm_recentrado,EC-Earth3,historical,historico,1995,365,0.46793197871976555,4515.551081557397
qm_recentrado,EC-Earth3,historical,historico,1996,366,0.49244535406245216,4752.105545828327
qm_recentrado,EC-Earth3,historical,historico,1997,365,0.4255571393426811,4106.633203571102
qm_recentrado,EC-Earth3,historical,historico,1998,365,0.39063963799591744,3769.678756894811
qm_recentrado,EC-Earth3,historical,historico,1999,365,0.4494632266102032,4337.327328200086
qm_recentrado,EC-Earth3,historical,historico,2000,366,0.4702745990181744,4538.157404918967
qm_recentrado,EC-Earth3,historical,historico,2001,365,0.4270614855970783,4121.150168995575
qm_recentrado,EC-Earth3,historical,historico,2002,365,0.4395642073393286,4241.801633851838
qm_recentrado,EC-Earth3,historical,historico,2003,365,0.4144295061134021,3999.251364866428
qm_recentrado,EC-Earth3,historical,historico,2004,366,0.4340421269918,4188.5134701449015
qm_recentrado,EC-Earth3,historical,historico,2005,365,0.44388795097900485,4283.525829154612
qm_recentrado,EC-Earth3,historical,historico,2006,365,0.43766960217339573,4223.518663686903
qm_recentrado,EC-Earth3,historical,historico,2007,365,0.48546004971354006,4684.6972470964565
qm_recentrado,EC-Earth3,historical,historico,2008,366,0.4706401031530718,4541.684525668792
qm_recentrado,EC-Earth3,historical,historico,2009,365,0.43690295427892323,4216.120499238877
qm_recentrado,EC-Earth3,historical,historico,2010,365,0.4569909194271138,4409.969684326359
qm_recentrado,EC-Earth3,historical,historico,2011,365,0.43214652255994085,4170.22085704779
qm_recentrado,EC-Earth3,historical,historico,2012,366,0.4970904767304094,4796.931053896078
qm_recentrado,EC-Earth3,historical,historico,2013,365,0.46329438082721464,4470.798187692714
qm_recentrado,EC-Earth3,historical,historico,2014,365,0.4693668206836073,4529.397329465941
qm_recentrado,EC-Earth3,ssp126,medio,2040,366,0.3786772468542907,3654.2414909798545
qm_recentrado,EC-Earth3,ssp126,medio,2041,365,0.4378258209510533,4225.0261773908
qm_recentrado,EC-Earth3,ssp126,medio,2042,365,0.48597763294393664,4689.691933551115
qm_recentrado,EC-Earth3,ssp126,medio,2043,365,0.42380316659709655,4089.7073385126464
qm_recentrado,EC-Earth3,ssp126,medio,2044,366,0.42621448755900676,4112.976624376216
qm_recentrado,EC-Earth3,ssp126,medio,2045,365,0.4658247275984136,4495.216074520332
qm_recentrado,EC-Earth3,ssp126,medio,2046,365,0.44735477235403986,4316.980710892843
qm_recentrado,EC-Earth3,ssp126,medio,2047,365,0.43324458462226045,4180.817173518167
qm_recentrado,EC-Earth3,ssp126,medio,2048,366,0.44581889784410444,4302.159497297973
qm_recentrado,EC-Earth3,ssp126,medio,2049,365,0.4550842480784322,4391.570275304839
qm_recentrado,EC-Earth3,ssp126,medio,2050,365,0.42636349945913116,4114.414591596606
qm_recentrado,EC-Earth3,ssp126,medio,2051,365,0.4299850140022189,4149.362264881636
qm_recentrado,EC-Earth3,ssp126,medio,2052,366,0.4822442396145019,4653.6646281877765
qm_recentrado,EC-Earth3,ssp126,medio,2053,365,0.49315449137253836,4758.948732216857
qm_recentrado,EC-Earth3,ssp126,medio,2054,365,0.48315622772035455,4662.465328001064
qm_recentrado,EC-Earth3,ssp126,medio,2055,365,0.4762866410985884,4596.173707187635
qm_recentrado,EC-Earth3,ssp126,medio,2056,366,0.4627454397139298,4465.500897166457
qm_recentrado,EC-Earth3,ssp126,medio,2057,365,0.4346148558396505,4194.04031269032
qm_recentrado,EC-Earth3,ssp126,medio,2058,365,0.4855212615195286,4685.287942003636
qm_recentrado,EC-Earth3,ssp126,medio,2059,365,0.4647939192592047,4485.268757554034
qm_recentrado,EC-Earth3,ssp126,medio,2060,366,0.41978596553076225,4050.941283947304
qm_recentrado,EC-Earth3,ssp126,medio,2061,365,0.4759867243171781,4593.279505448357
qm_recentrado,EC-Earth3,ssp126,medio,2062,365,0.5102393129852959,4923.817534137113
qm_recentrado,EC-Earth3,ssp126,medio,2063,365,0.4688776564792769,4524.676887067526
qm_recentrado,EC-Earth3,ssp126,medio,2064,366,0.43216575796799284,4170.4064790432585
qm_recentrado,EC-Earth3,ssp126,medio,2065,365,0.4738448659437203,4572.610537874755
qm_recentrado,EC-Earth3,ssp126,medio,2066,365,0.4724689225262083,4559.3326618806705
qm_recentrado,EC-Earth3,ssp126,medio,2067,365,0.43698145594738436,4216.878041595554
qm_recentrado,EC-Earth3,ssp126,medio,2068,366,0.4297439531351574,4147.036023657519
qm_recentrado,EC-Earth3,ssp126,medio,2069,365,0.45811564346925726,4420.823289328629
qm_recentrado,EC-Earth3,ssp126,lejano,2070,365,0.44379388948020093,4282.61813418617
qm_recentrado,EC-Earth3,ssp126,lejano,2071,365,0.4425152279621915,4270.279030078795
qm_recentrado,EC-Earth3,ssp126,lejano,2072,366,0.4098186366611379,3954.756400878167
qm_recentrado,EC-Earth3,ssp126,lejano,2073,365,0.4451506247498245,4295.710651245801
qm_recentrado,EC-Earth3,ssp126,lejano,2074,365,0.4228403498777828,4080.4161417662017
qm_recentrado,EC-Earth3,ssp126,lejano,2075,365,0.4720074051843138,4554.87901214711
qm_recentrado,EC-Earth3,ssp126,lejano,2076,366,0.41502288650691066,4004.977495157872
qm_recentrado,EC-Earth3,ssp126,lejano,2077,365,0.4337713653262978,4185.900615740618
qm_recentrado,EC-Earth3,ssp126,lejano,2078,365,0.46462918009217385,4483.679021956359
qm_recentrado,EC-Earth3,ssp126,lejano,2079,365,0.4563626247656337,4403.906630790361
qm_recentrado,EC-Earth3,ssp126,lejano,2080,366,0.44744316767528314,4317.8337271571645
qm_recentrado,EC-Earth3,ssp126,lejano,2081,365,0.47297610673016693,4564.226997563818
qm_recentrado,EC-Earth3,ssp126,lejano,2082,365,0.47183854462332636,4553.249505031813
qm_recentrado,EC-Earth3,ssp126,lejano,2083,365,0.42039223724606667,4056.791815700339
qm_recentrado,EC-Earth3,ssp126,lejano,2084,366,0.47211380847641304,4555.90580561832
qm_recentrado,EC-Earth3,ssp126,lejano,2085,365,0.44865253183575454,4329.504110655541
qm_recentrado,EC-Earth3,ssp126,lejano,2086,365,0.4789102266456233,4621.491349693891
qm_recentrado,EC-Earth3,ssp126,lejano,2087,365,0.440650620301967,4252.285536323906
qm_recentrado,EC-Earth3,ssp126,lejano,2088,366,0.41755805133160534,4029.4418762788127
qm_recentrado,EC-Earth3,ssp126,lejano,2089,365,0.48539496257499265,4684.06915516808
qm_recentrado,EC-Earth3,ssp126,lejano,2090,365,0.4450268207539198,4294.515940704458
qm_recentrado,EC-Earth3,ssp126,lejano,2091,365,0.4637406561429621,4475.104751630082
qm_recentrado,EC-Earth3,ssp126,lejano,2092,366,0.48858241149587817,4714.828088253807
qm_recentrado,EC-Earth3,ssp126,lejano,2093,365,0.4687358394260589,4523.308350234899
qm_recentrado,EC-Earth3,ssp126,lejano,2094,365,0.4437312827300269,4282.013978045283
qm_recentrado,EC-Earth3,ssp126,lejano,2095,365,0.4462447122769353,4306.2686133878215
qm_recentrado,EC-Earth3,ssp126,lejano,2096,366,0.46895672795503246,4525.43992807371
qm_recentrado,EC-Earth3,ssp126,lejano,2097,365,0.48376891143707157,4668.377735670323
qm_recentrado,EC-Earth3,ssp126,lejano,2098,365,0.48938758148159556,4722.5979914987
qm_recentrado,EC-Earth3,ssp126,lejano,2099,365,0.451364026774615,4355.670080199463
qm_recentrado,EC-Earth3,ssp245,medio,2040,366,0.453550530729272,4376.769878345966
qm_recentrado,EC-Earth3,ssp245,medio,2041,365,0.4410679550627304,4256.3128234426285
qm_recentrado,EC-Earth3,ssp245,medio,2042,365,0.4105503127938136,3961.817087265306
qm_recentrado,EC-Earth3,ssp245,medio,2043,365,0.47171212105251287,4552.029515550685
qm_recentrado,EC-Earth3,ssp245,medio,2044,366,0.4756283619170507,4589.82130255333
qm_recentrado,EC-Earth3,ssp245,medio,2045,365,0.4414302509425816,4259.808984479928
qm_recentrado,EC-Earth3,ssp245,medio,2046,365,0.45707008075399286,4410.733592397323
qm_recentrado,EC-Earth3,ssp245,medio,2047,365,0.4590703875823859,4430.036585296225
qm_recentrado,EC-Earth3,ssp245,medio,2048,366,0.46689020989018803,4505.497995683673
qm_recentrado,EC-Earth3,ssp245,medio,2049,365,0.48064872579788187,4638.267894329171
qm_recentrado,EC-Earth3,ssp245,medio,2050,365,0.434937619133932,4197.154983644349
qm_recentrado,EC-Earth3,ssp245,medio,2051,365,0.4273630451853228,4124.060223847087
qm_recentrado,EC-Earth3,ssp245,medio,2052,366,0.44398118147044785,4284.425504888724
qm_recentrado,EC-Earth3,ssp245,medio,2053,365,0.4571521493057361,4411.525555234743
qm_recentrado,EC-Earth3,ssp245,medio,2054,365,0.457997405895444,4419.682294849529
qm_recentrado,EC-Earth3,ssp245,medio,2055,365,0.4724973114240958,4559.606615199506
qm_recentrado,EC-Earth3,ssp245,medio,2056,366,0.47415366277991866,4575.590432284819
qm_recentrado,EC-Earth3,ssp245,medio,2057,365,0.44122158731447203,4257.795377130052
qm_recentrado,EC-Earth3,ssp245,medio,2058,365,0.4446621102351561,4290.996478363019
qm_recentrado,EC-Earth3,ssp245,medio,2059,365,0.4724864528278264,4559.501829571769
qm_recentrado,EC-Earth3,ssp245,medio,2060,366,0.39386467744852166,3800.800439213073
qm_recentrado,EC-Earth3,ssp245,medio,2061,365,0.44341188070682974,4278.931743410998
qm_recentrado,EC-Earth3,ssp245,medio,2062,365,0.4636257614655398,4473.996016154642
qm_recentrado,EC-Earth3,ssp245,medio,2063,365,0.4115731387269415,3971.687373885205
qm_recentrado,EC-Earth3,ssp245,medio,2064,366,0.428368617119342,4133.764009099524
qm_recentrado,EC-Earth3,ssp245,medio,2065,365,0.4645670953003255,4483.079902721665
qm_recentrado,EC-Earth3,ssp245,medio,2066,365,0.4329801198459412,4178.26508419525
qm_recentrado,EC-Earth3,ssp245,medio,2067,365,0.459123592174397,4430.550010460405
qm_recentrado,EC-Earth3,ssp245,medio,2068,366,0.4809239768471791,4640.924071358907
qm_recentrado,EC-Earth3,ssp245,medio,2069,365,0.46712976216760255,4507.809678993559
qm_recentrado,EC-Earth3,ssp245,lejano,2070,365,0.4727651132379642,4562.190906988167
qm_recentrado,EC-Earth3,ssp245,lejano,2071,365,0.4514719413673345,4356.711457745839
qm_recentrado,EC-Earth3,ssp245,lejano,2072,366,0.43721933246131717,4219.173553761029
qm_recentrado,EC-Earth3,ssp245,lejano,2073,365,0.4551558837291891,4392.261560480813
qm_recentrado,EC-Earth3,ssp245,lejano,2074,365,0.35163357283684127,3393.2696040126834
qm_recentrado,EC-Earth3,ssp245,lejano,2075,365,0.4448993883322208,4293.286215796144
qm_recentrado,EC-Earth3,ssp245,lejano,2076,366,0.5018365824474886,4842.731050003585
qm_recentrado,EC-Earth3,ssp245,lejano,2077,365,0.4231917233464538,4083.806901360852
qm_recentrado,EC-Earth3,ssp245,lejano,2078,365,0.45855875368477894,4425.099309998175
qm_recentrado,EC-Earth3,ssp245,lejano,2079,365,0.45726325370140747,4412.597714430641
qm_recentrado,EC-Earth3,ssp245,lejano,2080,366,0.4535169551650473,4376.445873613989
qm_recentrado,EC-Earth3,ssp245,lejano,2081,365,0.5033009598853404,4856.862315708892
qm_recentrado,EC-Earth3,ssp245,lejano,2082,365,0.44332329854628727,4278.076924144449
qm_recentrado,EC-Earth3,ssp245,lejano,2083,365,0.502764368678093,4851.684201973496
qm_recentrado,EC-Earth3,ssp245,lejano,2084,366,0.49783310156764166,4804.0973954573665
qm_recentrado,EC-Earth3,ssp245,lejano,2085,365,0.4890151745953109,4719.004259087543
qm_recentrado,EC-Earth3,ssp245,lejano,2086,365,0.39921224802433375,3852.404580830789
qm_recentrado,EC-Earth3,ssp245,lejano,2087,365,0.44991052838923984,4341.643797524618
qm_recentrado,EC-Earth3,ssp245,lejano,2088,366,0.48041998413649073,4636.060533636882
qm_recentrado,EC-Earth3,ssp245,lejano,2089,365,0.45871604512685454,4426.617174930868
qm_recentrado,EC-Earth3,ssp245,lejano,2090,365,0.45793205811705967,4419.051687742555
qm_recentrado,EC-Earth3,ssp245,lejano,2091,365,0.4640634368853541,4478.219590958658
qm_recentrado,EC-Earth3,ssp245,lejano,2092,366,0.4642642285347599,4480.157233588089
qm_recentrado,EC-Earth3,ssp245,lejano,2093,365,0.45361376577432794,4377.3800975425165
qm_recentrado,EC-Earth3,ssp245,lejano,2094,365,0.46801155710592807,4516.319014257119
qm_recentrado,EC-Earth3,ssp245,lejano,2095,365,0.4654391690091133,4491.495427964647
qm_recentrado,EC-Earth3,ssp245,lejano,2096,366,0.39378787353397765,3800.0592802088604
qm_recentrado,EC-Earth3,ssp245,lejano,2097,365,0.4634153260013957,4471.965310558684
qm_recentrado,EC-Earth3,ssp245,lejano,2098,365,0.4785084615622853,4617.614310211438
qm_recentrado,EC-Earth3,ssp245,lejano,2099,365,0.4859492633048277,4689.418166079799
qm_recentrado,EC-Earth3,ssp585,medio,2040,366,0.4073663362661499,3931.091662829726
qm_recentrado,EC-Earth3,ssp585,medio,2041,365,0.37765821761619495,3644.4078425277626
qm_recentrado,EC-Earth3,ssp585,medio,2042,365,0.43180540017568475,4166.929020581761
qm_recentrado,EC-Earth3,ssp585,medio,2043,365,0.468929215208775,4525.174429632121
qm_recentrado,EC-Earth3,ssp585,medio,2044,366,0.43619268949306506,4209.266432691109
qm_recentrado,EC-Earth3,ssp585,medio,2045,365,0.45926892098468247,4431.952435804921
qm_recentrado,EC-Earth3,ssp585,medio,2046,365,0.48625754375653657,4692.393077371278
qm_recentrado,EC-Earth3,ssp585,medio,2047,365,0.39471653251168015,3809.0208542022333
qm_recentrado,EC-Earth3,ssp585,medio,2048,366,0.41771824548548636,4030.987752426871
qm_recentrado,EC-Earth3,ssp585,medio,2049,365,0.44692119526321683,4312.796685029167
qm_recentrado,EC-Earth3,ssp585,medio,2050,365,0.4719076565040657,4553.9164357867385
qm_recentrado,EC-Earth3,ssp585,medio,2051,365,0.48740383945743165,4703.454849225647
qm_recentrado,EC-Earth3,ssp585,medio,2052,366,0.3739766626764167,3608.880778454024
qm_recentrado,EC-Earth3,ssp585,medio,2053,365,0.4202301857606053,4055.2280162728125
qm_recentrado,EC-Earth3,ssp585,medio,2054,365,0.4758586201193197,4592.043297889357
qm_recentrado,EC-Earth3,ssp585,medio,2055,365,0.4791980385994866,4624.268739653663
qm_recentrado,EC-Earth3,ssp585,medio,2056,366,0.4764236988784474,4597.496316956199
qm_recentrado,EC-Earth3,ssp585,medio,2057,365,0.4482492441759411,4325.612378285738
qm_recentrado,EC-Earth3,ssp585,medio,2058,365,0.46126437312394103,4451.208580876
qm_recentrado,EC-Earth3,ssp585,medio,2059,365,0.4682145094042122,4518.277507182798
qm_recentrado,EC-Earth3,ssp585,medio,2060,366,0.3930182038761549,3792.631955696156
qm_recentrado,EC-Earth3,ssp585,medio,2061,365,0.49266156258676086,4754.191961547243
qm_recentrado,EC-Earth3,ssp585,medio,2062,365,0.4774016472686491,4606.93353456882
qm_recentrado,EC-Earth3,ssp585,medio,2063,365,0.49574875514390926,4783.9834191188065
qm_recentrado,EC-Earth3,ssp585,medio,2064,366,0.3899291359045746,3762.822400345319
qm_recentrado,EC-Earth3,ssp585,medio,2065,365,0.39776193912205765,3838.409076718882
qm_recentrado,EC-Earth3,ssp585,medio,2066,365,0.49287283850888075,4756.230777576115
qm_recentrado,EC-Earth3,ssp585,medio,2067,365,0.4836324103660819,4667.060498151256
qm_recentrado,EC-Earth3,ssp585,medio,2068,366,0.4468152077024166,4311.773903371643
qm_recentrado,EC-Earth3,ssp585,medio,2069,365,0.4374299373771462,4221.2058945684585
qm_recentrado,EC-Earth3,ssp585,lejano,2070,365,0.47456158829642636,4579.526920045927
qm_recentrado,EC-Earth3,ssp585,lejano,2071,365,0.44947400162041634,4337.431307221043
qm_recentrado,EC-Earth3,ssp585,lejano,2072,366,0.4988483657030805,4813.894710608578
qm_recentrado,EC-Earth3,ssp585,lejano,2073,365,0.47617332924533234,4595.0802459907245
qm_recentrado,EC-Earth3,ssp585,lejano,2074,365,0.5111992935026427,4933.081361489199
qm_recentrado,EC-Earth3,ssp585,lejano,2075,365,0.4392379358382848,4238.653108646422
qm_recentrado,EC-Earth3,ssp585,lejano,2076,366,0.45777485173560867,4417.534643646251
qm_recentrado,EC-Earth3,ssp585,lejano,2077,365,0.4699614559672447,4535.135569467207
qm_recentrado,EC-Earth3,ssp585,lejano,2078,365,0.4932058794409559,4759.444627899295
qm_recentrado,EC-Earth3,ssp585,lejano,2079,365,0.35348822671786967,3411.1670436390696
qm_recentrado,EC-Earth3,ssp585,lejano,2080,366,0.4032606690719264,3891.471908714795
qm_recentrado,EC-Earth3,ssp585,lejano,2081,365,0.49438986073205154,4770.870066302068
qm_recentrado,EC-Earth3,ssp585,lejano,2082,365,0.4267837988049832,4118.470487008868
qm_recentrado,EC-Earth3,ssp585,lejano,2083,365,0.3729719432876872,3599.1852202772734
qm_recentrado,EC-Earth3,ssp585,lejano,2084,366,0.4999383648478583,4824.41321979567
qm_recentrado,EC-Earth3,ssp585,lejano,2085,365,0.48660230217308037,4695.72000160706
qm_recentrado,EC-Earth3,ssp585,lejano,2086,365,0.46434061252047804,4480.8943402724135
qm_recentrado,EC-Earth3,ssp585,lejano,2087,365,0.3910324938798224,3773.469822460188
qm_recentrado,EC-Earth3,ssp585,lejano,2088,366,0.46515163659750586,4488.720735592116
qm_recentrado,EC-Earth3,ssp585,lejano,2089,365,0.5041472420081526,4865.0289517345445
qm_recentrado,EC-Earth3,ssp585,lejano,2090,365,0.46707969850627107,4507.326563860691
qm_recentrado,EC-Earth3,ssp585,lejano,2091,365,0.3820864008858627,3687.139881930989
qm_recentrado,EC-Earth3,ssp585,lejano,2092,366,0.42110825267021396,4063.701375999607
qm_recentrado,EC-Earth3,ssp585,lejano,2093,365,0.49810148116758474,4806.687262890891
qm_recentrado,EC-Earth3,ssp585,lejano,2094,365,0.47583878688979314,4591.8519069070935
qm_recentrado,EC-Earth3,ssp585,lejano,2095,365,0.42895595992310415,4139.4318765533135
qm_recentrado,EC-Earth3,ssp585,lejano,2096,366,0.5025321446043852,4849.44323594663
qm_recentrado,EC-Earth3,ssp585,lejano,2097,365,0.4397334205834881,4243.434544365389
qm_recentrado,EC-Earth3,ssp585,lejano,2098,365,0.46249310311193864,4463.065844919857
qm_recentrado,EC-Earth3,ssp585,lejano,2099,365,0.43544792186817893,4202.079413194676
qm_recentrado,IPSL-CM6A-LR,historical,historico,1981,365,0.412121012909799,3976.974368515767
qm_recentrado,IPSL-CM6A-LR,historical,historico,1982,365,0.4219155939722251,4071.4922324814756
qm_recentrado,IPSL-CM6A-LR,historical,historico,1983,365,0.4610258377254748,4448.9067104642345
qm_recentrado,IPSL-CM6A-LR,historical,historico,1984,366,0.44373315747875847,4282.032069400539
qm_recentrado,IPSL-CM6A-LR,historical,historico,1985,365,0.4305712822049173,4155.019762417967
qm_recentrado,IPSL-CM6A-LR,historical,historico,1986,365,0.4620518934036308,4458.808164175331
qm_recentrado,IPSL-CM6A-LR,historical,historico,1987,365,0.49299902374857135,4757.448467158093
qm_recentrado,IPSL-CM6A-LR,historical,historico,1988,366,0.5063180034120923,4885.976834014746
qm_recentrado,IPSL-CM6A-LR,historical,historico,1989,365,0.42809495895791344,4131.123203463208
qm_recentrado,IPSL-CM6A-LR,historical,historico,1990,365,0.4818878752708326,4650.225706569539
qm_recentrado,IPSL-CM6A-LR,historical,historico,1991,365,0.44000735771780647,4246.078042094556
qm_recentrado,IPSL-CM6A-LR,historical,historico,1992,366,0.47724371546161315,4605.409490104014
qm_recentrado,IPSL-CM6A-LR,historical,historico,1993,365,0.4698955103269925,4534.499192983643
qm_recentrado,IPSL-CM6A-LR,historical,historico,1994,365,0.4926842303331757,4754.410705662831
qm_recentrado,IPSL-CM6A-LR,historical,historico,1995,365,0.4729665430359375,4564.1347077614855
qm_recentrado,IPSL-CM6A-LR,historical,historico,1996,366,0.4693844375946972,4529.567332939829
qm_recentrado,IPSL-CM6A-LR,historical,historico,1997,365,0.4487150701238868,4330.107606136629
qm_recentrado,IPSL-CM6A-LR,historical,historico,1998,365,0.4693775324158582,4529.500697853549
qm_recentrado,IPSL-CM6A-LR,historical,historico,1999,365,0.4977760722808224,4803.547061927091
qm_recentrado,IPSL-CM6A-LR,historical,historico,2000,366,0.4789004115374912,4621.396633743375
qm_recentrado,IPSL-CM6A-LR,historical,historico,2001,365,0.4759491382589577,4592.916799385153
qm_recentrado,IPSL-CM6A-LR,historical,historico,2002,365,0.4494958215165902,4337.641869568239
qm_recentrado,IPSL-CM6A-LR,historical,historico,2003,365,0.4602432013740043,4441.354257150363
qm_recentrado,IPSL-CM6A-LR,historical,historico,2004,366,0.4455115777230099,4299.1938532122895
qm_recentrado,IPSL-CM6A-LR,historical,historico,2005,365,0.5015916585705754,4840.367530672589
qm_recentrado,IPSL-CM6A-LR,historical,historico,2006,365,0.47770498581433546,4609.8607563881105
qm_recentrado,IPSL-CM6A-LR,historical,historico,2007,365,0.4527826191455579,4369.35951927654
qm_recentrado,IPSL-CM6A-LR,historical,historico,2008,366,0.449524324780079,4337.9169265169585
qm_recentrado,IPSL-CM6A-LR,historical,historico,2009,365,0.49603710109254234,4786.76596213665
qm_recentrado,IPSL-CM6A-LR,historical,historico,2010,365,0.43453484575285006,4193.268214072535
qm_recentrado,IPSL-CM6A-LR,historical,historico,2011,365,0.42275765225663625,4079.618108398976
qm_recentrado,IPSL-CM6A-LR,historical,historico,2012,366,0.46316906934037555,4469.588929839733
qm_recentrado,IPSL-CM6A-LR,historical,historico,2013,365,0.4703383904472126,4538.772993229848
qm_recentrado,IPSL-CM6A-LR,historical,historico,2014,365,0.42671110408720586,4117.768981819202
qm_recentrado,IPSL-CM6A-LR,ssp126,medio,2040,366,0.4705829502185012,4541.132998935739
qm_recentrado,IPSL-CM6A-LR,ssp126,medio,2041,365,0.5047286494700601,4870.639543044472
qm_recentrado,IPSL-CM6A-LR,ssp126,medio,2042,365,0.41895616880166386,4042.9337322347565
qm_recentrado,IPSL-CM6A-LR,ssp126,medio,2043,365,0.43812801488604475,4227.94235369857
qm_recentrado,IPSL-CM6A-LR,ssp126,medio,2044,366,0.5132124411010601,4952.508268024289
qm_recentrado,IPSL-CM6A-LR,ssp126,medio,2045,365,0.4513547700428411,4355.580752589736
qm_recentrado,IPSL-CM6A-LR,ssp126,medio,2046,365,0.4531576741106435,4372.978805690495
qm_recentrado,IPSL-CM6A-LR,ssp126,medio,2047,365,0.45281856991262925,4369.706444753991
qm_recentrado,IPSL-CM6A-LR,ssp126,medio,2048,366,0.4500545026901994,4343.0331518324665
qm_recentrado,IPSL-CM6A-LR,ssp126,medio,2049,365,0.44995874307158334,4342.109069980668
qm_recentrado,IPSL-CM6A-LR,ssp126,medio,2050,365,0.48383811099946444,4669.045512554609
qm_recentrado,IPSL-CM6A-LR,ssp126,medio,2051,365,0.3709661838023049,3579.829609151183
qm_recentrado,IPSL-CM6A-LR,ssp126,medio,2052,366,0.4583802592005797,4423.376835369741
qm_recentrado,IPSL-CM6A-LR,ssp126,medio,2053,365,0.5071628207072019,4894.129334429629
qm_recentrado,IPSL-CM6A-LR,ssp126,medio,2054,365,0.4286720001188554,4136.6916598989565
qm_recentrado,IPSL-CM6A-LR,ssp126,medio,2055,365,0.4661163855390547,4498.030578314047
qm_recentrado,IPSL-CM6A-LR,ssp126,medio,2056,366,0.48236847357435997,4654.86348788815
qm_recentrado,IPSL-CM6A-LR,ssp126,medio,2057,365,0.45813196260979233,4420.9807692958975
qm_recentrado,IPSL-CM6A-LR,ssp126,medio,2058,365,0.4762987342237902,4596.290406039323
qm_recentrado,IPSL-CM6A-LR,ssp126,medio,2059,365,0.455971125884644,4400.128660324829
qm_recentrado,IPSL-CM6A-LR,ssp126,medio,2060,366,0.46367590948112863,4474.479945307443
qm_recentrado,IPSL-CM6A-LR,ssp126,medio,2061,365,0.4909777986340649,4737.943612463504
qm_recentrado,IPSL-CM6A-LR,ssp126,medio,2062,365,0.5168706838734042,4987.810369309292
qm_recentrado,IPSL-CM6A-LR,ssp126,medio,2063,365,0.474555135643919,4579.464651845989
qm_recentrado,IPSL-CM6A-LR,ssp126,medio,2064,366,0.4724052322082782,4558.7180492936
qm_recentrado,IPSL-CM6A-LR,ssp126,medio,2065,365,0.46523130775846855,4489.489563570145
qm_recentrado,IPSL-CM6A-LR,ssp126,medio,2066,365,0.4344074132352729,4192.038488238995
qm_recentrado,IPSL-CM6A-LR,ssp126,medio,2067,365,0.5008110257923803,4832.834411872883
qm_recentrado,IPSL-CM6A-LR,ssp126,medio,2068,366,0.5112517171846089,4933.587250858951
qm_recentrado,IPSL-CM6A-LR,ssp126,medio,2069,365,0.4888967190033816,4717.861160730136
qm_recentrado,IPSL-CM6A-LR,ssp126,lejano,2070,365,0.4793882082781186,4626.1038800951765
qm_recentrado,IPSL-CM6A-LR,ssp126,lejano,2071,365,0.4512696202671234,4354.7590558916645
qm_recentrado,IPSL-CM6A-LR,ssp126,lejano,2072,366,0.4604708785759369,4443.551345791848
qm_recentrado,IPSL-CM6A-LR,ssp126,lejano,2073,365,0.46767897316098345,4513.10957386706
qm_recentrado,IPSL-CM6A-LR,ssp126,lejano,2074,365,0.4951001782760542,4777.724641966775
qm_recentrado,IPSL-CM6A-LR,ssp126,lejano,2075,365,0.4672469635495936,4508.940674204995
qm_recentrado,IPSL-CM6A-LR,ssp126,lejano,2076,366,0.5108808726259173,4930.008594934063
qm_recentrado,IPSL-CM6A-LR,ssp126,lejano,2077,365,0.4682127792046103,4518.260810728956
qm_recentrado,IPSL-CM6A-LR,ssp126,lejano,2078,365,0.47932611292244887,4625.504658919438
qm_recentrado,IPSL-CM6A-LR,ssp126,lejano,2079,365,0.46866201412024,4522.595934852541
qm_recentrado,IPSL-CM6A-LR,ssp126,lejano,2080,366,0.48318376041533107,4662.73101894811
qm_recentrado,IPSL-CM6A-LR,ssp126,lejano,2081,365,0.501329860464075,4837.841174756091
qm_recentrado,IPSL-CM6A-LR,ssp126,lejano,2082,365,0.5175248173227206,4994.122767561331
qm_recentrado,IPSL-CM6A-LR,ssp126,lejano,2083,365,0.4374150310708049,4221.062048473765
qm_recentrado,IPSL-CM6A-LR,ssp126,lejano,2084,366,0.4915634496988085,4743.595154608698
qm_recentrado,IPSL-CM6A-LR,ssp126,lejano,2085,365,0.455870649168378,4399.159058405234
qm_recentrado,IPSL-CM6A-LR,ssp126,lejano,2086,365,0.47322824018320203,4566.660089419743
qm_recentrado,IPSL-CM6A-LR,ssp126,lejano,2087,365,0.45599314235799127,4400.341119644893
qm_recentrado,IPSL-CM6A-LR,ssp126,lejano,2088,366,0.4432777732189442,4277.637604007183
qm_recentrado,IPSL-CM6A-LR,ssp126,lejano,2089,365,0.4228825670776458,4080.823538420355
qm_recentrado,IPSL-CM6A-LR,ssp126,lejano,2090,365,0.40580374049082457,3916.0125885963043
qm_recentrado,IPSL-CM6A-LR,ssp126,lejano,2091,365,0.439411806411831,4240.330962463072
qm_recentrado,IPSL-CM6A-LR,ssp126,lejano,2092,366,0.4869119937149629,4698.70852994129
qm_recentrado,IPSL-CM6A-LR,ssp126,lejano,2093,365,0.4738381769601653,4572.545989076426
qm_recentrado,IPSL-CM6A-LR,ssp126,lejano,2094,365,0.4807037612853196,4638.798987663514
qm_recentrado,IPSL-CM6A-LR,ssp126,lejano,2095,365,0.4588613354274343,4428.019228656108
qm_recentrado,IPSL-CM6A-LR,ssp126,lejano,2096,366,0.4593051626335153,4432.302168296024
qm_recentrado,IPSL-CM6A-LR,ssp126,lejano,2097,365,0.4438289707949313,4282.9566694346195
qm_recentrado,IPSL-CM6A-LR,ssp126,lejano,2098,365,0.49271010987119496,4754.660443618788
qm_recentrado,IPSL-CM6A-LR,ssp126,lejano,2099,365,0.45749690281233685,4414.852432089496
qm_recentrado,IPSL-CM6A-LR,ssp245,medio,2040,366,0.45729511176478516,4412.905145251964
qm_recentrado,IPSL-CM6A-LR,ssp245,medio,2041,365,0.4483359715478018,4326.449298811832
qm_recentrado,IPSL-CM6A-LR,ssp245,medio,2042,365,0.4600140445025247,4439.142889674075
qm_recentrado,IPSL-CM6A-LR,ssp245,medio,2043,365,0.48295295900037266,4660.50378160094
qm_recentrado,IPSL-CM6A-LR,ssp245,medio,2044,366,0.4677222570795017,4513.527264373305
qm_recentrado,IPSL-CM6A-LR,ssp245,medio,2045,365,0.47080576923519224,4543.283206011912
qm_recentrado,IPSL-CM6A-LR,ssp245,medio,2046,365,0.4343619409662436,4191.599680115306
qm_recentrado,IPSL-CM6A-LR,ssp245,medio,2047,365,0.47677068706551656,4600.844758513228
qm_recentrado,IPSL-CM6A-LR,ssp245,medio,2048,366,0.47207311378249145,4555.513101170862
qm_recentrado,IPSL-CM6A-LR,ssp245,medio,2049,365,0.4699529884169608,4535.0538574714865
qm_recentrado,IPSL-CM6A-LR,ssp245,medio,2050,365,0.49431974105573845,4770.193410303732
qm_recentrado,IPSL-CM6A-LR,ssp245,medio,2051,365,0.41629269219472875,4017.2311403622075
qm_recentrado,IPSL-CM6A-LR,ssp245,medio,2052,366,0.4988083723579007,4813.508774187699
qm_recentrado,IPSL-CM6A-LR,ssp245,medio,2053,365,0.4838865280852996,4669.51273820759
qm_recentrado,IPSL-CM6A-LR,ssp245,medio,2054,365,0.4745816830567968,4579.720834805017
qm_recentrado,IPSL-CM6A-LR,ssp245,medio,2055,365,0.44112751950758655,4256.8876212885225
qm_recentrado,IPSL-CM6A-LR,ssp245,medio,2056,366,0.4644369918295387,4481.824402146917
qm_recentrado,IPSL-CM6A-LR,ssp245,medio,2057,365,0.46367753522874566,4474.495633797958
qm_recentrado,IPSL-CM6A-LR,ssp245,medio,2058,365,0.4474252060982061,4317.660397650986
qm_recentrado,IPSL-CM6A-LR,ssp245,medio,2059,365,0.44075427940184353,4253.285848296259
qm_recentrado,IPSL-CM6A-LR,ssp245,medio,2060,366,0.4529079422983852,4370.568889706494
qm_recentrado,IPSL-CM6A-LR,ssp245,medio,2061,365,0.4912250872074549,4740.329951153334
qm_recentrado,IPSL-CM6A-LR,ssp245,medio,2062,365,0.47107972921933844,4545.926924242283
qm_recentrado,IPSL-CM6A-LR,ssp245,medio,2063,365,0.458498015401888,4424.513184596465
qm_recentrado,IPSL-CM6A-LR,ssp245,medio,2064,366,0.45479756617245365,4388.803790325235
qm_recentrado,IPSL-CM6A-LR,ssp245,medio,2065,365,0.4804715510564889,4636.558155239934
qm_recentrado,IPSL-CM6A-LR,ssp245,medio,2066,365,0.5119616508062178,4940.438121666413
qm_recentrado,IPSL-CM6A-LR,ssp245,medio,2067,365,0.49276555740587313,4755.195513215594
qm_recentrado,IPSL-CM6A-LR,ssp245,medio,2068,366,0.4628981597448687,4466.974647908539
qm_recentrado,IPSL-CM6A-LR,ssp245,medio,2069,365,0.435483757642806,4202.4252289932
qm_recentrado,IPSL-CM6A-LR,ssp245,lejano,2070,365,0.46269380570193863,4465.002628124598
qm_recentrado,IPSL-CM6A-LR,ssp245,lejano,2071,365,0.48533703753991214,4683.510177652753
qm_recentrado,IPSL-CM6A-LR,ssp245,lejano,2072,366,0.49555334632474,4782.097720887282
qm_recentrado,IPSL-CM6A-LR,ssp245,lejano,2073,365,0.4391624559967082,4237.924726967531
qm_recentrado,IPSL-CM6A-LR,ssp245,lejano,2074,365,0.4825791394163612,4656.896416634116
qm_recentrado,IPSL-CM6A-LR,ssp245,lejano,2075,365,0.5017265854432016,4841.669577152262
qm_recentrado,IPSL-CM6A-LR,ssp245,lejano,2076,366,0.4529181950490949,4370.667828914887
qm_recentrado,IPSL-CM6A-LR,ssp245,lejano,2077,365,0.44491900004911944,4293.475469178004
qm_recentrado,IPSL-CM6A-LR,ssp245,lejano,2078,365,0.45896518508003736,4429.021379465322
qm_recentrado,IPSL-CM6A-LR,ssp245,lejano,2079,365,0.4804835415409933,4636.6738636072505
qm_recentrado,IPSL-CM6A-LR,ssp245,lejano,2080,366,0.48639391408579125,4693.70905323051
qm_recentrado,IPSL-CM6A-LR,ssp245,lejano,2081,365,0.4865612079757817,4695.323441945621
qm_recentrado,IPSL-CM6A-LR,ssp245,lejano,2082,365,0.4262889706792088,4113.695387677895
qm_recentrado,IPSL-CM6A-LR,ssp245,lejano,2083,365,0.514375282745913,4963.729708502584
qm_recentrado,IPSL-CM6A-LR,ssp245,lejano,2084,366,0.5049250557978539,4872.534867250181
qm_recentrado,IPSL-CM6A-LR,ssp245,lejano,2085,365,0.46209665493465185,4459.240113665869
qm_recentrado,IPSL-CM6A-LR,ssp245,lejano,2086,365,0.44620424948864784,4305.878146833443
qm_recentrado,IPSL-CM6A-LR,ssp245,lejano,2087,365,0.4436161171028869,4280.902627900732
qm_recentrado,IPSL-CM6A-LR,ssp245,lejano,2088,366,0.46129125246847397,4451.467966980813
qm_recentrado,IPSL-CM6A-LR,ssp245,lejano,2089,365,0.47241432978438164,4558.805841048559
qm_recentrado,IPSL-CM6A-LR,ssp245,lejano,2090,365,0.44705833618385804,4314.120097107609
qm_recentrado,IPSL-CM6A-LR,ssp245,lejano,2091,365,0.4300226277423439,4149.725238075662
qm_recentrado,IPSL-CM6A-LR,ssp245,lejano,2092,366,0.49573253232599446,4783.826868666363
qm_recentrado,IPSL-CM6A-LR,ssp245,lejano,2093,365,0.4861046657617566,4690.917802275602
qm_recentrado,IPSL-CM6A-LR,ssp245,lejano,2094,365,0.4955448767578684,4782.0159894314575
qm_recentrado,IPSL-CM6A-LR,ssp245,lejano,2095,365,0.4766642780653021,4599.817909958614
qm_recentrado,IPSL-CM6A-LR,ssp245,lejano,2096,366,0.49453525997489456,4772.273171321891
qm_recentrado,IPSL-CM6A-LR,ssp245,lejano,2097,365,0.45244951637908876,4366.145072250468
qm_recentrado,IPSL-CM6A-LR,ssp245,lejano,2098,365,0.41634186584301053,4017.705666854905
qm_recentrado,IPSL-CM6A-LR,ssp245,lejano,2099,365,0.47963357024280573,4628.471626980198
qm_recentrado,IPSL-CM6A-LR,ssp585,medio,2040,366,0.49082530958849235,4736.472090733904
qm_recentrado,IPSL-CM6A-LR,ssp585,medio,2041,365,0.5055443927974345,4878.511479205527
qm_recentrado,IPSL-CM6A-LR,ssp585,medio,2042,365,0.44697225698429355,4313.289431454544
qm_recentrado,IPSL-CM6A-LR,ssp585,medio,2043,365,0.46174611339420635,4455.857382191905
qm_recentrado,IPSL-CM6A-LR,ssp585,medio,2044,366,0.47034579194366916,4538.844417789079
qm_recentrado,IPSL-CM6A-LR,ssp585,medio,2045,365,0.4631248748149068,4469.162451961847
qm_recentrado,IPSL-CM6A-LR,ssp585,medio,2046,365,0.4181475665715874,4035.1307077768834
qm_recentrado,IPSL-CM6A-LR,ssp585,medio,2047,365,0.4463674365009938,4307.452904113574
qm_recentrado,IPSL-CM6A-LR,ssp585,medio,2048,366,0.45234087992761873,4365.096728755599
qm_recentrado,IPSL-CM6A-LR,ssp585,medio,2049,365,0.432056521515261,4169.352345526613
qm_recentrado,IPSL-CM6A-LR,ssp585,medio,2050,365,0.46807782777447565,4516.958527268934
qm_recentrado,IPSL-CM6A-LR,ssp585,medio,2051,365,0.47280852335886575,4562.609815349427
qm_recentrado,IPSL-CM6A-LR,ssp585,medio,2052,366,0.5010915178975638,4835.541165175776
qm_recentrado,IPSL-CM6A-LR,ssp585,medio,2053,365,0.47698753450388953,4602.937339763086
qm_recentrado,IPSL-CM6A-LR,ssp585,medio,2054,365,0.45869953823214693,4426.457883132829
qm_recentrado,IPSL-CM6A-LR,ssp585,medio,2055,365,0.5007463601828245,4832.210387706019
qm_recentrado,IPSL-CM6A-LR,ssp585,medio,2056,366,0.4817921294350938,4649.3017577227265
qm_recentrado,IPSL-CM6A-LR,ssp585,medio,2057,365,0.4433556610804661,4278.389223117075
qm_recentrado,IPSL-CM6A-LR,ssp585,medio,2058,365,0.46514457427051265,4488.6525840236345
qm_recentrado,IPSL-CM6A-LR,ssp585,medio,2059,365,0.4939891074322854,4767.002790547273
qm_recentrado,IPSL-CM6A-LR,ssp585,medio,2060,366,0.45215544798947477,4363.307307585599
qm_recentrado,IPSL-CM6A-LR,ssp585,medio,2061,365,0.4781621853897187,4614.272739605751
qm_recentrado,IPSL-CM6A-LR,ssp585,medio,2062,365,0.47121348589705536,4547.217678322358
qm_recentrado,IPSL-CM6A-LR,ssp585,medio,2063,365,0.488636838620476,4715.353310877012
qm_recentrado,IPSL-CM6A-LR,ssp585,medio,2064,366,0.48374902246827217,4668.185806803185
qm_recentrado,IPSL-CM6A-LR,ssp585,medio,2065,365,0.5058198141331138,4881.169299501575
qm_recentrado,IPSL-CM6A-LR,ssp585,medio,2066,365,0.49333187818096,4760.660517756315
qm_recentrado,IPSL-CM6A-LR,ssp585,medio,2067,365,0.4609654588430136,4448.324053282423
qm_recentrado,IPSL-CM6A-LR,ssp585,medio,2068,366,0.5000181744398482,4825.183383635325
qm_recentrado,IPSL-CM6A-LR,ssp585,medio,2069,365,0.48431071974453793,4673.606194506307
qm_recentrado,IPSL-CM6A-LR,ssp585,lejano,2070,365,0.4867677347473475,4697.316428595659
qm_recentrado,IPSL-CM6A-LR,ssp585,lejano,2071,365,0.4692112766660811,4527.896327208108
qm_recentrado,IPSL-CM6A-LR,ssp585,lejano,2072,366,0.46273811426910466,4465.430206506689
qm_recentrado,IPSL-CM6A-LR,ssp585,lejano,2073,365,0.48699599761092893,4699.519168881426
qm_recentrado,IPSL-CM6A-LR,ssp585,lejano,2074,365,0.48987515016507965,4727.303037095421
qm_recentrado,IPSL-CM6A-LR,ssp585,lejano,2075,365,0.49084189893179797,4736.632178162232
qm_recentrado,IPSL-CM6A-LR,ssp585,lejano,2076,366,0.498739183766502,4812.841103173684
qm_recentrado,IPSL-CM6A-LR,ssp585,lejano,2077,365,0.47182175629202133,4553.087497366106
qm_recentrado,IPSL-CM6A-LR,ssp585,lejano,2078,365,0.45429599882245586,4383.963657372679
qm_recentrado,IPSL-CM6A-LR,ssp585,lejano,2079,365,0.4897900904355746,4726.482209344741
qm_recentrado,IPSL-CM6A-LR,ssp585,lejano,2080,366,0.5119963224905415,4940.772703974885
qm_recentrado,IPSL-CM6A-LR,ssp585,lejano,2081,365,0.46740369608353094,4510.45314566521
qm_recentrado,IPSL-CM6A-LR,ssp585,lejano,2082,365,0.4014435531905285,3873.9367113854505
qm_recentrado,IPSL-CM6A-LR,ssp585,lejano,2083,365,0.4717648866187298,4552.538704108927
qm_recentrado,IPSL-CM6A-LR,ssp585,lejano,2084,366,0.4460883221503437,4304.759446163971
qm_recentrado,IPSL-CM6A-LR,ssp585,lejano,2085,365,0.4573755401095212,4413.681280065522
qm_recentrado,IPSL-CM6A-LR,ssp585,lejano,2086,365,0.5210380941673665,5028.025945324593
qm_recentrado,IPSL-CM6A-LR,ssp585,lejano,2087,365,0.4952182449144648,4778.863986916504
qm_recentrado,IPSL-CM6A-LR,ssp585,lejano,2088,366,0.47950123861819205,4627.19462468537
qm_recentrado,IPSL-CM6A-LR,ssp585,lejano,2089,365,0.48982774684144254,4726.845594263869
qm_recentrado,IPSL-CM6A-LR,ssp585,lejano,2090,365,0.4559623145987259,4400.043631274739
qm_recentrado,IPSL-CM6A-LR,ssp585,lejano,2091,365,0.5039024829545637,4862.667022951267
qm_recentrado,IPSL-CM6A-LR,ssp585,lejano,2092,366,0.46369915201641804,4474.704236144866
qm_recentrado,IPSL-CM6A-LR,ssp585,lejano,2093,365,0.43051011828524327,4154.429529614489
qm_recentrado,IPSL-CM6A-LR,ssp585,lejano,2094,365,0.4816167558617724,4647.6093999341965
qm_recentrado,IPSL-CM6A-LR,ssp585,lejano,2095,365,0.4826717313017311,4657.789929809405
qm_recentrado,IPSL-CM6A-LR,ssp585,lejano,2096,366,0.45880204250784684,4427.447051033402
qm_recentrado,IPSL-CM6A-LR,ssp585,lejano,2097,365,0.4763864512418888,4597.136876667447
qm_recentrado,IPSL-CM6A-LR,ssp585,lejano,2098,365,0.49071493987472814,4735.407021230164
qm_recentrado,IPSL-CM6A-LR,ssp585,lejano,2099,365,0.3899892807453483,3763.4027990211025
qm_recentrado,MIROC6,historical,historico,1981,365,0.4846523893219477,4676.9033113950245
qm_recentrado,MIROC6,historical,historico,1982,365,0.49496323448430657,4776.40313218531
qm_recentrado,MIROC6,historical,historico,1983,365,0.5193250941509071,5011.49546775776
qm_recentrado,MIROC6,historical,historico,1984,366,0.5060059694707427,4882.965701488179
qm_recentrado,MIROC6,historical,historico,1985,365,0.4455760265372825,4299.8157853012
qm_recentrado,MIROC6,historical,historico,1986,365,0.499892357337298,4823.969246582642
qm_recentrado,MIROC6,historical,historico,1987,365,0.493896519390221,4766.109314459944
qm_recentrado,MIROC6,historical,historico,1988,366,0.48535134474226493,4683.648242384373
qm_recentrado,MIROC6,historical,historico,1989,365,0.48032363901381536,4635.130801661542
qm_recentrado,MIROC6,historical,historico,1990,365,0.48453718202221735,4675.79155910931
qm_recentrado,MIROC6,historical,historico,1991,365,0.46871027028492657,4523.061607613865
qm_recentrado,MIROC6,historical,historico,1992,366,0.5093691030050138,4915.419993904031
qm_recentrado,MIROC6,historical,historico,1993,365,0.5032427606332319,4856.300691994858
qm_recentrado,MIROC6,historical,historico,1994,365,0.4530707259200389,4372.13975425999
qm_recentrado,MIROC6,historical,historico,1995,365,0.40270265590580645,3886.087072733526
qm_recentrado,MIROC6,historical,historico,1996,366,0.48182368612487825,4649.606280284052
qm_recentrado,MIROC6,historical,historico,1997,365,0.4608524744628474,4447.233752206069
qm_recentrado,MIROC6,historical,historico,1998,365,0.5165639737918,4984.85061211445
qm_recentrado,MIROC6,historical,historico,1999,365,0.48382516001722564,4668.920535368788
qm_recentrado,MIROC6,historical,historico,2000,366,0.43634837338602256,4210.7687847490915
qm_recentrado,MIROC6,historical,historico,2001,365,0.4697048354742103,4532.6591776034975
qm_recentrado,MIROC6,historical,historico,2002,365,0.4917810672166164,4745.695167137424
qm_recentrado,MIROC6,historical,historico,2003,365,0.5119379941561496,4940.20983461475
qm_recentrado,MIROC6,historical,historico,2004,366,0.45783064124220096,4418.073013277499
qm_recentrado,MIROC6,historical,historico,2005,365,0.4609958396606617,4448.61722865882
qm_recentrado,MIROC6,historical,historico,2006,365,0.4770674886584789,4603.70889863414
qm_recentrado,MIROC6,historical,historico,2007,365,0.502760086665067,4851.642880479283
qm_recentrado,MIROC6,historical,historico,2008,366,0.4717016483317334,4551.928453627599
qm_recentrado,MIROC6,historical,historico,2009,365,0.45366046100382323,4377.83070725427
qm_recentrado,MIROC6,historical,historico,2010,365,0.47187437233680535,4553.5952430401285
qm_recentrado,MIROC6,historical,historico,2011,365,0.43314425888875824,4179.849028584658
qm_recentrado,MIROC6,historical,historico,2012,366,0.48780896733561907,4707.364339732201
qm_recentrado,MIROC6,historical,historico,2013,365,0.505291347586058,4876.069588867021
qm_recentrado,MIROC6,historical,historico,2014,365,0.4249038673699542,4100.329118581936
qm_recentrado,MIROC6,ssp126,medio,2040,366,0.4534250223192283,4375.55872018091
qm_recentrado,MIROC6,ssp126,medio,2041,365,0.45995869772803344,4438.608792414686
qm_recentrado,MIROC6,ssp126,medio,2042,365,0.4644345282755903,4481.800628811899
qm_recentrado,MIROC6,ssp126,medio,2043,365,0.43418520373087255,4189.8941629661795
qm_recentrado,MIROC6,ssp126,medio,2044,366,0.43709256531792284,4217.950248799
qm_recentrado,MIROC6,ssp126,medio,2045,365,0.45580643351456734,4398.53937631851
qm_recentrado,MIROC6,ssp126,medio,2046,365,0.3770912541933215,3638.9366364256193
qm_recentrado,MIROC6,ssp126,medio,2047,365,0.4617591853022644,4455.983526313817
qm_recentrado,MIROC6,ssp126,medio,2048,366,0.4194192560823527,4047.402531902801
qm_recentrado,MIROC6,ssp126,medio,2049,365,0.45561938508684424,4396.734355998208
qm_recentrado,MIROC6,ssp126,medio,2050,365,0.47009777399657443,4536.451040631327
qm_recentrado,MIROC6,ssp126,medio,2051,365,0.36654270501581804,3537.1429680859237
qm_recentrado,MIROC6,ssp126,medio,2052,366,0.3931214685340152,3793.628461296743
qm_recentrado,MIROC6,ssp126,medio,2053,365,0.4512537615213141,4354.606018740865
qm_recentrado,MIROC6,ssp126,medio,2054,365,0.4708592840526619,4543.7996248567315
qm_recentrado,MIROC6,ssp126,medio,2055,365,0.5010185394896451,4834.836922371707
qm_recentrado,MIROC6,ssp126,medio,2056,366,0.4599085305708143,4438.124678544847
qm_recentrado,MIROC6,ssp126,medio,2057,365,0.4414945780817558,4260.4297424021925
qm_recentrado,MIROC6,ssp126,medio,2058,365,0.429982696989712,4149.339905673873
qm_recentrado,MIROC6,ssp126,medio,2059,365,0.4867662033355779,4697.301650447579
qm_recentrado,MIROC6,ssp126,medio,2060,366,0.456926807730571,4409.351005428934
qm_recentrado,MIROC6,ssp126,medio,2061,365,0.4814826807841775,4646.315573290205
qm_recentrado,MIROC6,ssp126,medio,2062,365,0.460715000941622,4445.907130526666
qm_recentrado,MIROC6,ssp126,medio,2063,365,0.39054795303632905,3768.793995567824
qm_recentrado,MIROC6,ssp126,medio,2064,366,0.4423947726335401,4269.116634230023
qm_recentrado,MIROC6,ssp126,medio,2065,365,0.4478155519494056,4321.427241360596
qm_recentrado,MIROC6,ssp126,medio,2066,365,0.45437697831507073,4384.745110772085
qm_recentrado,MIROC6,ssp126,medio,2067,365,0.4028885656678677,3887.8811049119736
qm_recentrado,MIROC6,ssp126,medio,2068,366,0.40851347267991484,3942.1615475767403
qm_recentrado,MIROC6,ssp126,medio,2069,365,0.45831685960385166,4422.765028246921
qm_recentrado,MIROC6,ssp126,lejano,2070,365,0.4429354848609001,4274.334515875443
qm_recentrado,MIROC6,ssp126,lejano,2071,365,0.4574154316399684,4414.0662339726005
qm_recentrado,MIROC6,ssp126,lejano,2072,366,0.4365193089229947,4212.418315415841
qm_recentrado,MIROC6,ssp126,lejano,2073,365,0.46217496177935136,4459.995775970128
qm_recentrado,MIROC6,ssp126,lejano,2074,365,0.4051126538043159,3909.343591014109
qm_recentrado,MIROC6,ssp126,lejano,2075,365,0.46110863295302135,4449.705685734783
qm_recentrado,MIROC6,ssp126,lejano,2076,366,0.4712259393167015,4547.337854021198
qm_recentrado,MIROC6,ssp126,lejano,2077,365,0.43486108201464607,4196.416399218647
qm_recentrado,MIROC6,ssp126,lejano,2078,365,0.41563991814766327,4010.9318603636407
qm_recentrado,MIROC6,ssp126,lejano,2079,365,0.4258173578788209,4109.144316608347
qm_recentrado,MIROC6,ssp126,lejano,2080,366,0.47282229463013353,4562.742708337501
qm_recentrado,MIROC6,ssp126,lejano,2081,365,0.4821431207159834,4652.688829199172
qm_recentrado,MIROC6,ssp126,lejano,2082,365,0.4853888747124541,4684.010407197177
qm_recentrado,MIROC6,ssp126,lejano,2083,365,0.4736568770832208,4570.796442363114
qm_recentrado,MIROC6,ssp126,lejano,2084,366,0.44022142227149724,4248.143768462704
qm_recentrado,MIROC6,ssp126,lejano,2085,365,0.4081066811401271,3938.236002709124
qm_recentrado,MIROC6,ssp126,lejano,2086,365,0.4516266415483983,4358.2043169683075
qm_recentrado,MIROC6,ssp126,lejano,2087,365,0.3621986865605112,3495.2231204879176
qm_recentrado,MIROC6,ssp126,lejano,2088,366,0.45071634397244553,4349.419930795602
qm_recentrado,MIROC6,ssp126,lejano,2089,365,0.4463614268976114,4307.39491134478
qm_recentrado,MIROC6,ssp126,lejano,2090,365,0.45603899150632815,4400.783564659931
qm_recentrado,MIROC6,ssp126,lejano,2091,365,0.4554876412772945,4395.463026128153
qm_recentrado,MIROC6,ssp126,lejano,2092,366,0.4330170033982303,4178.621011064976
qm_recentrado,MIROC6,ssp126,lejano,2093,365,0.40192301041086137,3878.5634812329786
qm_recentrado,MIROC6,ssp126,lejano,2094,365,0.45011604132844335,4343.62700067614
qm_recentrado,MIROC6,ssp126,lejano,2095,365,0.4362502053927263,4209.8214620430945
qm_recentrado,MIROC6,ssp126,lejano,2096,366,0.46984174077502616,4533.980315946855
qm_recentrado,MIROC6,ssp126,lejano,2097,365,0.4399999569760972,4246.0066248186495
qm_recentrado,MIROC6,ssp126,lejano,2098,365,0.4949309855898584,4776.091929837903
qm_recentrado,MIROC6,ssp126,lejano,2099,365,0.42752220183829115,4125.596088094739
qm_recentrado,MIROC6,ssp245,medio,2040,366,0.44640549120054535,4307.820132573122
qm_recentrado,MIROC6,ssp245,medio,2041,365,0.42749536632209595,4125.337124934086
qm_recentrado,MIROC6,ssp245,medio,2042,365,0.44258291633130625,4270.932223923766
qm_recentrado,MIROC6,ssp245,medio,2043,365,0.4703474504405516,4538.860422310529
qm_recentrado,MIROC6,ssp245,medio,2044,366,0.43484658886192507,4196.276540062999
qm_recentrado,MIROC6,ssp245,medio,2045,365,0.35953339119550715,3469.5029775709027
qm_recentrado,MIROC6,ssp245,medio,2046,365,0.41913842611853147,4044.692518258646
qm_recentrado,MIROC6,ssp245,medio,2047,365,0.41415096870901386,3996.5634744574827
qm_recentrado,MIROC6,ssp245,medio,2048,366,0.44736080654299976,4317.038940912852
qm_recentrado,MIROC6,ssp245,medio,2049,365,0.41162810951212647,3972.2178428417724
qm_recentrado,MIROC6,ssp245,medio,2050,365,0.44605140403043264,4304.403185716139
qm_recentrado,MIROC6,ssp245,medio,2051,365,0.4482611575523527,4325.727342558724
qm_recentrado,MIROC6,ssp245,medio,2052,366,0.4424670847587555,4269.814447395347
qm_recentrado,MIROC6,ssp245,medio,2053,365,0.439310019546072,4239.348717579906
qm_recentrado,MIROC6,ssp245,medio,2054,365,0.4014701916598109,3874.1937730402415
qm_recentrado,MIROC6,ssp245,medio,2055,365,0.4369919629508073,4216.979434346697
qm_recentrado,MIROC6,ssp245,medio,2056,366,0.4536523596072346,4377.7525286475675
qm_recentrado,MIROC6,ssp245,medio,2057,365,0.4517334916413421,4359.2354220748175
qm_recentrado,MIROC6,ssp245,medio,2058,365,0.46274200447763286,4465.4677470812285
qm_recentrado,MIROC6,ssp245,medio,2059,365,0.46175072167196857,4455.901852146044
qm_recentrado,MIROC6,ssp245,medio,2060,366,0.46560073502912114,4493.054542642779
qm_recentrado,MIROC6,ssp245,medio,2061,365,0.40862210136382127,3943.209816114497
qm_recentrado,MIROC6,ssp245,medio,2062,365,0.4498535922894594,4341.09436325076
qm_recentrado,MIROC6,ssp245,medio,2063,365,0.4541398292855533,4382.456618842857
qm_recentrado,MIROC6,ssp245,medio,2064,366,0.468255181619212,4518.669994708301
qm_recentrado,MIROC6,ssp245,medio,2065,365,0.43957806699257906,4241.93537972746
qm_recentrado,MIROC6,ssp245,medio,2066,365,0.3949595735425924,3811.3662040391932
qm_recentrado,MIROC6,ssp245,medio,2067,365,0.4564673238242158,4404.916978380864
qm_recentrado,MIROC6,ssp245,medio,2068,366,0.44988032206946016,4341.3523060554435
qm_recentrado,MIROC6,ssp245,medio,2069,365,0.43673659733701387,4214.515152087741
qm_recentrado,MIROC6,ssp245,lejano,2070,365,0.42660060184120563,4116.702633377264
qm_recentrado,MIROC6,ssp245,lejano,2071,365,0.4276247088700101,4126.585282590939
qm_recentrado,MIROC6,ssp245,lejano,2072,366,0.4651296139172079,4488.508216374878
qm_recentrado,MIROC6,ssp245,lejano,2073,365,0.39628626184653176,3824.1687673992205
qm_recentrado,MIROC6,ssp245,lejano,2074,365,0.432049170885503,4169.281411831837
qm_recentrado,MIROC6,ssp245,lejano,2075,365,0.4226443069459553,4078.524324337379
qm_recentrado,MIROC6,ssp245,lejano,2076,366,0.4725947532504627,4560.546930383016
qm_recentrado,MIROC6,ssp245,lejano,2077,365,0.43599099705963784,4207.320097481457
qm_recentrado,MIROC6,ssp245,lejano,2078,365,0.4272789068313333,4123.248287384875
qm_recentrado,MIROC6,ssp245,lejano,2079,365,0.4221196033641084,4073.4609263773
qm_recentrado,MIROC6,ssp245,lejano,2080,366,0.43521536469305827,4199.835232733848
qm_recentrado,MIROC6,ssp245,lejano,2081,365,0.4650440317005087,4487.682346614415
qm_recentrado,MIROC6,ssp245,lejano,2082,365,0.44419981033652445,4286.535276944426
qm_recentrado,MIROC6,ssp245,lejano,2083,365,0.3991965541092996,3852.2531342996067
qm_recentrado,MIROC6,ssp245,lejano,2084,366,0.4322295956599692,4171.022513792233
qm_recentrado,MIROC6,ssp245,lejano,2085,365,0.4552794851104099,4393.454315787217
qm_recentrado,MIROC6,ssp245,lejano,2086,365,0.458030592805939,4420.002549066796
qm_recentrado,MIROC6,ssp245,lejano,2087,365,0.47907832595540356,4623.113510722859
qm_recentrado,MIROC6,ssp245,lejano,2088,366,0.463320021248638,4471.045618169696
qm_recentrado,MIROC6,ssp245,lejano,2089,365,0.4489068338917908,4331.958129565123
qm_recentrado,MIROC6,ssp245,lejano,2090,365,0.4814433287188182,4645.935825229854
qm_recentrado,MIROC6,ssp245,lejano,2091,365,0.4466227309938606,4309.91650005445
qm_recentrado,MIROC6,ssp245,lejano,2092,366,0.4545133092281029,4386.06070626414
qm_recentrado,MIROC6,ssp245,lejano,2093,365,0.44843086723896736,4327.365043749911
qm_recentrado,MIROC6,ssp245,lejano,2094,365,0.43700817795492486,4217.135909395872
qm_recentrado,MIROC6,ssp245,lejano,2095,365,0.4461155960572528,4305.022639802027
qm_recentrado,MIROC6,ssp245,lejano,2096,366,0.4281211274420523,4131.375729753843
qm_recentrado,MIROC6,ssp245,lejano,2097,365,0.41072805742642327,3963.532325813903
qm_recentrado,MIROC6,ssp245,lejano,2098,365,0.44319364795656707,4276.8257938792385
qm_recentrado,MIROC6,ssp245,lejano,2099,365,0.48147883993876406,4646.278509070512
qm_recentrado,MIROC6,ssp585,medio,2040,366,0.4567646012717244,4407.78571050576
qm_recentrado,MIROC6,ssp585,medio,2041,365,0.36419151333699035,3514.45393076617
qm_recentrado,MIROC6,ssp585,medio,2042,365,0.43459233741413444,4193.823009523796
qm_recentrado,MIROC6,ssp585,medio,2043,365,0.45758175791476513,4415.67128518561
qm_recentrado,MIROC6,ssp585,medio,2044,366,0.44291662117489133,4274.152481003639
qm_recentrado,MIROC6,ssp585,medio,2045,365,0.4386896284194397,4233.361933281648
qm_recentrado,MIROC6,ssp585,medio,2046,365,0.31973846852448495,3085.4813370767756
qm_recentrado,MIROC6,ssp585,medio,2047,365,0.4350713541387728,4198.445528580823
qm_recentrado,MIROC6,ssp585,medio,2048,366,0.45123494716630835,4354.424459914029
qm_recentrado,MIROC6,ssp585,medio,2049,365,0.44289778310128985,4273.970693291976
qm_recentrado,MIROC6,ssp585,medio,2050,365,0.45387121513217155,4379.864487964897
qm_recentrado,MIROC6,ssp585,medio,2051,365,0.4617919538633204,4456.299743452303
qm_recentrado,MIROC6,ssp585,medio,2052,366,0.4298906674860982,4148.451819491527
qm_recentrado,MIROC6,ssp585,medio,2053,365,0.48885606478367877,4717.468846859536
qm_recentrado,MIROC6,ssp585,medio,2054,365,0.447526835250667,4318.6411205983
qm_recentrado,MIROC6,ssp585,medio,2055,365,0.47165650621193433,4551.492831449265
qm_recentrado,MIROC6,ssp585,medio,2056,366,0.4545800225029621,4386.704490433944
qm_recentrado,MIROC6,ssp585,medio,2057,365,0.39770595637729544,3837.8688423362023
qm_recentrado,MIROC6,ssp585,medio,2058,365,0.41111051694836415,3967.223066319985
qm_recentrado,MIROC6,ssp585,medio,2059,365,0.4657922285461005,4494.902458145526
qm_recentrado,MIROC6,ssp585,medio,2060,366,0.46633598371436913,4500.1497042194005
qm_recentrado,MIROC6,ssp585,medio,2061,365,0.49071454824156374,4735.403241963862
qm_recentrado,MIROC6,ssp585,medio,2062,365,0.4251512932785519,4102.716782558718
qm_recentrado,MIROC6,ssp585,medio,2063,365,0.4563054202365212,4403.354606169153
qm_recentrado,MIROC6,ssp585,medio,2064,366,0.4210209175794474,4062.8585909763483
qm_recentrado,MIROC6,ssp585,medio,2065,365,0.4151842994980136,4006.5351331046227
qm_recentrado,MIROC6,ssp585,medio,2066,365,0.47697979498696447,4602.862653300927
qm_recentrado,MIROC6,ssp585,medio,2067,365,0.4476993928185752,4320.306303889535
qm_recentrado,MIROC6,ssp585,medio,2068,366,0.4435075119480843,4279.854586419205
qm_recentrado,MIROC6,ssp585,medio,2069,365,0.49189022638595914,4746.748554868127
qm_recentrado,MIROC6,ssp585,lejano,2070,365,0.4371616212351396,4218.616639505036
qm_recentrado,MIROC6,ssp585,lejano,2071,365,0.4109651301498602,3965.8200813882327
qm_recentrado,MIROC6,ssp585,lejano,2072,366,0.43414844672882297,4189.539457308289
qm_recentrado,MIROC6,ssp585,lejano,2073,365,0.4710068982244311,4545.224103976131
qm_recentrado,MIROC6,ssp585,lejano,2074,365,0.476614928879449,4599.341689525545
qm_recentrado,MIROC6,ssp585,lejano,2075,365,0.4591080479968565,4430.400008898432
qm_recentrado,MIROC6,ssp585,lejano,2076,366,0.40192713052920503,3878.6032404409166
qm_recentrado,MIROC6,ssp585,lejano,2077,365,0.41494791251073043,4004.2539948951485
qm_recentrado,MIROC6,ssp585,lejano,2078,365,0.48329203356692785,4663.775856593391
qm_recentrado,MIROC6,ssp585,lejano,2079,365,0.48232915927046055,4654.4841042264925
qm_recentrado,MIROC6,ssp585,lejano,2080,366,0.4594599703680446,4433.796065411156
qm_recentrado,MIROC6,ssp585,lejano,2081,365,0.4253864503444926,4104.986052007558
qm_recentrado,MIROC6,ssp585,lejano,2082,365,0.4188460771908367,4041.871346428809
qm_recentrado,MIROC6,ssp585,lejano,2083,365,0.41917709118388286,4045.0656367579286
qm_recentrado,MIROC6,ssp585,lejano,2084,366,0.41649007082318956,4019.135847284912
qm_recentrado,MIROC6,ssp585,lejano,2085,365,0.3954485123998277,3816.084471834535
qm_recentrado,MIROC6,ssp585,lejano,2086,365,0.45416023210902573,4382.6535064158115
qm_recentrado,MIROC6,ssp585,lejano,2087,365,0.39822312459778064,3842.8595239385763
qm_recentrado,MIROC6,ssp585,lejano,2088,366,0.4379465463990564,4226.191179895635
qm_recentrado,MIROC6,ssp585,lejano,2089,365,0.4729173719361325,4563.660205861629
qm_recentrado,MIROC6,ssp585,lejano,2090,365,0.41777226785597193,4031.5090691664145
qm_recentrado,MIROC6,ssp585,lejano,2091,365,0.436171983304272,4209.066617637957
qm_recentrado,MIROC6,ssp585,lejano,2092,366,0.4606034639367877,4444.830796645423
qm_recentrado,MIROC6,ssp585,lejano,2093,365,0.48197399387387363,4651.056752466782
qm_recentrado,MIROC6,ssp585,lejano,2094,365,0.4698259188958489,4533.827634559643
qm_recentrado,MIROC6,ssp585,lejano,2095,365,0.4581758155858174,4421.403951216187
qm_recentrado,MIROC6,ssp585,lejano,2096,366,0.4478194256831213,4321.464622952931
qm_recentrado,MIROC6,ssp585,lejano,2097,365,0.47956100637436305,4627.771384488706
qm_recentrado,MIROC6,ssp585,lejano,2098,365,0.46077367269269076,4446.473313863228
qm_recentrado,MIROC6,ssp585,lejano,2099,365,0.4617226455325059,4455.63091695101
qm_recentrado,MPI-ESM1-2-HR,historical,historico,1981,365,0.42791929796398714,4129.428072061243
qm_recentrado,MPI-ESM1-2-HR,historical,historico,1982,365,0.41325194760358674,3987.887906405773
qm_recentrado,MPI-ESM1-2-HR,historical,historico,1983,365,0.48932112442159703,4721.956679806402
qm_recentrado,MPI-ESM1-2-HR,historical,historico,1984,366,0.4734398569203812,4568.7021943193895
qm_recentrado,MPI-ESM1-2-HR,historical,historico,1985,365,0.47109478257149856,4546.072189331482
qm_recentrado,MPI-ESM1-2-HR,historical,historico,1986,365,0.47112004053857354,4546.315929117883
qm_recentrado,MPI-ESM1-2-HR,historical,historico,1987,365,0.45867112122749126,4426.18365858323
qm_recentrado,MPI-ESM1-2-HR,historical,historico,1988,366,0.42902512906253426,4140.09935985552
qm_recentrado,MPI-ESM1-2-HR,historical,historico,1989,365,0.4527175535112919,4368.731634864823
qm_recentrado,MPI-ESM1-2-HR,historical,historico,1990,365,0.4234971966277871,4086.7547234132917
qm_recentrado,MPI-ESM1-2-HR,historical,historico,1991,365,0.5047769912940354,4871.106042419301
qm_recentrado,MPI-ESM1-2-HR,historical,historico,1992,366,0.4755011936436194,4588.594126680025
qm_recentrado,MPI-ESM1-2-HR,historical,historico,1993,365,0.48963260068835146,4724.962430764202
qm_recentrado,MPI-ESM1-2-HR,historical,historico,1994,365,0.45400994436585823,4381.203227289641
qm_recentrado,MPI-ESM1-2-HR,historical,historico,1995,365,0.40237685104940596,3882.9430506563845
qm_recentrado,MPI-ESM1-2-HR,historical,historico,1996,366,0.35761148325389797,3450.9565351838473
qm_recentrado,MPI-ESM1-2-HR,historical,historico,1997,365,0.41664811078462055,4020.660935441361
qm_recentrado,MPI-ESM1-2-HR,historical,historico,1998,365,0.46989876934930747,4534.530642601127
qm_recentrado,MPI-ESM1-2-HR,historical,historico,1999,365,0.4976216761402993,4802.057136700706
qm_recentrado,MPI-ESM1-2-HR,historical,historico,2000,366,0.503263087195543,4856.496843646385
qm_recentrado,MPI-ESM1-2-HR,historical,historico,2001,365,0.495137246587107,4778.082351761527
qm_recentrado,MPI-ESM1-2-HR,historical,historico,2002,365,0.4505068737229532,4347.398539536478
qm_recentrado,MPI-ESM1-2-HR,historical,historico,2003,365,0.4351487833550369,4199.19272175664
qm_recentrado,MPI-ESM1-2-HR,historical,historico,2004,366,0.4592001352049609,4431.288651930036
qm_recentrado,MPI-ESM1-2-HR,historical,historico,2005,365,0.4386391748839281,4232.8750558567035
qm_recentrado,MPI-ESM1-2-HR,historical,historico,2006,365,0.4486937023992,4329.901407251517
qm_recentrado,MPI-ESM1-2-HR,historical,historico,2007,365,0.41917000963017553,4044.9972996513475
qm_recentrado,MPI-ESM1-2-HR,historical,historico,2008,366,0.4750724777411043,4584.4570113613
qm_recentrado,MPI-ESM1-2-HR,historical,historico,2009,365,0.4393142067123298,4239.389123801289
qm_recentrado,MPI-ESM1-2-HR,historical,historico,2010,365,0.44454289710222744,4289.846069722848
qm_recentrado,MPI-ESM1-2-HR,historical,historico,2011,365,0.42028283288653456,4055.7360618803846
qm_recentrado,MPI-ESM1-2-HR,historical,historico,2012,366,0.45454699802795606,4386.385803721743
qm_recentrado,MPI-ESM1-2-HR,historical,historico,2013,365,0.48671844289570243,4696.840761438615
qm_recentrado,MPI-ESM1-2-HR,historical,historico,2014,365,0.42032713356393536,4056.1635641261128
qm_recentrado,MPI-ESM1-2-HR,ssp126,medio,2040,366,0.39061929882316415,3769.482483552315
qm_recentrado,MPI-ESM1-2-HR,ssp126,medio,2041,365,0.3984981799958196,3845.5138129305387
qm_recentrado,MPI-ESM1-2-HR,ssp126,medio,2042,365,0.4245819478794708,4097.2225903480585
qm_recentrado,MPI-ESM1-2-HR,ssp126,medio,2043,365,0.4744719333790925,4578.661748659177
qm_recentrado,MPI-ESM1-2-HR,ssp126,medio,2044,366,0.4847230370682735,4677.585063277433
qm_recentrado,MPI-ESM1-2-HR,ssp126,medio,2045,365,0.446906397855751,4312.653889810362
qm_recentrado,MPI-ESM1-2-HR,ssp126,medio,2046,365,0.37918302390045455,3659.1222475677687
qm_recentrado,MPI-ESM1-2-HR,ssp126,medio,2047,365,0.4089174349436439,3946.059789885123
qm_recentrado,MPI-ESM1-2-HR,ssp126,medio,2048,366,0.4114248382202139,3970.2562716224757
qm_recentrado,MPI-ESM1-2-HR,ssp126,medio,2049,365,0.47079569407989696,4543.185980602111
qm_recentrado,MPI-ESM1-2-HR,ssp126,medio,2050,365,0.43436261986753316,4191.606231523612
qm_recentrado,MPI-ESM1-2-HR,ssp126,medio,2051,365,0.4178845780336741,4032.5928641782034
qm_recentrado,MPI-ESM1-2-HR,ssp126,medio,2052,366,0.44968993323372514,4339.515050744379
qm_recentrado,MPI-ESM1-2-HR,ssp126,medio,2053,365,0.43477671326906014,4195.602239473842
qm_recentrado,MPI-ESM1-2-HR,ssp126,medio,2054,365,0.45403860629061094,4381.479815322095
qm_recentrado,MPI-ESM1-2-HR,ssp126,medio,2055,365,0.4577546359493888,4417.339560985776
qm_recentrado,MPI-ESM1-2-HR,ssp126,medio,2056,366,0.4692593746404702,4528.360473430531
qm_recentrado,MPI-ESM1-2-HR,ssp126,medio,2057,365,0.44443582338415477,4288.812806630268
qm_recentrado,MPI-ESM1-2-HR,ssp126,medio,2058,365,0.4718792385236655,4553.642201821188
qm_recentrado,MPI-ESM1-2-HR,ssp126,medio,2059,365,0.4952185483350266,4778.86691492978
qm_recentrado,MPI-ESM1-2-HR,ssp126,medio,2060,366,0.4549083107672389,4389.8724774368275
qm_recentrado,MPI-ESM1-2-HR,ssp126,medio,2061,365,0.4164773649238162,4019.0132351526645
qm_recentrado,MPI-ESM1-2-HR,ssp126,medio,2062,365,0.47779892356643405,4610.767257198865
qm_recentrado,MPI-ESM1-2-HR,ssp126,medio,2063,365,0.47566171408462654,4590.143151504071
qm_recentrado,MPI-ESM1-2-HR,ssp126,medio,2064,366,0.48504931793197426,4680.733678832638
qm_recentrado,MPI-ESM1-2-HR,ssp126,medio,2065,365,0.48472834768439005,4677.636310807927
qm_recentrado,MPI-ESM1-2-HR,ssp126,medio,2066,365,0.5186362605690401,5004.848212671405
qm_recentrado,MPI-ESM1-2-HR,ssp126,medio,2067,365,0.4645565452141098,4482.978094220883
qm_recentrado,MPI-ESM1-2-HR,ssp126,medio,2068,366,0.44605486846918463,4304.436617605527
qm_recentrado,MPI-ESM1-2-HR,ssp126,medio,2069,365,0.4546088766803321,4386.9829337072315
qm_recentrado,MPI-ESM1-2-HR,ssp126,lejano,2070,365,0.4512797180162327,4354.856499332132
qm_recentrado,MPI-ESM1-2-HR,ssp126,lejano,2071,365,0.43870523007807755,4233.512489537129
qm_recentrado,MPI-ESM1-2-HR,ssp126,lejano,2072,366,0.4726655282829393,4561.229910578816
qm_recentrado,MPI-ESM1-2-HR,ssp126,lejano,2073,365,0.41605841044655845,4014.970317743856
qm_recentrado,MPI-ESM1-2-HR,ssp126,lejano,2074,365,0.43496828367154006,4197.4508969229
qm_recentrado,MPI-ESM1-2-HR,ssp126,lejano,2075,365,0.49507007998553326,4777.434192981676
qm_recentrado,MPI-ESM1-2-HR,ssp126,lejano,2076,366,0.4696896840547974,4532.512966163738
qm_recentrado,MPI-ESM1-2-HR,ssp126,lejano,2077,365,0.5024698509125415,4848.84210082364
qm_recentrado,MPI-ESM1-2-HR,ssp126,lejano,2078,365,0.4399565362563836,4245.587614178682
qm_recentrado,MPI-ESM1-2-HR,ssp126,lejano,2079,365,0.4817657265784019,4649.046969733203
qm_recentrado,MPI-ESM1-2-HR,ssp126,lejano,2080,366,0.5092663080943273,4914.428021371187
qm_recentrado,MPI-ESM1-2-HR,ssp126,lejano,2081,365,0.5209980069547602,5027.639103081547
qm_recentrado,MPI-ESM1-2-HR,ssp126,lejano,2082,365,0.4385816365052271,4232.319809581625
qm_recentrado,MPI-ESM1-2-HR,ssp126,lejano,2083,365,0.4959381345525353,4785.810933442119
qm_recentrado,MPI-ESM1-2-HR,ssp126,lejano,2084,366,0.49046065504217334,4732.953168527453
qm_recentrado,MPI-ESM1-2-HR,ssp126,lejano,2085,365,0.41584749866323006,4012.9350156601486
qm_recentrado,MPI-ESM1-2-HR,ssp126,lejano,2086,365,0.4807169789614494,4638.926538449648
qm_recentrado,MPI-ESM1-2-HR,ssp126,lejano,2087,365,0.4905665970602971,4733.975510697419
qm_recentrado,MPI-ESM1-2-HR,ssp126,lejano,2088,366,0.48917513823126635,4720.5479107339315
qm_recentrado,MPI-ESM1-2-HR,ssp126,lejano,2089,365,0.4268658405871489,4119.262191519436
qm_recentrado,MPI-ESM1-2-HR,ssp126,lejano,2090,365,0.47477803712778566,4581.615654731725
qm_recentrado,MPI-ESM1-2-HR,ssp126,lejano,2091,365,0.4844215795079547,4674.675992997035
qm_recentrado,MPI-ESM1-2-HR,ssp126,lejano,2092,366,0.4990665301109368,4816.000000635021
qm_recentrado,MPI-ESM1-2-HR,ssp126,lejano,2093,365,0.5024358969804023,4848.514444835234
qm_recentrado,MPI-ESM1-2-HR,ssp126,lejano,2094,365,0.4269708014743725,4120.275065760518
qm_recentrado,MPI-ESM1-2-HR,ssp126,lejano,2095,365,0.38630289067311596,3727.8290758418193
qm_recentrado,MPI-ESM1-2-HR,ssp126,lejano,2096,366,0.38739422493792813,3738.360468958605
qm_recentrado,MPI-ESM1-2-HR,ssp126,lejano,2097,365,0.47580413290093315,4591.517495360131
qm_recentrado,MPI-ESM1-2-HR,ssp126,lejano,2098,365,0.42186650357867456,4071.018509398267
qm_recentrado,MPI-ESM1-2-HR,ssp126,lejano,2099,365,0.4261662363991145,4112.5109999112365
qm_recentrado,MPI-ESM1-2-HR,ssp245,medio,2040,366,0.46490997142284435,4486.388662789991
qm_recentrado,MPI-ESM1-2-HR,ssp245,medio,2041,365,0.43868270027810063,4233.295076606875
qm_recentrado,MPI-ESM1-2-HR,ssp245,medio,2042,365,0.39731059830347226,3834.05363059808
qm_recentrado,MPI-ESM1-2-HR,ssp245,medio,2043,365,0.4302422687197348,4151.84477702174
qm_recentrado,MPI-ESM1-2-HR,ssp245,medio,2044,366,0.458098452504089,4420.657396239699
qm_recentrado,MPI-ESM1-2-HR,ssp245,medio,2045,365,0.4692490570287473,4528.260908312323
qm_recentrado,MPI-ESM1-2-HR,ssp245,medio,2046,365,0.47017688041347194,4537.214418820091
qm_recentrado,MPI-ESM1-2-HR,ssp245,medio,2047,365,0.44858374348476127,4328.840301967842
qm_recentrado,MPI-ESM1-2-HR,ssp245,medio,2048,366,0.4354338411069621,4201.943533623641
qm_recentrado,MPI-ESM1-2-HR,ssp245,medio,2049,365,0.3905326983400766,3768.646787504912
qm_recentrado,MPI-ESM1-2-HR,ssp245,medio,2050,365,0.4798041928670997,4630.118138034597
qm_recentrado,MPI-ESM1-2-HR,ssp245,medio,2051,365,0.49999024054276053,4824.913821081487
qm_recentrado,MPI-ESM1-2-HR,ssp245,medio,2052,366,0.4240448001706521,4092.039106363595
qm_recentrado,MPI-ESM1-2-HR,ssp245,medio,2053,365,0.43790542695843004,4225.794376635681
qm_recentrado,MPI-ESM1-2-HR,ssp245,medio,2054,365,0.4389978138733579,4236.335927842925
qm_recentrado,MPI-ESM1-2-HR,ssp245,medio,2055,365,0.4520200606096137,4362.0008172037415
qm_recentrado,MPI-ESM1-2-HR,ssp245,medio,2056,366,0.4674988576487026,4511.371456291702
qm_recentrado,MPI-ESM1-2-HR,ssp245,medio,2057,365,0.5323736931727342,5137.414657095976
qm_recentrado,MPI-ESM1-2-HR,ssp245,medio,2058,365,0.521853319931303,5035.892886990193
qm_recentrado,MPI-ESM1-2-HR,ssp245,medio,2059,365,0.45516777689210347,4392.376329693229
qm_recentrado,MPI-ESM1-2-HR,ssp245,medio,2060,366,0.4708914554056636,4544.11007892794
qm_recentrado,MPI-ESM1-2-HR,ssp245,medio,2061,365,0.48252555365823135,4656.379313210791
qm_recentrado,MPI-ESM1-2-HR,ssp245,medio,2062,365,0.5051079509124377,4874.299808032238
qm_recentrado,MPI-ESM1-2-HR,ssp245,medio,2063,365,0.4487487559278377,4330.432674683729
qm_recentrado,MPI-ESM1-2-HR,ssp245,medio,2064,366,0.4911572659147177,4739.675474593281
qm_recentrado,MPI-ESM1-2-HR,ssp245,medio,2065,365,0.423759902279569,4089.2898371562765
qm_recentrado,MPI-ESM1-2-HR,ssp245,medio,2066,365,0.3513368793591553,3390.4065072059184
qm_recentrado,MPI-ESM1-2-HR,ssp245,medio,2067,365,0.42665928835145384,4117.268959140142
qm_recentrado,MPI-ESM1-2-HR,ssp245,medio,2068,366,0.4137280647529994,3992.4824445154795
qm_recentrado,MPI-ESM1-2-HR,ssp245,medio,2069,365,0.4859785531586287,4689.700813637617
qm_recentrado,MPI-ESM1-2-HR,ssp245,lejano,2070,365,0.4555318616185536,4395.889753128828
qm_recentrado,MPI-ESM1-2-HR,ssp245,lejano,2071,365,0.40460177240054407,3904.4135772936083
qm_recentrado,MPI-ESM1-2-HR,ssp245,lejano,2072,366,0.45553730469331705,4395.9422788873835
qm_recentrado,MPI-ESM1-2-HR,ssp245,lejano,2073,365,0.4717846294644139,4552.729222885665
qm_recentrado,MPI-ESM1-2-HR,ssp245,lejano,2074,365,0.4834192777780036,4665.0037652661795
qm_recentrado,MPI-ESM1-2-HR,ssp245,lejano,2075,365,0.42629192252388126,4113.723873026214
qm_recentrado,MPI-ESM1-2-HR,ssp245,lejano,2076,366,0.4153913182924122,4008.53286778287
qm_recentrado,MPI-ESM1-2-HR,ssp245,lejano,2077,365,0.49391646360853875,4766.301776485817
qm_recentrado,MPI-ESM1-2-HR,ssp245,lejano,2078,365,0.4603322916805946,4442.213980034405
qm_recentrado,MPI-ESM1-2-HR,ssp245,lejano,2079,365,0.47756705256681115,4608.529698342568
qm_recentrado,MPI-ESM1-2-HR,ssp245,lejano,2080,366,0.4981459799195671,4807.116676559502
qm_recentrado,MPI-ESM1-2-HR,ssp245,lejano,2081,365,0.4889076013925003,4717.96617595925
qm_recentrado,MPI-ESM1-2-HR,ssp245,lejano,2082,365,0.45196940134689584,4361.511954507966
qm_recentrado,MPI-ESM1-2-HR,ssp245,lejano,2083,365,0.47688236999787603,4601.922500597424
qm_recentrado,MPI-ESM1-2-HR,ssp245,lejano,2084,366,0.4988009610707785,4813.437255148389
qm_recentrado,MPI-ESM1-2-HR,ssp245,lejano,2085,365,0.4884078995131691,4713.144044828474
qm_recentrado,MPI-ESM1-2-HR,ssp245,lejano,2086,365,0.5003054289704518,4827.955394451724
qm_recentrado,MPI-ESM1-2-HR,ssp245,lejano,2087,365,0.4446832986778687,4291.200947174212
qm_recentrado,MPI-ESM1-2-HR,ssp245,lejano,2088,366,0.46173903438146396,4455.7890696056775
qm_recentrado,MPI-ESM1-2-HR,ssp245,lejano,2089,365,0.4706413100190635,4541.696171944923
qm_recentrado,MPI-ESM1-2-HR,ssp245,lejano,2090,365,0.4780401635673482,4613.095227067526
qm_recentrado,MPI-ESM1-2-HR,ssp245,lejano,2091,365,0.418696556509669,4040.4284694632097
qm_recentrado,MPI-ESM1-2-HR,ssp245,lejano,2092,366,0.41195012354397,3975.3252834012865
qm_recentrado,MPI-ESM1-2-HR,ssp245,lejano,2093,365,0.47131513836392613,4548.1986262541
qm_recentrado,MPI-ESM1-2-HR,ssp245,lejano,2094,365,0.4774554920124569,4607.453137208081
qm_recentrado,MPI-ESM1-2-HR,ssp245,lejano,2095,365,0.4167395663026545,4021.5434826536766
qm_recentrado,MPI-ESM1-2-HR,ssp245,lejano,2096,366,0.5005117715981737,4829.946604110722
qm_recentrado,MPI-ESM1-2-HR,ssp245,lejano,2097,365,0.4579464709776574,4419.190772077929
qm_recentrado,MPI-ESM1-2-HR,ssp245,lejano,2098,365,0.48450556454256066,4675.486449924742
qm_recentrado,MPI-ESM1-2-HR,ssp245,lejano,2099,365,0.49220906917825036,4749.825392915222
qm_recentrado,MPI-ESM1-2-HR,ssp585,medio,2040,366,0.413970673205145,3994.8236199604203
qm_recentrado,MPI-ESM1-2-HR,ssp585,medio,2041,365,0.4494964354295908,4337.647793838518
qm_recentrado,MPI-ESM1-2-HR,ssp585,medio,2042,365,0.42751371706871233,4125.514209932547
qm_recentrado,MPI-ESM1-2-HR,ssp585,medio,2043,365,0.42548521092532465,4105.939093192757
qm_recentrado,MPI-ESM1-2-HR,ssp585,medio,2044,366,0.37419528352430587,3610.990473134088
qm_recentrado,MPI-ESM1-2-HR,ssp585,medio,2045,365,0.4390253233813281,4236.601395034991
qm_recentrado,MPI-ESM1-2-HR,ssp585,medio,2046,365,0.39295237314348325,3791.9966880725833
qm_recentrado,MPI-ESM1-2-HR,ssp585,medio,2047,365,0.4589230378026409,4428.614657564089
qm_recentrado,MPI-ESM1-2-HR,ssp585,medio,2048,366,0.4892984514123657,4721.737884904552
qm_recentrado,MPI-ESM1-2-HR,ssp585,medio,2049,365,0.432223378411138,4170.962517241536
qm_recentrado,MPI-ESM1-2-HR,ssp585,medio,2050,365,0.4471573924725205,4315.075991878102
qm_recentrado,MPI-ESM1-2-HR,ssp585,medio,2051,365,0.35647404905199787,3439.9802769365638
qm_recentrado,MPI-ESM1-2-HR,ssp585,medio,2052,366,0.4464163739747525,4307.925151518345
qm_recentrado,MPI-ESM1-2-HR,ssp585,medio,2053,365,0.47321416011836104,4566.524216568746
qm_recentrado,MPI-ESM1-2-HR,ssp585,medio,2054,365,0.4647933355139804,4485.263124403278
qm_recentrado,MPI-ESM1-2-HR,ssp585,medio,2055,365,0.44689363549967986,4312.530732870078
qm_recentrado,MPI-ESM1-2-HR,ssp585,medio,2056,366,0.4779387373087035,4612.116462048785
qm_recentrado,MPI-ESM1-2-HR,ssp585,medio,2057,365,0.4877881574901978,4707.163524390929
qm_recentrado,MPI-ESM1-2-HR,ssp585,medio,2058,365,0.4541179730963426,4382.245706267275
qm_recentrado,MPI-ESM1-2-HR,ssp585,medio,2059,365,0.5066931900104611,4889.59739069199
qm_recentrado,MPI-ESM1-2-HR,ssp585,medio,2060,366,0.48641482075227727,4693.910802896607
qm_recentrado,MPI-ESM1-2-HR,ssp585,medio,2061,365,0.435262115767364,4200.286381348915
qm_recentrado,MPI-ESM1-2-HR,ssp585,medio,2062,365,0.4595911593249849,4435.062040944653
qm_recentrado,MPI-ESM1-2-HR,ssp585,medio,2063,365,0.401642101729467,3875.8527079629844
qm_recentrado,MPI-ESM1-2-HR,ssp585,medio,2064,366,0.45271228879214087,4368.68083024078
qm_recentrado,MPI-ESM1-2-HR,ssp585,medio,2065,365,0.46007072022085416,4439.689811262766
qm_recentrado,MPI-ESM1-2-HR,ssp585,medio,2066,365,0.4887717661435679,4716.6553636336885
qm_recentrado,MPI-ESM1-2-HR,ssp585,medio,2067,365,0.4835457326592543,4666.224056893527
qm_recentrado,MPI-ESM1-2-HR,ssp585,medio,2068,366,0.4668349674457441,4504.96490521091
qm_recentrado,MPI-ESM1-2-HR,ssp585,medio,2069,365,0.45833899663551503,4422.978650956666
qm_recentrado,MPI-ESM1-2-HR,ssp585,lejano,2070,365,0.4660458544832267,4497.349952496809
qm_recentrado,MPI-ESM1-2-HR,ssp585,lejano,2071,365,0.47119167450409605,4547.007198031319
qm_recentrado,MPI-ESM1-2-HR,ssp585,lejano,2072,366,0.47983392458667534,4630.40504960421
qm_recentrado,MPI-ESM1-2-HR,ssp585,lejano,2073,365,0.4169425365805908,4023.502149083286
qm_recentrado,MPI-ESM1-2-HR,ssp585,lejano,2074,365,0.4377216420909674,4224.020849724108
qm_recentrado,MPI-ESM1-2-HR,ssp585,lejano,2075,365,0.4564307717334974,4404.564250120597
qm_recentrado,MPI-ESM1-2-HR,ssp585,lejano,2076,366,0.4481492671870428,4324.647598743238
qm_recentrado,MPI-ESM1-2-HR,ssp585,lejano,2077,365,0.4713786608401362,4548.811619165887
qm_recentrado,MPI-ESM1-2-HR,ssp585,lejano,2078,365,0.5004234848172451,4829.094635262171
qm_recentrado,MPI-ESM1-2-HR,ssp585,lejano,2079,365,0.4841739666858202,4672.286525301632
qm_recentrado,MPI-ESM1-2-HR,ssp585,lejano,2080,366,0.4634577559720595,4472.37476045447
qm_recentrado,MPI-ESM1-2-HR,ssp585,lejano,2081,365,0.45934462015075106,4432.68293396867
qm_recentrado,MPI-ESM1-2-HR,ssp585,lejano,2082,365,0.5122037642083338,4942.774519870647
qm_recentrado,MPI-ESM1-2-HR,ssp585,lejano,2083,365,0.4883956164448005,4713.0255130221885
qm_recentrado,MPI-ESM1-2-HR,ssp585,lejano,2084,366,0.4927598737368668,4755.140665718744
qm_recentrado,MPI-ESM1-2-HR,ssp585,lejano,2085,365,0.4684717188190616,4520.759582151446
qm_recentrado,MPI-ESM1-2-HR,ssp585,lejano,2086,365,0.4290176908854977,4140.027581328106
qm_recentrado,MPI-ESM1-2-HR,ssp585,lejano,2087,365,0.47127998599764337,4547.859405357034
qm_recentrado,MPI-ESM1-2-HR,ssp585,lejano,2088,366,0.4999006994766908,4824.049748361258
qm_recentrado,MPI-ESM1-2-HR,ssp585,lejano,2089,365,0.46165719747919987,4454.999342189438
qm_recentrado,MPI-ESM1-2-HR,ssp585,lejano,2090,365,0.48407244356925705,4671.306825602428
qm_recentrado,MPI-ESM1-2-HR,ssp585,lejano,2091,365,0.4186580336543444,4040.0567232929616
qm_recentrado,MPI-ESM1-2-HR,ssp585,lejano,2092,366,0.42489379274509204,4100.231898290822
qm_recentrado,MPI-ESM1-2-HR,ssp585,lejano,2093,365,0.48898712251503884,4718.733556064085
qm_recentrado,MPI-ESM1-2-HR,ssp585,lejano,2094,365,0.49684602013399426,4794.5720438293665
qm_recentrado,MPI-ESM1-2-HR,ssp585,lejano,2095,365,0.5208741190830176,5026.443583137025
qm_recentrado,MPI-ESM1-2-HR,ssp585,lejano,2096,366,0.5160126305968931,4979.530141462107
qm_recentrado,MPI-ESM1-2-HR,ssp585,lejano,2097,365,0.5309406250417363,5123.585526702756
qm_recentrado,MPI-ESM1-2-HR,ssp585,lejano,2098,365,0.526193213980065,5077.77293399905
qm_recentrado,MPI-ESM1-2-HR,ssp585,lejano,2099,365,0.46441639172494015,4481.62561080794
qm_recentrado,MPI-ESM1-2-LR,historical,historico,1981,365,0.4812858120425738,4644.415786783829
qm_recentrado,MPI-ESM1-2-LR,historical,historico,1982,365,0.44847039978938774,4327.746533493988
qm_recentrado,MPI-ESM1-2-LR,historical,historico,1983,365,0.41586273885845537,4013.082083787916
qm_recentrado,MPI-ESM1-2-LR,historical,historico,1984,366,0.4355043434737335,4202.623882591024
qm_recentrado,MPI-ESM1-2-LR,historical,historico,1985,365,0.4627540842304543,4465.584316889231
qm_recentrado,MPI-ESM1-2-LR,historical,historico,1986,365,0.41911509354434495,4044.467358544425
qm_recentrado,MPI-ESM1-2-LR,historical,historico,1987,365,0.40220219376401234,3881.2576050578186
qm_recentrado,MPI-ESM1-2-LR,historical,historico,1988,366,0.45358068513051913,4377.060868800471
qm_recentrado,MPI-ESM1-2-LR,historical,historico,1989,365,0.4628947322043339,4466.941572087537
qm_recentrado,MPI-ESM1-2-LR,historical,historico,1990,365,0.4883525424191709,4712.609847985677
qm_recentrado,MPI-ESM1-2-LR,historical,historico,1991,365,0.4377245754790023,4224.04915696558
qm_recentrado,MPI-ESM1-2-LR,historical,historico,1992,366,0.47043874213678655,4539.7413886398635
qm_recentrado,MPI-ESM1-2-LR,historical,historico,1993,365,0.46730281158229475,4509.479608614129
qm_recentrado,MPI-ESM1-2-LR,historical,historico,1994,365,0.4496400535170965,4339.0337106808365
qm_recentrado,MPI-ESM1-2-LR,historical,historico,1995,365,0.4791516857242809,4623.821433666282
qm_recentrado,MPI-ESM1-2-LR,historical,historico,1996,366,0.46747301746193226,4511.122098075924
qm_recentrado,MPI-ESM1-2-LR,historical,historico,1997,365,0.48994892547868096,4728.014970052079
qm_recentrado,MPI-ESM1-2-LR,historical,historico,1998,365,0.4506311162949532,4348.597482344159
qm_recentrado,MPI-ESM1-2-LR,historical,historico,1999,365,0.42668070295542654,4117.475610411113
qm_recentrado,MPI-ESM1-2-LR,historical,historico,2000,366,0.4532246716579038,4373.625333093519
qm_recentrado,MPI-ESM1-2-LR,historical,historico,2001,365,0.48512878590438263,4681.500546037867
qm_recentrado,MPI-ESM1-2-LR,historical,historico,2002,365,0.5071121981866109,4893.640826295966
qm_recentrado,MPI-ESM1-2-LR,historical,historico,2003,365,0.49531811483661936,4779.827733263214
qm_recentrado,MPI-ESM1-2-LR,historical,historico,2004,366,0.4302238012890779,4151.666566020423
qm_recentrado,MPI-ESM1-2-LR,historical,historico,2005,365,0.40702584182288987,3927.805886004356
qm_recentrado,MPI-ESM1-2-LR,historical,historico,2006,365,0.4412186992708674,4257.767507463059
qm_recentrado,MPI-ESM1-2-LR,historical,historico,2007,365,0.48925694644700374,4721.337361324729
qm_recentrado,MPI-ESM1-2-LR,historical,historico,2008,366,0.4883347136489415,4712.437800067703
qm_recentrado,MPI-ESM1-2-LR,historical,historico,2009,365,0.4438677236024429,4283.330634647152
qm_recentrado,MPI-ESM1-2-LR,historical,historico,2010,365,0.42926073641395474,4142.372974566446
qm_recentrado,MPI-ESM1-2-LR,historical,historico,2011,365,0.47614609955119647,4594.817479006638
qm_recentrado,MPI-ESM1-2-LR,historical,historico,2012,366,0.43701735632356603,4217.224480800112
qm_recentrado,MPI-ESM1-2-LR,historical,historico,2013,365,0.41615963814168594,4015.947166621479
qm_recentrado,MPI-ESM1-2-LR,historical,historico,2014,365,0.4372171716870191,4219.1527022544815
qm_recentrado,MPI-ESM1-2-LR,ssp126,medio,2040,366,0.48018094125804983,4633.753766035241
qm_recentrado,MPI-ESM1-2-LR,ssp126,medio,2041,365,0.4839690621017755,4670.309192787126
qm_recentrado,MPI-ESM1-2-LR,ssp126,medio,2042,365,0.506320026032811,4885.9963523370425
qm_recentrado,MPI-ESM1-2-LR,ssp126,medio,2043,365,0.4889107196701669,4717.996267388625
qm_recentrado,MPI-ESM1-2-LR,ssp126,medio,2044,366,0.47354059444182717,4569.674313013143
qm_recentrado,MPI-ESM1-2-LR,ssp126,medio,2045,365,0.45470701093355437,4387.929930820975
qm_recentrado,MPI-ESM1-2-LR,ssp126,medio,2046,365,0.46526599564888593,4489.82430226768
qm_recentrado,MPI-ESM1-2-LR,ssp126,medio,2047,365,0.49449247720578005,4771.860316915412
qm_recentrado,MPI-ESM1-2-LR,ssp126,medio,2048,366,0.4614553400458301,4453.051414727701
qm_recentrado,MPI-ESM1-2-LR,ssp126,medio,2049,365,0.4098584770372962,3955.1408611455404
qm_recentrado,MPI-ESM1-2-LR,ssp126,medio,2050,365,0.4612895904497462,4451.451928473498
qm_recentrado,MPI-ESM1-2-LR,ssp126,medio,2051,365,0.4565289497398987,4405.511669453219
qm_recentrado,MPI-ESM1-2-LR,ssp126,medio,2052,366,0.394950308802106,3811.276799145264
qm_recentrado,MPI-ESM1-2-LR,ssp126,medio,2053,365,0.44233122139386466,4268.503363750336
qm_recentrado,MPI-ESM1-2-LR,ssp126,medio,2054,365,0.45901092956548556,4429.462814481808
qm_recentrado,MPI-ESM1-2-LR,ssp126,medio,2055,365,0.46594369676545144,4496.364128885754
qm_recentrado,MPI-ESM1-2-LR,ssp126,medio,2056,366,0.4798557357651702,4630.615527825665
qm_recentrado,MPI-ESM1-2-LR,ssp126,medio,2057,365,0.4870890730492717,4700.41734835064
qm_recentrado,MPI-ESM1-2-LR,ssp126,medio,2058,365,0.4844371419068011,4674.8261703949
qm_recentrado,MPI-ESM1-2-LR,ssp126,medio,2059,365,0.47579658555679766,4591.4446633684665
qm_recentrado,MPI-ESM1-2-LR,ssp126,medio,2060,366,0.46665030751410824,4503.182933916065
qm_recentrado,MPI-ESM1-2-LR,ssp126,medio,2061,365,0.42007367410081997,4053.717676251698
qm_recentrado,MPI-ESM1-2-LR,ssp126,medio,2062,365,0.4097221939042477,3953.825726731093
qm_recentrado,MPI-ESM1-2-LR,ssp126,medio,2063,365,0.4615190305549673,4453.666029159923
qm_recentrado,MPI-ESM1-2-LR,ssp126,medio,2064,366,0.45223615979805326,4364.08617782977
qm_recentrado,MPI-ESM1-2-LR,ssp126,medio,2065,365,0.44589852948472625,4302.927943904079
qm_recentrado,MPI-ESM1-2-LR,ssp126,medio,2066,365,0.46724789585968013,4508.949671012247
qm_recentrado,MPI-ESM1-2-LR,ssp126,medio,2067,365,0.49235071024821486,4751.192231506637
qm_recentrado,MPI-ESM1-2-LR,ssp126,medio,2068,366,0.43296016868187975,4178.072555142838
qm_recentrado,MPI-ESM1-2-LR,ssp126,medio,2069,365,0.42500682329746375,4101.322644929697
qm_recentrado,MPI-ESM1-2-LR,ssp126,lejano,2070,365,0.47641964785705987,4597.457224534993
qm_recentrado,MPI-ESM1-2-LR,ssp126,lejano,2071,365,0.46195439355164913,4457.86728904371
qm_recentrado,MPI-ESM1-2-LR,ssp126,lejano,2072,366,0.44784032675662516,4321.66631864666
qm_recentrado,MPI-ESM1-2-LR,ssp126,lejano,2073,365,0.4179097278142511,4032.835559963168
qm_recentrado,MPI-ESM1-2-LR,ssp126,lejano,2074,365,0.4196430565596206,4049.5622100892433
qm_recentrado,MPI-ESM1-2-LR,ssp126,lejano,2075,365,0.4384741365501852,4231.2824332954715
qm_recentrado,MPI-ESM1-2-LR,ssp126,lejano,2076,366,0.4701373726556353,4536.833168324843
qm_recentrado,MPI-ESM1-2-LR,ssp126,lejano,2077,365,0.4887796537610969,4716.731479269044
qm_recentrado,MPI-ESM1-2-LR,ssp126,lejano,2078,365,0.49125373148734985,4740.606368912629
qm_recentrado,MPI-ESM1-2-LR,ssp126,lejano,2079,365,0.4058998528410666,3916.9400743139377
qm_recentrado,MPI-ESM1-2-LR,ssp126,lejano,2080,366,0.47139128938020475,4548.933484779605
qm_recentrado,MPI-ESM1-2-LR,ssp126,lejano,2081,365,0.40090512973026216,3868.740916379105
qm_recentrado,MPI-ESM1-2-LR,ssp126,lejano,2082,365,0.4578330829682881,4418.096575973308
qm_recentrado,MPI-ESM1-2-LR,ssp126,lejano,2083,365,0.44623341900765967,4306.15963315862
qm_recentrado,MPI-ESM1-2-LR,ssp126,lejano,2084,366,0.4368784061922406,4215.88360980962
qm_recentrado,MPI-ESM1-2-LR,ssp126,lejano,2085,365,0.46334875238269996,4471.322874073092
qm_recentrado,MPI-ESM1-2-LR,ssp126,lejano,2086,365,0.4968124144373191,4794.2477483187595
qm_recentrado,MPI-ESM1-2-LR,ssp126,lejano,2087,365,0.4845952167511354,4676.351595171925
qm_recentrado,MPI-ESM1-2-LR,ssp126,lejano,2088,366,0.47567317426656985,4590.253742443188
qm_recentrado,MPI-ESM1-2-LR,ssp126,lejano,2089,365,0.49668698604554684,4793.0373623313035
qm_recentrado,MPI-ESM1-2-LR,ssp126,lejano,2090,365,0.49091507619603997,4737.338339933005
qm_recentrado,MPI-ESM1-2-LR,ssp126,lejano,2091,365,0.45038754801387343,4346.247044534647
qm_recentrado,MPI-ESM1-2-LR,ssp126,lejano,2092,366,0.4669739053197568,4506.3056579181375
qm_recentrado,MPI-ESM1-2-LR,ssp126,lejano,2093,365,0.44848470670971957,4327.884595504101
qm_recentrado,MPI-ESM1-2-LR,ssp126,lejano,2094,365,0.3908757800718987,3771.957531706303
qm_recentrado,MPI-ESM1-2-LR,ssp126,lejano,2095,365,0.4238843119425826,4090.4903923949123
qm_recentrado,MPI-ESM1-2-LR,ssp126,lejano,2096,366,0.44895501975008556,4332.423123868642
qm_recentrado,MPI-ESM1-2-LR,ssp126,lejano,2097,365,0.5180920993435614,4999.597048138956
qm_recentrado,MPI-ESM1-2-LR,ssp126,lejano,2098,365,0.4645920310079577,4483.3205326992875
qm_recentrado,MPI-ESM1-2-LR,ssp126,lejano,2099,365,0.45789814130493917,4418.724389962924
qm_recentrado,MPI-ESM1-2-LR,ssp245,medio,2040,366,0.4791521147374115,4623.825573649856
qm_recentrado,MPI-ESM1-2-LR,ssp245,medio,2041,365,0.49508130448060883,4777.542509538746
qm_recentrado,MPI-ESM1-2-LR,ssp245,medio,2042,365,0.443016252504082,4275.113924924432
qm_recentrado,MPI-ESM1-2-LR,ssp245,medio,2043,365,0.3691666852862354,3562.464419679136
qm_recentrado,MPI-ESM1-2-LR,ssp245,medio,2044,366,0.44971969662309624,4339.802267928024
qm_recentrado,MPI-ESM1-2-LR,ssp245,medio,2045,365,0.4550570916917511,4391.308215738865
qm_recentrado,MPI-ESM1-2-LR,ssp245,medio,2046,365,0.4375033343691377,4221.914176715529
qm_recentrado,MPI-ESM1-2-LR,ssp245,medio,2047,365,0.46355189491932725,4473.2832028018265
qm_recentrado,MPI-ESM1-2-LR,ssp245,medio,2048,366,0.45517847133535494,4392.479531241715
qm_recentrado,MPI-ESM1-2-LR,ssp245,medio,2049,365,0.45001330587895916,4342.635601944849
qm_recentrado,MPI-ESM1-2-LR,ssp245,medio,2050,365,0.45149565911644246,4356.940334404215
qm_recentrado,MPI-ESM1-2-LR,ssp245,medio,2051,365,0.46425662920818994,4480.0838999651
qm_recentrado,MPI-ESM1-2-LR,ssp245,medio,2052,366,0.43737529012713827,4220.678547731526
qm_recentrado,MPI-ESM1-2-LR,ssp245,medio,2053,365,0.4454420383051445,4298.522796717257
qm_recentrado,MPI-ESM1-2-LR,ssp245,medio,2054,365,0.4553255305023448,4393.898654556115
qm_recentrado,MPI-ESM1-2-LR,ssp245,medio,2055,365,0.42566420033566194,4107.666343866344
qm_recentrado,MPI-ESM1-2-LR,ssp245,medio,2056,366,0.42402792019591995,4091.8762143373497
qm_recentrado,MPI-ESM1-2-LR,ssp245,medio,2057,365,0.39642668028762706,3825.5238076024852
qm_recentrado,MPI-ESM1-2-LR,ssp245,medio,2058,365,0.4600739978511372,4439.721440447439
qm_recentrado,MPI-ESM1-2-LR,ssp245,medio,2059,365,0.4872110117491421,4701.594058755409
qm_recentrado,MPI-ESM1-2-LR,ssp245,medio,2060,366,0.4604947602337913,4443.781804172249
qm_recentrado,MPI-ESM1-2-LR,ssp245,medio,2061,365,0.466564827752226,4502.358052846225
qm_recentrado,MPI-ESM1-2-LR,ssp245,medio,2062,365,0.42445169594030724,4095.9656570510992
qm_recentrado,MPI-ESM1-2-LR,ssp245,medio,2063,365,0.5064068513951326,4886.834218472652
qm_recentrado,MPI-ESM1-2-LR,ssp245,medio,2064,366,0.4443558305405391,4288.04087440949
qm_recentrado,MPI-ESM1-2-LR,ssp245,medio,2065,365,0.4461203322163805,4305.0683438133865
qm_recentrado,MPI-ESM1-2-LR,ssp245,medio,2066,365,0.49171087803191277,4745.017840382007
qm_recentrado,MPI-ESM1-2-LR,ssp245,medio,2067,365,0.48299208543584876,4660.8813523293065
qm_recentrado,MPI-ESM1-2-LR,ssp245,medio,2068,366,0.47919432563979186,4624.232909533202
qm_recentrado,MPI-ESM1-2-LR,ssp245,medio,2069,365,0.4627058139475457,4465.118507886838
qm_recentrado,MPI-ESM1-2-LR,ssp245,lejano,2070,365,0.4981647024610592,4807.29734938446
qm_recentrado,MPI-ESM1-2-LR,ssp245,lejano,2071,365,0.493586972612205,4763.12218309934
qm_recentrado,MPI-ESM1-2-LR,ssp245,lejano,2072,366,0.504281840537086,4866.327829692327
qm_recentrado,MPI-ESM1-2-LR,ssp245,lejano,2073,365,0.47857830589814915,4618.288309170034
qm_recentrado,MPI-ESM1-2-LR,ssp245,lejano,2074,365,0.4913278697410346,4741.321804246899
qm_recentrado,MPI-ESM1-2-LR,ssp245,lejano,2075,365,0.4671119845593429,4507.638124789411
qm_recentrado,MPI-ESM1-2-LR,ssp245,lejano,2076,366,0.4659252244523407,4496.185870768679
qm_recentrado,MPI-ESM1-2-LR,ssp245,lejano,2077,365,0.433987533772823,4187.986644708282
qm_recentrado,MPI-ESM1-2-LR,ssp245,lejano,2078,365,0.48449730248372136,4675.4067209247505
qm_recentrado,MPI-ESM1-2-LR,ssp245,lejano,2079,365,0.46114113396893275,4450.019321058344
qm_recentrado,MPI-ESM1-2-LR,ssp245,lejano,2080,366,0.5019988046568247,4844.296496919233
qm_recentrado,MPI-ESM1-2-LR,ssp245,lejano,2081,365,0.4911540626401567,4739.644562942513
qm_recentrado,MPI-ESM1-2-LR,ssp245,lejano,2082,365,0.4651604006625798,4488.805308960305
qm_recentrado,MPI-ESM1-2-LR,ssp245,lejano,2083,365,0.4660270699840788,4497.16868177948
qm_recentrado,MPI-ESM1-2-LR,ssp245,lejano,2084,366,0.4477469388178308,4320.765123543088
qm_recentrado,MPI-ESM1-2-LR,ssp245,lejano,2085,365,0.41476331487470963,4002.4726247539857
qm_recentrado,MPI-ESM1-2-LR,ssp245,lejano,2086,365,0.4351756389854748,4199.451879020055
qm_recentrado,MPI-ESM1-2-LR,ssp245,lejano,2087,365,0.48573777394544354,4687.377290377913
qm_recentrado,MPI-ESM1-2-LR,ssp245,lejano,2088,366,0.47921726058465575,4624.454232118097
qm_recentrado,MPI-ESM1-2-LR,ssp245,lejano,2089,365,0.45787886828892826,4418.53840505005
qm_recentrado,MPI-ESM1-2-LR,ssp245,lejano,2090,365,0.46384413222735993,4476.103297500139
qm_recentrado,MPI-ESM1-2-LR,ssp245,lejano,2091,365,0.4610443865732706,4449.085707142246
qm_recentrado,MPI-ESM1-2-LR,ssp245,lejano,2092,366,0.5050465321579672,4873.707116068897
qm_recentrado,MPI-ESM1-2-LR,ssp245,lejano,2093,365,0.4510429546116486,4352.5717286896825
qm_recentrado,MPI-ESM1-2-LR,ssp245,lejano,2094,365,0.4519834914876097,4361.647924591296
qm_recentrado,MPI-ESM1-2-LR,ssp245,lejano,2095,365,0.4722877412820792,4557.584259975924
qm_recentrado,MPI-ESM1-2-LR,ssp245,lejano,2096,366,0.48321254790744533,4663.008818707614
qm_recentrado,MPI-ESM1-2-LR,ssp245,lejano,2097,365,0.49650232920391163,4791.255420855015
qm_recentrado,MPI-ESM1-2-LR,ssp245,lejano,2098,365,0.48308857147076517,4661.812444110027
qm_recentrado,MPI-ESM1-2-LR,ssp245,lejano,2099,365,0.48263148979547105,4657.401598630132
qm_recentrado,MPI-ESM1-2-LR,ssp585,medio,2040,366,0.4428690781722812,4273.693690267764
qm_recentrado,MPI-ESM1-2-LR,ssp585,medio,2041,365,0.4795875437694077,4628.027470775484
qm_recentrado,MPI-ESM1-2-LR,ssp585,medio,2042,365,0.4726917032855539,4561.4824997728465
qm_recentrado,MPI-ESM1-2-LR,ssp585,medio,2043,365,0.4568729927578653,4408.831690081283
qm_recentrado,MPI-ESM1-2-LR,ssp585,medio,2044,366,0.46315267752837436,4469.430748591652
qm_recentrado,MPI-ESM1-2-LR,ssp585,medio,2045,365,0.3984518400006862,3845.0666312360613
qm_recentrado,MPI-ESM1-2-LR,ssp585,medio,2046,365,0.46586401436776653,4495.595192473177
qm_recentrado,MPI-ESM1-2-LR,ssp585,medio,2047,365,0.46766143645744823,4512.940344397359
qm_recentrado,MPI-ESM1-2-LR,ssp585,medio,2048,366,0.47474227778368544,4581.270576489008
qm_recentrado,MPI-ESM1-2-LR,ssp585,medio,2049,365,0.4848809320772908,4679.108752640769
qm_recentrado,MPI-ESM1-2-LR,ssp585,medio,2050,365,0.46800923761423646,4516.296631125184
qm_recentrado,MPI-ESM1-2-LR,ssp585,medio,2051,365,0.49556216499708006,4782.182821216462
qm_recentrado,MPI-ESM1-2-LR,ssp585,medio,2052,366,0.4726697409189592,4561.270562583811
qm_recentrado,MPI-ESM1-2-LR,ssp585,medio,2053,365,0.4695322034960746,4530.993276252376
qm_recentrado,MPI-ESM1-2-LR,ssp585,medio,2054,365,0.4171769018828468,4025.7637779999013
qm_recentrado,MPI-ESM1-2-LR,ssp585,medio,2055,365,0.42161535637803504,4068.5949348937397
qm_recentrado,MPI-ESM1-2-LR,ssp585,medio,2056,366,0.40547486208519234,3912.8389067198987
qm_recentrado,MPI-ESM1-2-LR,ssp585,medio,2057,365,0.43038129085381166,4153.186342839936
qm_recentrado,MPI-ESM1-2-LR,ssp585,medio,2058,365,0.48115865624408627,4643.1887312939325
qm_recentrado,MPI-ESM1-2-LR,ssp585,medio,2059,365,0.46648742201182297,4501.611086212843
qm_recentrado,MPI-ESM1-2-LR,ssp585,medio,2060,366,0.48769867458623245,4706.300012935936
qm_recentrado,MPI-ESM1-2-LR,ssp585,medio,2061,365,0.48294556898412677,4660.432467825926
qm_recentrado,MPI-ESM1-2-LR,ssp585,medio,2062,365,0.4729030291835256,4563.521798069489
qm_recentrado,MPI-ESM1-2-LR,ssp585,medio,2063,365,0.40676922068393606,3925.3294879075133
qm_recentrado,MPI-ESM1-2-LR,ssp585,medio,2064,366,0.48959424437136057,4724.592291691539
qm_recentrado,MPI-ESM1-2-LR,ssp585,medio,2065,365,0.4685386630622076,4521.4055951689115
qm_recentrado,MPI-ESM1-2-LR,ssp585,medio,2066,365,0.46411695701114614,4478.7360610288715
qm_recentrado,MPI-ESM1-2-LR,ssp585,medio,2067,365,0.462420948002303,4462.369546957391
qm_recentrado,MPI-ESM1-2-LR,ssp585,medio,2068,366,0.46924506896330453,4528.222423416992
qm_recentrado,MPI-ESM1-2-LR,ssp585,medio,2069,365,0.5161796212791211,4981.141604217459
qm_recentrado,MPI-ESM1-2-LR,ssp585,lejano,2070,365,0.46508832984170445,4488.109824385725
qm_recentrado,MPI-ESM1-2-LR,ssp585,lejano,2071,365,0.4613918712959591,4452.438940275946
qm_recentrado,MPI-ESM1-2-LR,ssp585,lejano,2072,366,0.41541677951677863,4008.7785690053856
qm_recentrado,MPI-ESM1-2-LR,ssp585,lejano,2073,365,0.45380614887780757,4379.236597569225
qm_recentrado,MPI-ESM1-2-LR,ssp585,lejano,2074,365,0.49696466121988775,4795.716932206496
qm_recentrado,MPI-ESM1-2-LR,ssp585,lejano,2075,365,0.46339522854280024,4471.771369761678
qm_recentrado,MPI-ESM1-2-LR,ssp585,lejano,2076,366,0.47197317347529705,4554.5486756073915
qm_recentrado,MPI-ESM1-2-LR,ssp585,lejano,2077,365,0.43937798577620807,4240.00459278818
qm_recentrado,MPI-ESM1-2-LR,ssp585,lejano,2078,365,0.4227565657695029,4079.6076237807547
qm_recentrado,MPI-ESM1-2-LR,ssp585,lejano,2079,365,0.5026971956013322,4851.035980707984
qm_recentrado,MPI-ESM1-2-LR,ssp585,lejano,2080,366,0.4682906728965659,4519.012486102627
qm_recentrado,MPI-ESM1-2-LR,ssp585,lejano,2081,365,0.46409152707007884,4478.490661690694
qm_recentrado,MPI-ESM1-2-LR,ssp585,lejano,2082,365,0.48194256521819656,4650.75346543664
qm_recentrado,MPI-ESM1-2-LR,ssp585,lejano,2083,365,0.480028176991623,4632.279588419993
qm_recentrado,MPI-ESM1-2-LR,ssp585,lejano,2084,366,0.49279872582424405,4755.515588983569
qm_recentrado,MPI-ESM1-2-LR,ssp585,lejano,2085,365,0.49459246198780016,4772.825171661663
qm_recentrado,MPI-ESM1-2-LR,ssp585,lejano,2086,365,0.4519426213343147,4361.253526958078
qm_recentrado,MPI-ESM1-2-LR,ssp585,lejano,2087,365,0.5163525899892424,4982.810755037629
qm_recentrado,MPI-ESM1-2-LR,ssp585,lejano,2088,366,0.4591258430439312,4430.571731387425
qm_recentrado,MPI-ESM1-2-LR,ssp585,lejano,2089,365,0.47476761516154353,4581.515082590738
qm_recentrado,MPI-ESM1-2-LR,ssp585,lejano,2090,365,0.45804547518790983,4420.146164290933
qm_recentrado,MPI-ESM1-2-LR,ssp585,lejano,2091,365,0.486352523076519,4693.309629328777
qm_recentrado,MPI-ESM1-2-LR,ssp585,lejano,2092,366,0.4697507674333343,4533.102421743955
qm_recentrado,MPI-ESM1-2-LR,ssp585,lejano,2093,365,0.4700767979784464,4536.248621720775
qm_recentrado,MPI-ESM1-2-LR,ssp585,lejano,2094,365,0.4770304330679925,4603.351311593056
qm_recentrado,MPI-ESM1-2-LR,ssp585,lejano,2095,365,0.49460784664850643,4772.973633883634
qm_recentrado,MPI-ESM1-2-LR,ssp585,lejano,2096,366,0.5155024304510424,4974.6067018914455
qm_recentrado,MPI-ESM1-2-LR,ssp585,lejano,2097,365,0.5121178119964904,4941.945079651124
qm_recentrado,MPI-ESM1-2-LR,ssp585,lejano,2098,365,0.507908742808714,4901.327494643974
qm_recentrado,MPI-ESM1-2-LR,ssp585,lejano,2099,365,0.42559563363454456,4107.004674103493
qm_recentrado,NorESM2-MM,historical,historico,1981,365,0.48016717735839287,4633.620944183328
qm_recentrado,NorESM2-MM,historical,historico,1982,365,0.4645228924958164,4482.653344950908
qm_recentrado,NorESM2-MM,historical,historico,1983,365,0.4588427613536426,4427.8399885468325
qm_recentrado,NorESM2-MM,historical,historico,1984,365,0.4446505999579621,4290.885404003933
qm_recentrado,NorESM2-MM,historical,historico,1985,365,0.4402143806348612,4248.0758165565
qm_recentrado,NorESM2-MM,historical,historico,1986,365,0.36034167726052363,3477.302951030889
qm_recentrado,NorESM2-MM,historical,historico,1987,365,0.4438711786205006,4283.363975626688
qm_recentrado,NorESM2-MM,historical,historico,1988,365,0.4833779383757731,4664.604839373224
qm_recentrado,NorESM2-MM,historical,historico,1989,365,0.4824492592937306,4655.6430713726495
qm_recentrado,NorESM2-MM,historical,historico,1990,365,0.481118927961035,4642.805352726835
qm_recentrado,NorESM2-MM,historical,historico,1991,365,0.4313684212088557,4162.712166560197
qm_recentrado,NorESM2-MM,historical,historico,1992,365,0.46918556978508325,4527.648255395169
qm_recentrado,NorESM2-MM,historical,historico,1993,365,0.4856473577183027,4686.504772339344
qm_recentrado,NorESM2-MM,historical,historico,1994,365,0.49603199561777556,4786.716694223464
qm_recentrado,NorESM2-MM,historical,historico,1995,365,0.49706732747593485,4796.7076632200105
qm_recentrado,NorESM2-MM,historical,historico,1996,365,0.49265178713908286,4754.097628320744
qm_recentrado,NorESM2-MM,historical,historico,1997,365,0.42028242644236724,4055.7321396876664
qm_recentrado,NorESM2-MM,historical,historico,1998,365,0.43250348130565325,4173.665514655254
qm_recentrado,NorESM2-MM,historical,historico,1999,365,0.358758276821843,3462.0231114632143
qm_recentrado,NorESM2-MM,historical,historico,2000,365,0.44209343603718054,4266.208731253769
qm_recentrado,NorESM2-MM,historical,historico,2001,365,0.4532778127356875,4374.138145344387
qm_recentrado,NorESM2-MM,historical,historico,2002,365,0.46253472404228446,4463.467487563629
qm_recentrado,NorESM2-MM,historical,historico,2003,365,0.48027271428805823,4634.63937724319
qm_recentrado,NorESM2-MM,historical,historico,2004,365,0.4730727527912733,4565.159633599832
qm_recentrado,NorESM2-MM,historical,historico,2005,365,0.46303024775725354,4468.249299341461
qm_recentrado,NorESM2-MM,historical,historico,2006,365,0.43049406076422375,4154.2745742797315
qm_recentrado,NorESM2-MM,historical,historico,2007,365,0.4462721192124181,4306.533090753742
qm_recentrado,NorESM2-MM,historical,historico,2008,365,0.4266825539425107,4117.493472466092
qm_recentrado,NorESM2-MM,historical,historico,2009,365,0.43553893006649463,4202.957643764554
qm_recentrado,NorESM2-MM,historical,historico,2010,365,0.43331383907734283,4181.485480117783
qm_recentrado,NorESM2-MM,historical,historico,2011,365,0.38514803620380555,3716.6847117353027
qm_recentrado,NorESM2-MM,historical,historico,2012,365,0.44840025176547954,4327.069603940905
qm_recentrado,NorESM2-MM,historical,historico,2013,365,0.4844202470156641,4674.66313442511
qm_recentrado,NorESM2-MM,historical,historico,2014,365,0.49280443833256804,4755.570714780294
qm_recentrado,NorESM2-MM,ssp126,medio,2040,365,0.4931566960628537,4758.970007513675
qm_recentrado,NorESM2-MM,ssp126,medio,2041,365,0.46709048486650256,4507.430652409507
qm_recentrado,NorESM2-MM,ssp126,medio,2042,365,0.4776623450682716,4609.449272506341
qm_recentrado,NorESM2-MM,ssp126,medio,2043,365,0.48644655373511525,4694.217026688722
qm_recentrado,NorESM2-MM,ssp126,medio,2044,365,0.4312820896595469,4161.8790657280615
qm_recentrado,NorESM2-MM,ssp126,medio,2045,365,0.4437033663804414,4281.744584825121
qm_recentrado,NorESM2-MM,ssp126,medio,2046,365,0.4992742857028158,4818.004845420744
qm_recentrado,NorESM2-MM,ssp126,medio,2047,365,0.47283461552247924,4562.861605145773
qm_recentrado,NorESM2-MM,ssp126,medio,2048,365,0.48451586606128494,4675.585859745257
qm_recentrado,NorESM2-MM,ssp126,medio,2049,365,0.4644264375460449,4481.722553142334
qm_recentrado,NorESM2-MM,ssp126,medio,2050,365,0.5052271216731238,4875.449807779591
qm_recentrado,NorESM2-MM,ssp126,medio,2051,365,0.48825496433894894,4711.668217950286
qm_recentrado,NorESM2-MM,ssp126,medio,2052,365,0.4253612288127398,4104.7426638226
qm_recentrado,NorESM2-MM,ssp126,medio,2053,365,0.46675414174994195,4504.184935953207
qm_recentrado,NorESM2-MM,ssp126,medio,2054,365,0.4858129040664846,4688.102297248041
qm_recentrado,NorESM2-MM,ssp126,medio,2055,365,0.41714843081121705,4025.489031703137
qm_recentrado,NorESM2-MM,ssp126,medio,2056,365,0.4275467516265369,4125.832993944106
qm_recentrado,NorESM2-MM,ssp126,medio,2057,365,0.5059885730749387,4882.7978259903275
qm_recentrado,NorESM2-MM,ssp126,medio,2058,365,0.4666458613171725,4503.140028044496
qm_recentrado,NorESM2-MM,ssp126,medio,2059,365,0.44948890558571825,4337.57513072467
qm_recentrado,NorESM2-MM,ssp126,medio,2060,365,0.5004825191294056,4829.664317319069
qm_recentrado,NorESM2-MM,ssp126,medio,2061,365,0.49288777106234855,4756.374876956
qm_recentrado,NorESM2-MM,ssp126,medio,2062,365,0.5044953143815436,4868.387855706926
qm_recentrado,NorESM2-MM,ssp126,medio,2063,365,0.5077298415370521,4899.601094510018
qm_recentrado,NorESM2-MM,ssp126,medio,2064,365,0.40085116703407436,3868.22017549749
qm_recentrado,NorESM2-MM,ssp126,medio,2065,365,0.4090718550978835,3947.5499468442567
qm_recentrado,NorESM2-MM,ssp126,medio,2066,365,0.4816866754310742,4648.284124896672
qm_recentrado,NorESM2-MM,ssp126,medio,2067,365,0.43373934002565656,4185.591571077026
qm_recentrado,NorESM2-MM,ssp126,medio,2068,365,0.42730863131057273,4123.535129085128
qm_recentrado,NorESM2-MM,ssp126,medio,2069,365,0.4579025529119329,4418.766962040999
qm_recentrado,NorESM2-MM,ssp126,lejano,2070,365,0.46935181745974036,4529.252548115573
qm_recentrado,NorESM2-MM,ssp126,lejano,2071,365,0.44270738700348927,4272.133367901863
qm_recentrado,NorESM2-MM,ssp126,lejano,2072,365,0.42846585038155205,4134.702311635583
qm_recentrado,NorESM2-MM,ssp126,lejano,2073,365,0.43104642979329383,4159.604944248162
qm_recentrado,NorESM2-MM,ssp126,lejano,2074,365,0.42948628643100517,4144.549535839783
qm_recentrado,NorESM2-MM,ssp126,lejano,2075,365,0.41523597733672146,4007.033825074999
qm_recentrado,NorESM2-MM,ssp126,lejano,2076,365,0.42138646215165665,4066.3861019468804
qm_recentrado,NorESM2-MM,ssp126,lejano,2077,365,0.4602235170566191,4441.164303172647
qm_recentrado,NorESM2-MM,ssp126,lejano,2078,365,0.4705688115542353,4540.996560599356
qm_recentrado,NorESM2-MM,ssp126,lejano,2079,365,0.4457247125192579,4301.250607406239
qm_recentrado,NorESM2-MM,ssp126,lejano,2080,365,0.4690473671744811,4526.314597991617
qm_recentrado,NorESM2-MM,ssp126,lejano,2081,365,0.4383065664463679,4229.665379112513
qm_recentrado,NorESM2-MM,ssp126,lejano,2082,365,0.4178670741391291,4032.4239513157822
qm_recentrado,NorESM2-MM,ssp126,lejano,2083,365,0.4298484036252073,4148.043972557708
qm_recentrado,NorESM2-MM,ssp126,lejano,2084,365,0.4121541857882219,3977.2944873233137
qm_recentrado,NorESM2-MM,ssp126,lejano,2085,365,0.4643561005701347,4481.043800199409
qm_recentrado,NorESM2-MM,ssp126,lejano,2086,365,0.3747258290499142,3616.1102459449367
qm_recentrado,NorESM2-MM,ssp126,lejano,2087,365,0.40185104257251375,3877.868990441438
qm_recentrado,NorESM2-MM,ssp126,lejano,2088,365,0.41818772825104367,4035.5182686262233
qm_recentrado,NorESM2-MM,ssp126,lejano,2089,365,0.444656919047758,4290.94638332157
qm_recentrado,NorESM2-MM,ssp126,lejano,2090,365,0.4293429787534779,4143.166614458721
qm_recentrado,NorESM2-MM,ssp126,lejano,2091,365,0.4113986403360635,3970.003461621258
qm_recentrado,NorESM2-MM,ssp126,lejano,2092,365,0.4281667472568819,4131.815961696866
qm_recentrado,NorESM2-MM,ssp126,lejano,2093,365,0.4671563058651581,4508.06582609967
qm_recentrado,NorESM2-MM,ssp126,lejano,2094,365,0.426786646498177,4118.497967293752
qm_recentrado,NorESM2-MM,ssp126,lejano,2095,365,0.4316262185247198,4165.199914783042
qm_recentrado,NorESM2-MM,ssp126,lejano,2096,365,0.4368659547780275,4215.763453463242
qm_recentrado,NorESM2-MM,ssp126,lejano,2097,365,0.4446469946497329,4290.850612721837
qm_recentrado,NorESM2-MM,ssp126,lejano,2098,365,0.4484977598286616,4328.0105583107415
qm_recentrado,NorESM2-MM,ssp126,lejano,2099,365,0.40030439909075716,3862.9438560961917
qm_recentrado,NorESM2-MM,ssp245,medio,2040,365,0.4414567708622337,4260.064902128889
qm_recentrado,NorESM2-MM,ssp245,medio,2041,365,0.4391552934376247,4237.855608157773
qm_recentrado,NorESM2-MM,ssp245,medio,2042,365,0.49899776037251037,4815.33637155889
qm_recentrado,NorESM2-MM,ssp245,medio,2043,365,0.4787771313483315,4620.2069779455
qm_recentrado,NorESM2-MM,ssp245,medio,2044,365,0.4630722284865716,4468.6544140510705
qm_recentrado,NorESM2-MM,ssp245,medio,2045,365,0.45806469128246513,4420.331599910849
qm_recentrado,NorESM2-MM,ssp245,medio,2046,365,0.4762937124736068,4596.241946069705
qm_recentrado,NorESM2-MM,ssp245,medio,2047,365,0.47033396975545505,4538.730333483657
qm_recentrado,NorESM2-MM,ssp245,medio,2048,365,0.46298921148018707,4467.853298611189
qm_recentrado,NorESM2-MM,ssp245,medio,2049,365,0.4721529510497047,4556.283532076866
qm_recentrado,NorESM2-MM,ssp245,medio,2050,365,0.4509377992819872,4351.556978075964
qm_recentrado,NorESM2-MM,ssp245,medio,2051,365,0.4868840926533978,4698.4392842507705
qm_recentrado,NorESM2-MM,ssp245,medio,2052,365,0.46599583403736916,4496.8672543939565
qm_recentrado,NorESM2-MM,ssp245,medio,2053,365,0.5006662829115293,4831.437640756783
qm_recentrado,NorESM2-MM,ssp245,medio,2054,365,0.4905168447501628,4733.495400108586
qm_recentrado,NorESM2-MM,ssp245,medio,2055,365,0.47659570835909937,4599.156211196642
qm_recentrado,NorESM2-MM,ssp245,medio,2056,365,0.37303971903508204,3599.839257324046
qm_recentrado,NorESM2-MM,ssp245,medio,2057,365,0.43086267525525446,4157.831710016009
qm_recentrado,NorESM2-MM,ssp245,medio,2058,365,0.4269026064936908,4119.61698310582
qm_recentrado,NorESM2-MM,ssp245,medio,2059,365,0.47608060286613146,4594.1854349478135
qm_recentrado,NorESM2-MM,ssp245,medio,2060,365,0.4410175699962843,4255.826606745262
qm_recentrado,NorESM2-MM,ssp245,medio,2061,365,0.4781457571622013,4614.114206947357
qm_recentrado,NorESM2-MM,ssp245,medio,2062,365,0.45312025746318996,4372.617734443902
qm_recentrado,NorESM2-MM,ssp245,medio,2063,365,0.3882343559899126,3746.4677470523525
qm_recentrado,NorESM2-MM,ssp245,medio,2064,365,0.4487189142404091,4330.144701922575
qm_recentrado,NorESM2-MM,ssp245,medio,2065,365,0.45331302474962076,4374.477941842236
qm_recentrado,NorESM2-MM,ssp245,medio,2066,365,0.42505852048599985,4101.821523626226
qm_recentrado,NorESM2-MM,ssp245,medio,2067,365,0.4181944729596168,4035.5833551718692
qm_recentrado,NorESM2-MM,ssp245,medio,2068,365,0.4458843935318801,4302.791531732939
qm_recentrado,NorESM2-MM,ssp245,medio,2069,365,0.4803302424090654,4635.19452453136
qm_recentrado,NorESM2-MM,ssp245,lejano,2070,365,0.47648986900619666,4598.134859747702
qm_recentrado,NorESM2-MM,ssp245,lejano,2071,365,0.41774410862270106,4031.237332114803
qm_recentrado,NorESM2-MM,ssp245,lejano,2072,365,0.4564469653813071,4404.720519081059
qm_recentrado,NorESM2-MM,ssp245,lejano,2073,365,0.4773542514661121,4606.476164316005
qm_recentrado,NorESM2-MM,ssp245,lejano,2074,365,0.4529021121769129,4370.512628941005
qm_recentrado,NorESM2-MM,ssp245,lejano,2075,365,0.44293396301792776,4274.319830066411
qm_recentrado,NorESM2-MM,ssp245,lejano,2076,365,0.4686605686843562,4522.581986373136
qm_recentrado,NorESM2-MM,ssp245,lejano,2077,365,0.4490129879580504,4332.982518002994
qm_recentrado,NorESM2-MM,ssp245,lejano,2078,365,0.4307794313239709,4157.02840474722
qm_recentrado,NorESM2-MM,ssp245,lejano,2079,365,0.4797248505299596,4629.352483211718
qm_recentrado,NorESM2-MM,ssp245,lejano,2080,365,0.46980952881689897,4533.669470035536
qm_recentrado,NorESM2-MM,ssp245,lejano,2081,365,0.4014997196840158,3874.4787189462672
qm_recentrado,NorESM2-MM,ssp245,lejano,2082,365,0.39752858926274,3836.1572468428685
qm_recentrado,NorESM2-MM,ssp245,lejano,2083,365,0.47112316070097754,4546.346038735004
qm_recentrado,NorESM2-MM,ssp245,lejano,2084,365,0.43996248520059716,4245.645021585525
qm_recentrado,NorESM2-MM,ssp245,lejano,2085,365,0.46024277183122014,4441.350112055623
qm_recentrado,NorESM2-MM,ssp245,lejano,2086,365,0.4460228039290406,4304.127194280104
qm_recentrado,NorESM2-MM,ssp245,lejano,2087,365,0.4750820933683662,4584.549802318227
qm_recentrado,NorESM2-MM,ssp245,lejano,2088,365,0.49460602727487435,4772.956076898973
qm_recentrado,NorESM2-MM,ssp245,lejano,2089,365,0.45682169090771463,4408.3366264065
qm_recentrado,NorESM2-MM,ssp245,lejano,2090,365,0.4547186466724642,4388.042215887625
qm_recentrado,NorESM2-MM,ssp245,lejano,2091,365,0.4738358141615073,4572.523188031572
qm_recentrado,NorESM2-MM,ssp245,lejano,2092,365,0.45301552135881656,4371.607029360921
qm_recentrado,NorESM2-MM,ssp245,lejano,2093,365,0.4546896212190962,4387.762119798217
qm_recentrado,NorESM2-MM,ssp245,lejano,2094,365,0.4833127437675013,4663.975710360288
qm_recentrado,NorESM2-MM,ssp245,lejano,2095,365,0.48778689343233084,4707.151326212287
qm_recentrado,NorESM2-MM,ssp245,lejano,2096,365,0.3981054602700965,3841.724061293796
qm_recentrado,NorESM2-MM,ssp245,lejano,2097,365,0.446377222002833,4307.54733436289
qm_recentrado,NorESM2-MM,ssp245,lejano,2098,365,0.4859567089965234,4689.490017123794
qm_recentrado,NorESM2-MM,ssp245,lejano,2099,365,0.4050722310310637,3908.953510605461
qm_recentrado,NorESM2-MM,ssp585,medio,2040,365,0.4522871514004645,4364.578247608904
qm_recentrado,NorESM2-MM,ssp585,medio,2041,365,0.38620168994980364,3726.852487242644
qm_recentrado,NorESM2-MM,ssp585,medio,2042,365,0.39663971178054125,3827.5795649176116
qm_recentrado,NorESM2-MM,ssp585,medio,2043,365,0.4669571001780014,4506.143488031316
qm_recentrado,NorESM2-MM,ssp585,medio,2044,365,0.4876426882373277,4705.759743773224
qm_recentrado,NorESM2-MM,ssp585,medio,2045,365,0.45169131734152673,4358.8284394068105
qm_recentrado,NorESM2-MM,ssp585,medio,2046,365,0.4948673290031215,4775.477642757386
qm_recentrado,NorESM2-MM,ssp585,medio,2047,365,0.4866462613026103,4696.144207910369
qm_recentrado,NorESM2-MM,ssp585,medio,2048,365,0.5079466231089947,4901.693040147769
qm_recentrado,NorESM2-MM,ssp585,medio,2049,365,0.4049380876198029,3907.659024540499
qm_recentrado,NorESM2-MM,ssp585,medio,2050,365,0.40212706805280174,3880.532640742625
qm_recentrado,NorESM2-MM,ssp585,medio,2051,365,0.48919641080356563,4720.753191396981
qm_recentrado,NorESM2-MM,ssp585,medio,2052,365,0.4958324552687748,4784.79112666296
qm_recentrado,NorESM2-MM,ssp585,medio,2053,365,0.4014170745885715,3873.681192452908
qm_recentrado,NorESM2-MM,ssp585,medio,2054,365,0.41756476912984164,4029.5067031392778
qm_recentrado,NorESM2-MM,ssp585,medio,2055,365,0.41426064820739383,3997.6218833717217
qm_recentrado,NorESM2-MM,ssp585,medio,2056,365,0.396288939491534,3824.1946067163344
qm_recentrado,NorESM2-MM,ssp585,medio,2057,365,0.4629380325810326,4467.3594214154855
qm_recentrado,NorESM2-MM,ssp585,medio,2058,365,0.4910245062350813,4738.3943415606345
qm_recentrado,NorESM2-MM,ssp585,medio,2059,365,0.42665711394804695,4117.247976112476
qm_recentrado,NorESM2-MM,ssp585,medio,2060,365,0.4462376617911785,4306.200576087461
qm_recentrado,NorESM2-MM,ssp585,medio,2061,365,0.4942378395163612,4769.403059138317
qm_recentrado,NorESM2-MM,ssp585,medio,2062,365,0.47961314479576783,4628.274521089476
qm_recentrado,NorESM2-MM,ssp585,medio,2063,365,0.4884898503381406,4713.934871600662
qm_recentrado,NorESM2-MM,ssp585,medio,2064,365,0.4015391923231574,3874.8596305455458
qm_recentrado,NorESM2-MM,ssp585,medio,2065,365,0.4403023438164116,4248.924662665873
qm_recentrado,NorESM2-MM,ssp585,medio,2066,365,0.4860702738035821,4690.585919328948
qm_recentrado,NorESM2-MM,ssp585,medio,2067,365,0.457944067927868,4419.167582609013
qm_recentrado,NorESM2-MM,ssp585,medio,2068,365,0.4629734069477951,4467.700784620733
qm_recentrado,NorESM2-MM,ssp585,medio,2069,365,0.49396679177603803,4766.7874441074355
qm_recentrado,NorESM2-MM,ssp585,lejano,2070,365,0.47476878803183925,4581.526400807857
qm_recentrado,NorESM2-MM,ssp585,lejano,2071,365,0.43776500459098683,4224.439298543096
qm_recentrado,NorESM2-MM,ssp585,lejano,2072,365,0.46225001757916007,4460.720065639175
qm_recentrado,NorESM2-MM,ssp585,lejano,2073,365,0.412211998961429,3977.852385369773
qm_recentrado,NorESM2-MM,ssp585,lejano,2074,365,0.43736511164817343,4220.580325246659
qm_recentrado,NorESM2-MM,ssp585,lejano,2075,365,0.4963053578650433,4789.354644283393
qm_recentrado,NorESM2-MM,ssp585,lejano,2076,365,0.49221883235313724,4749.919607709092
qm_recentrado,NorESM2-MM,ssp585,lejano,2077,365,0.4452754033533265,4296.914766766054
qm_recentrado,NorESM2-MM,ssp585,lejano,2078,365,0.41777335472074967,4031.5195574289096
qm_recentrado,NorESM2-MM,ssp585,lejano,2079,365,0.5012365426839145,4836.940656684457
qm_recentrado,NorESM2-MM,ssp585,lejano,2080,365,0.4523292816204988,4364.9848049063185
qm_recentrado,NorESM2-MM,ssp585,lejano,2081,365,0.45625641710958925,4402.881725210209
qm_recentrado,NorESM2-MM,ssp585,lejano,2082,365,0.4622043567432141,4460.279437841724
qm_recentrado,NorESM2-MM,ssp585,lejano,2083,365,0.45858632314905906,4425.36535576959
qm_recentrado,NorESM2-MM,ssp585,lejano,2084,365,0.4545647079466976,4386.556704720959
qm_recentrado,NorESM2-MM,ssp585,lejano,2085,365,0.4652174921743086,4489.356242961952
qm_recentrado,NorESM2-MM,ssp585,lejano,2086,365,0.4922242137242274,4749.971538026213
qm_recentrado,NorESM2-MM,ssp585,lejano,2087,365,0.47295190281675903,4563.9934294121695
qm_recentrado,NorESM2-MM,ssp585,lejano,2088,365,0.4826966125675009,4658.030034422185
qm_recentrado,NorESM2-MM,ssp585,lejano,2089,365,0.48594601343705834,4689.3868048038275
qm_recentrado,NorESM2-MM,ssp585,lejano,2090,365,0.4233203023356086,4085.04769066346
qm_recentrado,NorESM2-MM,ssp585,lejano,2091,365,0.4267228938406759,4117.882753128823
qm_recentrado,NorESM2-MM,ssp585,lejano,2092,365,0.47685748177546533,4601.682328852948
qm_recentrado,NorESM2-MM,ssp585,lejano,2093,365,0.4815340859968966,4646.811634415428
qm_recentrado,NorESM2-MM,ssp585,lejano,2094,365,0.4365931337579581,4213.130726254435
qm_recentrado,NorESM2-MM,ssp585,lejano,2095,365,0.45365744220378534,4377.801575785604
qm_recentrado,NorESM2-MM,ssp585,lejano,2096,365,0.46213553991163253,4459.615354315892
qm_recentrado,NorESM2-MM,ssp585,lejano,2097,365,0.44924483052098174,4335.219802444762
qm_recentrado,NorESM2-MM,ssp585,lejano,2098,365,0.4678925103848478,4515.170211493946
qm_recentrado,NorESM2-MM,ssp585,lejano,2099,365,0.47569951629214985,4590.507943411507
