model,scenario,horizon,year,n_days,cf_annual,energy_plant_GWh
ACCESS-CM2,historical,historico,1981,365,0.6326599237900664,6105.178387132921
ACCESS-CM2,historical,historico,1982,365,0.6831339599093721,6592.253643268798
ACCESS-CM2,historical,historico,1983,365,0.6662782361476304,6429.59563927641
ACCESS-CM2,historical,historico,1984,366,0.6073418541914326,5876.915757294846
ACCESS-CM2,historical,historico,1985,365,0.7178510115617646,6927.273747187213
ACCESS-CM2,historical,historico,1986,365,0.4318589144249662,4167.445433943555
ACCESS-CM2,historical,historico,1987,365,0.6595199889093762,6364.378445295303
ACCESS-CM2,historical,historico,1988,366,0.6559362675945962,6347.137382685308
ACCESS-CM2,historical,historico,1989,365,0.7089285862156163,6841.172199838075
ACCESS-CM2,historical,historico,1990,365,0.689230564038189,6651.085970657548
ACCESS-CM2,historical,historico,1991,365,0.6499443699293184,6271.9735689278405
ACCESS-CM2,historical,historico,1992,366,0.7362844963670394,7124.623354522621
ACCESS-CM2,historical,historico,1993,365,0.5361581009090371,5173.934252301822
ACCESS-CM2,historical,historico,1994,365,0.6372510122844041,6149.482464560695
ACCESS-CM2,historical,historico,1995,365,0.7276819228856675,7022.142198757457
ACCESS-CM2,historical,historico,1996,366,0.7117780605712725,6887.487946038355
ACCESS-CM2,historical,historico,1997,365,0.8034380845204826,7753.190370632009
ACCESS-CM2,historical,historico,1998,365,0.6218195868465071,6000.568962182183
ACCESS-CM2,historical,historico,1999,365,0.5634336703131115,5437.14393346025
ACCESS-CM2,historical,historico,2000,366,0.538335074477382,5209.174800100992
ACCESS-CM2,historical,historico,2001,365,0.6745319645756405,6509.244250666363
ACCESS-CM2,historical,historico,2002,365,0.7133396295586112,6883.738838674671
ACCESS-CM2,historical,historico,2003,365,0.7034034523094266,6787.854569241203
ACCESS-CM2,historical,historico,2004,366,0.6707713055163068,6490.687950657011
ACCESS-CM2,historical,historico,2005,365,0.6897459160843984,6656.059126149101
ACCESS-CM2,historical,historico,2006,365,0.6157976815655007,5942.457479869986
ACCESS-CM2,historical,historico,2007,365,0.6821738583209761,6582.988647579152
ACCESS-CM2,historical,historico,2008,366,0.7320880967825558,7084.017085299188
ACCESS-CM2,historical,historico,2009,365,0.8058700354290494,7776.658735810894
ACCESS-CM2,historical,historico,2010,365,0.6340187853564425,6118.291422990235
ACCESS-CM2,historical,historico,2011,365,0.7349578723079077,7092.355227097265
ACCESS-CM2,historical,historico,2012,366,0.5954416554007342,5761.764026345718
ACCESS-CM2,historical,historico,2013,365,0.7371691696330863,7113.694281665996
ACCESS-CM2,historical,historico,2014,365,0.7400798177351756,7141.782082421528
ACCESS-CM2,ssp126,medio,2040,366,0.5929935017299154,5738.0745789858465
ACCESS-CM2,ssp126,medio,2041,365,0.7981303606237249,7701.970750104714
ACCESS-CM2,ssp126,medio,2042,365,0.747805431481726,7216.3343786855585
ACCESS-CM2,ssp126,medio,2043,365,0.6029995954052645,5818.955743654328
ACCESS-CM2,ssp126,medio,2044,366,0.6692360003136446,6475.831639873368
ACCESS-CM2,ssp126,medio,2045,365,0.7534131692168056,7270.4491375528805
ACCESS-CM2,ssp126,medio,2046,365,0.7374863123967477,7116.754714409613
ACCESS-CM2,ssp126,medio,2047,365,0.7676600719603507,7407.931976978535
ACCESS-CM2,ssp126,medio,2048,366,0.7006065912101453,6779.387732184411
ACCESS-CM2,ssp126,medio,2049,365,0.5183674987579273,5002.254656893978
ACCESS-CM2,ssp126,medio,2050,365,0.7002375653163045,6757.303709103384
ACCESS-CM2,ssp126,medio,2051,365,0.5597071915354795,5401.183353632442
ACCESS-CM2,ssp126,medio,2052,366,0.639807010326372,6191.0633602234675
ACCESS-CM2,ssp126,medio,2053,365,0.5975983096116817,5766.833249325682
ACCESS-CM2,ssp126,medio,2054,365,0.4543046059901922,4384.0467166790495
ACCESS-CM2,ssp126,medio,2055,365,0.7559203232924384,7294.643214497202
ACCESS-CM2,ssp126,medio,2056,366,0.584975339657152,5660.487199316942
ACCESS-CM2,ssp126,medio,2057,365,0.7234010598048854,6980.8318015341
ACCESS-CM2,ssp126,medio,2058,365,0.6458144086698626,6232.119376694713
ACCESS-CM2,ssp126,medio,2059,365,0.6963984798655126,6720.256473077875
ACCESS-CM2,ssp126,medio,2060,366,0.6920750308757052,6696.832477647353
ACCESS-CM2,ssp126,medio,2061,365,0.654676784164846,6317.64144201931
ACCESS-CM2,ssp126,medio,2062,365,0.6979477517585269,6735.206971633812
ACCESS-CM2,ssp126,medio,2063,365,0.6647759964195903,6415.099001864988
ACCESS-CM2,ssp126,medio,2064,366,0.6743848621186329,6525.6543663412385
ACCESS-CM2,ssp126,medio,2065,365,0.6836613072767266,6597.342553801328
ACCESS-CM2,ssp126,medio,2066,365,0.7243876427153576,6990.352342405484
ACCESS-CM2,ssp126,medio,2067,365,0.5958538453327086,5749.999141122164
ACCESS-CM2,ssp126,medio,2068,366,0.7116297392586161,6886.052721619887
ACCESS-CM2,ssp126,medio,2069,365,0.7357766571774458,7100.256514188866
ACCESS-CM2,ssp126,lejano,2070,365,0.6812015211258772,6573.605578089052
ACCESS-CM2,ssp126,lejano,2071,365,0.6300034529414209,6079.543400939958
ACCESS-CM2,ssp126,lejano,2072,366,0.771533906721936,7465.712666448666
ACCESS-CM2,ssp126,lejano,2073,365,0.7227677927609621,6974.720764427968
ACCESS-CM2,ssp126,lejano,2074,365,0.5079592873922628,4901.815250683934
ACCESS-CM2,ssp126,lejano,2075,365,0.7222141433406665,6969.3780386637245
ACCESS-CM2,ssp126,lejano,2076,366,0.7178384970949079,6946.131483703409
ACCESS-CM2,ssp126,lejano,2077,365,0.6471348057844206,6244.861229976551
ACCESS-CM2,ssp126,lejano,2078,365,0.7704928285211052,7435.268123113921
ACCESS-CM2,ssp126,lejano,2079,365,0.6743310739173777,6507.305652599876
ACCESS-CM2,ssp126,lejano,2080,366,0.6710237917861629,6493.131122533899
ACCESS-CM2,ssp126,lejano,2081,365,0.6951601765021824,6708.306825808883
ACCESS-CM2,ssp126,lejano,2082,365,0.6070340152860488,5857.887960054615
ACCESS-CM2,ssp126,lejano,2083,365,0.7103047821908584,6854.452513018298
ACCESS-CM2,ssp126,lejano,2084,366,0.6603215392522618,6389.571263912321
ACCESS-CM2,ssp126,lejano,2085,365,0.7794398559782499,7521.607081227807
ACCESS-CM2,ssp126,lejano,2086,365,0.7107085192990301,6858.348582571949
ACCESS-CM2,ssp126,lejano,2087,365,0.6477815585531927,6251.102404543246
ACCESS-CM2,ssp126,lejano,2088,366,0.6736548430869831,6518.590370470347
ACCESS-CM2,ssp126,lejano,2089,365,0.7851593427056811,7576.800219659306
ACCESS-CM2,ssp126,lejano,2090,365,0.7054184298805495,6807.299135042179
ACCESS-CM2,ssp126,lejano,2091,365,0.7430153023771854,7170.109556184677
ACCESS-CM2,ssp126,lejano,2092,366,0.6096347818549184,5899.103167273065
ACCESS-CM2,ssp126,lejano,2093,365,0.7012381540133706,6766.95940603949
ACCESS-CM2,ssp126,lejano,2094,365,0.6213394947852168,5995.936066109259
ACCESS-CM2,ssp126,lejano,2095,365,0.762900100886859,7361.998179959803
ACCESS-CM2,ssp126,lejano,2096,366,0.6013176612067846,5818.6229285821
ACCESS-CM2,ssp126,lejano,2097,365,0.6783695994904294,6546.277488996236
ACCESS-CM2,ssp126,lejano,2098,365,0.7378719220074964,7120.4758533230915
ACCESS-CM2,ssp126,lejano,2099,365,0.7986963330860194,7707.432393421416
ACCESS-CM2,ssp245,medio,2040,366,0.6308850700549005,6104.730612027049
ACCESS-CM2,ssp245,medio,2041,365,0.7365141646045031,7107.373472660088
ACCESS-CM2,ssp245,medio,2042,365,0.72766757857203,7022.003775901347
ACCESS-CM2,ssp245,medio,2043,365,0.5630039082119906,5432.996722308241
ACCESS-CM2,ssp245,medio,2044,366,0.7316938706105733,7080.202373722713
ACCESS-CM2,ssp245,medio,2045,365,0.6633848663458455,6401.674574395269
ACCESS-CM2,ssp245,medio,2046,365,0.5953221270233293,5744.86805092916
ACCESS-CM2,ssp245,medio,2047,365,0.6554913236968857,6325.501761536125
ACCESS-CM2,ssp245,medio,2048,366,0.7216952462612174,6983.4511411434405
ACCESS-CM2,ssp245,medio,2049,365,0.7804002468544305,7530.874868549204
ACCESS-CM2,ssp245,medio,2050,365,0.7560379937458941,7295.778736255777
ACCESS-CM2,ssp245,medio,2051,365,0.7157192846994241,6906.702548857998
ACCESS-CM2,ssp245,medio,2052,366,0.6654300587470726,6439.003619855369
ACCESS-CM2,ssp245,medio,2053,365,0.6459676371826634,6233.598034294897
ACCESS-CM2,ssp245,medio,2054,365,0.7351541512020798,7094.249321566489
ACCESS-CM2,ssp245,medio,2055,365,0.7003470013059055,6758.359768154009
ACCESS-CM2,ssp245,medio,2056,366,0.6691247555030129,6474.755184536052
ACCESS-CM2,ssp245,medio,2057,365,0.7890853697269128,7614.686443230624
ACCESS-CM2,ssp245,medio,2058,365,0.7267184314030901,7012.8444905347205
ACCESS-CM2,ssp245,medio,2059,365,0.7000359470113295,6755.358089234482
ACCESS-CM2,ssp245,medio,2060,366,0.7668201085582083,7420.0998134665515
ACCESS-CM2,ssp245,medio,2061,365,0.7208022214133731,6955.752969474593
ACCESS-CM2,ssp245,medio,2062,365,0.6332941902092387,6111.299068226197
ACCESS-CM2,ssp245,medio,2063,365,0.7154327730486588,6903.937706843925
ACCESS-CM2,ssp245,medio,2064,366,0.6872068108644982,6649.725368699741
ACCESS-CM2,ssp245,medio,2065,365,0.6486338473432743,6259.327005004155
ACCESS-CM2,ssp245,medio,2066,365,0.7291584201088626,7036.390420585245
ACCESS-CM2,ssp245,medio,2067,365,0.7433593557115454,7173.429676366104
ACCESS-CM2,ssp245,medio,2068,366,0.7141690142718763,6910.62390049476
ACCESS-CM2,ssp245,medio,2069,365,0.567236371248774,5473.840058332608
ACCESS-CM2,ssp245,lejano,2070,365,0.6187957050506238,5971.3884544698
ACCESS-CM2,ssp245,lejano,2071,365,0.6775297748055754,6538.173167350199
ACCESS-CM2,ssp245,lejano,2072,366,0.6642336710189718,6427.426828559682
ACCESS-CM2,ssp245,lejano,2073,365,0.5610971746178335,5414.596712616887
ACCESS-CM2,ssp245,lejano,2074,365,0.7259548634637051,7005.476047702568
ACCESS-CM2,ssp245,lejano,2075,365,0.5265428682724713,5081.147103515241
ACCESS-CM2,ssp245,lejano,2076,366,0.6928942761113519,6704.759866812505
ACCESS-CM2,ssp245,lejano,2077,365,0.667258458106009,6439.054796858316
ACCESS-CM2,ssp245,lejano,2078,365,0.7519712805614924,7256.53488895889
ACCESS-CM2,ssp245,lejano,2079,365,0.6797808924396834,6559.896488537224
ACCESS-CM2,ssp245,lejano,2080,366,0.7577290151020507,7332.130262191905
ACCESS-CM2,ssp245,lejano,2081,365,0.6659094988074573,6426.037318043944
ACCESS-CM2,ssp245,lejano,2082,365,0.7523953790215469,7260.627445883992
ACCESS-CM2,ssp245,lejano,2083,365,0.5627836767822331,5430.871485487377
ACCESS-CM2,ssp245,lejano,2084,366,0.7036433398926445,6808.772692334875
ACCESS-CM2,ssp245,lejano,2085,365,0.6117557050382839,5903.45234171072
ACCESS-CM2,ssp245,lejano,2086,365,0.6434858446106178,6209.648696265975
ACCESS-CM2,ssp245,lejano,2087,365,0.6269556392170322,6050.1319497345885
ACCESS-CM2,ssp245,lejano,2088,366,0.6787965838735737,6568.3441907284105
ACCESS-CM2,ssp245,lejano,2089,365,0.549296153214171,5300.716667255201
ACCESS-CM2,ssp245,lejano,2090,365,0.6815235451299227,6576.7131148804765
ACCESS-CM2,ssp245,lejano,2091,365,0.6936870443798396,6694.091077258162
ACCESS-CM2,ssp245,lejano,2092,366,0.6914131361699759,6690.427683709762
ACCESS-CM2,ssp245,lejano,2093,365,0.6748243326660369,6512.065607416578
ACCESS-CM2,ssp245,lejano,2094,365,0.6475293021729689,6248.668126437984
ACCESS-CM2,ssp245,lejano,2095,365,0.7161753311924024,6911.103404811981
ACCESS-CM2,ssp245,lejano,2096,366,0.5812804105040904,5624.733385856111
ACCESS-CM2,ssp245,lejano,2097,365,0.7418529612038857,7158.892945264875
ACCESS-CM2,ssp245,lejano,2098,365,0.7165542592272804,6914.760066411404
ACCESS-CM2,ssp245,lejano,2099,365,0.5003495526354642,4828.381188525072
ACCESS-CM2,ssp585,medio,2040,366,0.692340926229161,6699.40540191024
ACCESS-CM2,ssp585,medio,2041,365,0.6904784370639719,6663.127965322321
ACCESS-CM2,ssp585,medio,2042,365,0.7811584550854893,7538.191590110253
ACCESS-CM2,ssp585,medio,2043,365,0.7728914234089257,7458.414602158907
ACCESS-CM2,ssp585,medio,2044,366,0.5979611331545625,5786.143637942452
ACCESS-CM2,ssp585,medio,2045,365,0.7511275916511146,7248.393277474722
ACCESS-CM2,ssp585,medio,2046,365,0.6593090729662607,6362.343103069583
ACCESS-CM2,ssp585,medio,2047,365,0.7742275195916563,7471.307951699796
ACCESS-CM2,ssp585,medio,2048,366,0.6398893253797872,6191.859878084272
ACCESS-CM2,ssp585,medio,2049,365,0.7630475330831823,7363.420903013239
ACCESS-CM2,ssp585,medio,2050,365,0.6884517122232786,6643.570038182034
ACCESS-CM2,ssp585,medio,2051,365,0.8034531724979983,7753.335969856443
ACCESS-CM2,ssp585,medio,2052,366,0.731440139182303,7077.747153127208
ACCESS-CM2,ssp585,medio,2053,365,0.6591329523736865,6360.643536533312
ACCESS-CM2,ssp585,medio,2054,365,0.730949730119461,7053.67659084848
ACCESS-CM2,ssp585,medio,2055,365,0.737070336356781,7112.740538968318
ACCESS-CM2,ssp585,medio,2056,366,0.7744947686911176,7494.363312278146
ACCESS-CM2,ssp585,medio,2057,365,0.7993766843989953,7713.9977944772545
ACCESS-CM2,ssp585,medio,2058,365,0.7666345287580266,7398.035468667417
ACCESS-CM2,ssp585,medio,2059,365,0.7384346264128708,7125.905959838226
ACCESS-CM2,ssp585,medio,2060,366,0.7556099649803062,7311.625370317529
ACCESS-CM2,ssp585,medio,2061,365,0.7187877332085585,6936.3131260663195
ACCESS-CM2,ssp585,medio,2062,365,0.7423505153568222,7163.694350801579
ACCESS-CM2,ssp585,medio,2063,365,0.7433370779139188,7173.214695262563
ACCESS-CM2,ssp585,medio,2064,366,0.5326422788690248,5154.088722988202
ACCESS-CM2,ssp585,medio,2065,365,0.8137271940124522,7852.480441855267
ACCESS-CM2,ssp585,medio,2066,365,0.7186004028003999,6934.5053846303035
ACCESS-CM2,ssp585,medio,2067,365,0.6948630204336773,6705.4392649933125
ACCESS-CM2,ssp585,medio,2068,366,0.8114613714627741,7852.068958320995
ACCESS-CM2,ssp585,medio,2069,365,0.7298370646835689,7042.939351589474
ACCESS-CM2,ssp585,lejano,2070,365,0.702287961368332,6777.0900638117855
ACCESS-CM2,ssp585,lejano,2071,365,0.6907950028294458,6666.182830024198
ACCESS-CM2,ssp585,lejano,2072,366,0.7987760820818047,7729.320334075241
ACCESS-CM2,ssp585,lejano,2073,365,0.75180568384198,7254.936877966048
ACCESS-CM2,ssp585,lejano,2074,365,0.7397722029096653,7138.813594433516
ACCESS-CM2,ssp585,lejano,2075,365,0.7951815653662861,7673.5148286897065
ACCESS-CM2,ssp585,lejano,2076,366,0.6979224319061871,6753.4145870773245
ACCESS-CM2,ssp585,lejano,2077,365,0.7510155386153958,7247.311963887187
ACCESS-CM2,ssp585,lejano,2078,365,0.6698607807064018,6464.167251589268
ACCESS-CM2,ssp585,lejano,2079,365,0.7953640898042862,7675.276192436799
ACCESS-CM2,ssp585,lejano,2080,366,0.7226775312265412,6992.956176818201
ACCESS-CM2,ssp585,lejano,2081,365,0.8131972473150572,7847.366447746257
ACCESS-CM2,ssp585,lejano,2082,365,0.7754767914966186,7483.363445571033
ACCESS-CM2,ssp585,lejano,2083,365,0.8162645832526877,7876.966288621768
ACCESS-CM2,ssp585,lejano,2084,366,0.7566470002179837,7321.660194506108
ACCESS-CM2,ssp585,lejano,2085,365,0.8140383988870117,7855.483573874044
ACCESS-CM2,ssp585,lejano,2086,365,0.8255150295231682,7966.233243139045
ACCESS-CM2,ssp585,lejano,2087,365,0.7740506702616125,7469.601352835283
ACCESS-CM2,ssp585,lejano,2088,366,0.7804946071879489,7552.4204759000995
ACCESS-CM2,ssp585,lejano,2089,365,0.8222309274422389,7934.541605512444
ACCESS-CM2,ssp585,lejano,2090,365,0.8064797425153476,7782.542418948984
ACCESS-CM2,ssp585,lejano,2091,365,0.804836297282683,7766.683146158647
ACCESS-CM2,ssp585,lejano,2092,366,0.7837399696439671,7583.8240777172305
ACCESS-CM2,ssp585,lejano,2093,365,0.8228948480068118,7940.948449583301
ACCESS-CM2,ssp585,lejano,2094,365,0.757316044728158,7308.1119486834405
ACCESS-CM2,ssp585,lejano,2095,365,0.7706747649129285,7437.023812205998
ACCESS-CM2,ssp585,lejano,2096,366,0.6927158210581332,6703.033054627585
ACCESS-CM2,ssp585,lejano,2097,365,0.7977878793800774,7698.665800623817
ACCESS-CM2,ssp585,lejano,2098,365,0.7714210428751384,7444.225406481771
ACCESS-CM2,ssp585,lejano,2099,365,0.7034142960098694,6787.959211123976
CanESM5,historical,historico,1981,365,0.6775773768496264,6538.632527836923
CanESM5,historical,historico,1982,365,0.6675738074753299,6442.097923317852
CanESM5,historical,historico,1983,365,0.5645653214111002,5448.06438466226
CanESM5,historical,historico,1984,365,0.6764314117886026,6527.573946662603
CanESM5,historical,historico,1985,365,0.5976932584072524,5767.74950672212
CanESM5,historical,historico,1986,365,0.6647604761617906,6414.949231128898
CanESM5,historical,historico,1987,365,0.4875820427259333,4705.174513617941
CanESM5,historical,historico,1988,365,0.5096802654771926,4918.4227167391555
CanESM5,historical,historico,1989,365,0.6936808174441255,6694.030987228889
CanESM5,historical,historico,1990,365,0.6288301998227399,6068.2214895726365
CanESM5,historical,historico,1991,365,0.7140674138617369,6890.761968844382
CanESM5,historical,historico,1992,365,0.6020141050075227,5809.445745548274
CanESM5,historical,historico,1993,365,0.7487328778423392,7225.284250904618
CanESM5,historical,historico,1994,365,0.6791594468593776,6553.899528744142
CanESM5,historical,historico,1995,365,0.6866098079826114,6625.795632789127
CanESM5,historical,historico,1996,365,0.6631838627066863,6399.734886061325
CanESM5,historical,historico,1997,365,0.6480860866827466,6254.041105865891
CanESM5,historical,historico,1998,365,0.5953435961569212,5745.075228411827
CanESM5,historical,historico,1999,365,0.6882038596810719,6641.178257184098
CanESM5,historical,historico,2000,365,0.7845433123247205,7570.85551662655
CanESM5,historical,historico,2001,365,0.598157909363441,5772.233395883756
CanESM5,historical,historico,2002,365,0.7250603751986493,6996.844221632968
CanESM5,historical,historico,2003,365,0.6685202191947168,6451.230811552525
CanESM5,historical,historico,2004,365,0.6570426621126499,6340.4722020696645
CanESM5,historical,historico,2005,365,0.6932186663620775,6689.57122189271
CanESM5,historical,historico,2006,365,0.6700567643773477,6466.0584971496355
CanESM5,historical,historico,2007,365,0.7217424543102203,6964.826231972895
CanESM5,historical,historico,2008,365,0.7081001569142681,6833.177843825197
CanESM5,historical,historico,2009,365,0.7510843070349967,7247.975580236631
CanESM5,historical,historico,2010,365,0.751982455905781,7256.6427312100805
CanESM5,historical,historico,2011,365,0.7265399022552061,7011.121681401174
CanESM5,historical,historico,2012,365,0.7355611841802379,7098.177196318242
CanESM5,historical,historico,2013,365,0.7260417737682033,7006.3147335315425
CanESM5,historical,historico,2014,365,0.5993850502438394,5784.075325013853
CanESM5,ssp126,medio,2040,365,0.7006123748961695,6760.920627546033
CanESM5,ssp126,medio,2041,365,0.6660844222841084,6427.725332392402
CanESM5,ssp126,medio,2042,365,0.6935780401861907,6693.0391850453825
CanESM5,ssp126,medio,2043,365,0.683777772814384,6598.46644810317
CanESM5,ssp126,medio,2044,365,0.7853720556046869,7578.852902538118
CanESM5,ssp126,medio,2045,365,0.7278061543163373,7023.341034051124
CanESM5,ssp126,medio,2046,365,0.7693619707757403,7424.355327777425
CanESM5,ssp126,medio,2047,365,0.6221221054712314,6003.488271751069
CanESM5,ssp126,medio,2048,365,0.7126714287730264,6877.290690402564
CanESM5,ssp126,medio,2049,365,0.7170524022463904,6919.567154516103
CanESM5,ssp126,medio,2050,365,0.6828032385903224,6589.062177248427
CanESM5,ssp126,medio,2051,365,0.7088005370781565,6839.936523612803
CanESM5,ssp126,medio,2052,365,0.7440024523787968,7179.635569494627
CanESM5,ssp126,medio,2053,365,0.7381247439114773,7122.915588741657
CanESM5,ssp126,medio,2054,365,0.7570101653467658,7305.160207758935
CanESM5,ssp126,medio,2055,365,0.653899982014315,6310.145288837851
CanESM5,ssp126,medio,2056,365,0.7415337132837886,7155.812197727972
CanESM5,ssp126,medio,2057,365,0.7116910935373552,6867.830439692974
CanESM5,ssp126,medio,2058,365,0.5840141753347903,5635.746136207531
CanESM5,ssp126,medio,2059,365,0.6629071577952463,6397.064679238651
CanESM5,ssp126,medio,2060,365,0.57598661453841,5558.280046081489
CanESM5,ssp126,medio,2061,365,0.6005179794038552,5795.008109534872
CanESM5,ssp126,medio,2062,365,0.6740159508097646,6504.264709569441
CanESM5,ssp126,medio,2063,365,0.6339901517504969,6118.015108234723
CanESM5,ssp126,medio,2064,365,0.6970421640563892,6726.46803581878
CanESM5,ssp126,medio,2065,365,0.673080950511944,6495.241941735467
CanESM5,ssp126,medio,2066,365,0.7458155699365282,7197.132182936615
CanESM5,ssp126,medio,2067,365,0.6572977006174433,6342.933327721537
CanESM5,ssp126,medio,2068,365,0.6555043926537054,6325.627877178538
CanESM5,ssp126,medio,2069,365,0.6824582011467795,6585.732560397639
CanESM5,ssp126,lejano,2070,365,0.589793070225713,5691.5125643672545
CanESM5,ssp126,lejano,2071,365,0.6517296851031588,6289.201888920443
CanESM5,ssp126,lejano,2072,365,0.7357849713214816,7100.336745811837
CanESM5,ssp126,lejano,2073,365,0.6376305054215017,6153.144579405578
CanESM5,ssp126,lejano,2074,365,0.6437568551781465,6212.263952578796
CanESM5,ssp126,lejano,2075,365,0.6308352988705197,6087.570727465297
CanESM5,ssp126,lejano,2076,365,0.7149966433550885,6899.729048322896
CanESM5,ssp126,lejano,2077,365,0.7371897474391389,7113.892857823648
CanESM5,ssp126,lejano,2078,365,0.7208761948902512,6956.466814710043
CanESM5,ssp126,lejano,2079,365,0.7332527002486041,7075.900289442233
CanESM5,ssp126,lejano,2080,365,0.684147102808669,6602.030488457301
CanESM5,ssp126,lejano,2081,365,0.6280381121034955,6060.577830408524
CanESM5,ssp126,lejano,2082,365,0.6263919577004765,6044.6924140809215
CanESM5,ssp126,lejano,2083,365,0.7554998373711445,7290.585518628942
CanESM5,ssp126,lejano,2084,365,0.7053351821874227,6806.495793471543
CanESM5,ssp126,lejano,2085,365,0.7505630498196505,7242.945439768423
CanESM5,ssp126,lejano,2086,365,0.7290269804795922,7035.122026059752
CanESM5,ssp126,lejano,2087,365,0.524946441676316,5065.741561319516
CanESM5,ssp126,lejano,2088,365,0.6038542824341185,5827.203487157762
CanESM5,ssp126,lejano,2089,365,0.7036354394264139,6790.093248631924
CanESM5,ssp126,lejano,2090,365,0.6788121699388325,6550.548300904452
CanESM5,ssp126,lejano,2091,365,0.5709400827039088,5509.580933134043
CanESM5,ssp126,lejano,2092,365,0.714237371851399,6892.40206616395
CanESM5,ssp126,lejano,2093,365,0.6306997673893753,6086.262846503749
CanESM5,ssp126,lejano,2094,365,0.6407615427349016,6183.359139576483
CanESM5,ssp126,lejano,2095,365,0.704020310464757,6793.807260309873
CanESM5,ssp126,lejano,2096,365,0.6571150980050195,6341.171209590007
CanESM5,ssp126,lejano,2097,365,0.6539860092518004,6310.975453056021
CanESM5,ssp126,lejano,2098,365,0.698193060978008,6737.574209526753
CanESM5,ssp126,lejano,2099,365,0.6070733410416556,5858.267454225432
CanESM5,ssp245,medio,2040,365,0.7154457296939745,6904.062738678529
CanESM5,ssp245,medio,2041,365,0.7151965437228838,6901.658090070528
CanESM5,ssp245,medio,2042,365,0.7398472792982802,7139.538082784872
CanESM5,ssp245,medio,2043,365,0.7128971331219203,6879.468740980659
CanESM5,ssp245,medio,2044,365,0.7794447008250578,7521.653834077021
CanESM5,ssp245,medio,2045,365,0.7544601015676669,7280.552051489609
CanESM5,ssp245,medio,2046,365,0.5463469589171678,5272.256895102011
CanESM5,ssp245,medio,2047,365,0.7665661904246037,7397.376002656472
CanESM5,ssp245,medio,2048,365,0.6003801598041938,5793.678148193026
CanESM5,ssp245,medio,2049,365,0.637951850072315,6156.245560427441
CanESM5,ssp245,medio,2050,365,0.7521531482857735,7258.289915408086
CanESM5,ssp245,medio,2051,365,0.6627835024017064,6395.871402712504
CanESM5,ssp245,medio,2052,365,0.6331718660296448,6110.118637935928
CanESM5,ssp245,medio,2053,365,0.6999350159280285,6754.38410266573
CanESM5,ssp245,medio,2054,365,0.6191528084485382,5974.834507973327
CanESM5,ssp245,medio,2055,365,0.7962113913749714,7683.452666150735
CanESM5,ssp245,medio,2056,365,0.6702131813115934,6467.567923067776
CanESM5,ssp245,medio,2057,365,0.7174984578387263,6923.871598119034
CanESM5,ssp245,medio,2058,365,0.7733998146693798,7463.32058595655
CanESM5,ssp245,medio,2059,365,0.7833774921175832,7559.605332974551
CanESM5,ssp245,medio,2060,365,0.7052489944692565,6805.664080612237
CanESM5,ssp245,medio,2061,365,0.6997007346560845,6752.123284642969
CanESM5,ssp245,medio,2062,365,0.681244710640224,6574.022357593531
CanESM5,ssp245,medio,2063,365,0.7804257644015699,7531.121113287379
CanESM5,ssp245,medio,2064,365,0.6438347582248658,6213.015718226086
CanESM5,ssp245,medio,2065,365,0.7266704342256732,7012.381317004693
CanESM5,ssp245,medio,2066,365,0.5978216348066636,5768.98834103046
CanESM5,ssp245,medio,2067,365,0.7451833326793703,7191.0310832892455
CanESM5,ssp245,medio,2068,365,0.7266047596167415,7011.747555977709
CanESM5,ssp245,medio,2069,365,0.71666589186096,6915.837323112532
CanESM5,ssp245,lejano,2070,365,0.7336842799955597,7080.065040905632
CanESM5,ssp245,lejano,2071,365,0.6303394302739741,6082.785587574735
CanESM5,ssp245,lejano,2072,365,0.7806302245567883,7533.0941570566
CanESM5,ssp245,lejano,2073,365,0.7457222432031623,7196.231578466407
CanESM5,ssp245,lejano,2074,365,0.769348406827964,7424.224435464362
CanESM5,ssp245,lejano,2075,365,0.6087217205057469,5874.174342427986
CanESM5,ssp245,lejano,2076,365,0.7180181187799101,6928.886334516033
CanESM5,ssp245,lejano,2077,365,0.6659817146576953,6426.734202154193
CanESM5,ssp245,lejano,2078,365,0.6395352419253001,6171.525317143017
CanESM5,ssp245,lejano,2079,365,0.7632900006019488,7365.760718448816
CanESM5,ssp245,lejano,2080,365,0.7274078040223488,7019.49694734053
CanESM5,ssp245,lejano,2081,365,0.602160372963702,5810.857233665692
CanESM5,ssp245,lejano,2082,365,0.6929866771997877,6687.3325227647865
CanESM5,ssp245,lejano,2083,365,0.6723008120463314,6487.71359306009
CanESM5,ssp245,lejano,2084,365,0.7106937712435372,6858.206263600473
CanESM5,ssp245,lejano,2085,365,0.8092310567262377,7809.092645105101
CanESM5,ssp245,lejano,2086,365,0.6564905919759699,6335.144716417581
CanESM5,ssp245,lejano,2087,365,0.7606765943838893,7340.541306630042
CanESM5,ssp245,lejano,2088,365,0.6950940294067309,6707.668505279423
CanESM5,ssp245,lejano,2089,365,0.731788831186571,7061.773929571708
CanESM5,ssp245,lejano,2090,365,0.6557413168998353,6327.91419994448
CanESM5,ssp245,lejano,2091,365,0.6808182750180889,6569.907247016957
CanESM5,ssp245,lejano,2092,365,0.6963963628086387,6720.236043445168
CanESM5,ssp245,lejano,2093,365,0.6608064340125023,6376.792661123591
CanESM5,ssp245,lejano,2094,365,0.7980007254695256,7700.719768792529
CanESM5,ssp245,lejano,2095,365,0.6447011693571746,6221.376599515444
CanESM5,ssp245,lejano,2096,365,0.5726631510239063,5526.208569991112
CanESM5,ssp245,lejano,2097,365,0.750509741382074,7242.431012492876
CanESM5,ssp245,lejano,2098,365,0.7146073928077409,6895.972774312983
CanESM5,ssp245,lejano,2099,365,0.7440323706935436,7179.924281710626
CanESM5,ssp585,medio,2040,365,0.6922120926042604,6679.857769024595
CanESM5,ssp585,medio,2041,365,0.6511962090603939,6284.053836572145
CanESM5,ssp585,medio,2042,365,0.7042287323355308,6795.81853469759
CanESM5,ssp585,medio,2043,365,0.7708762553683228,7438.968198324401
CanESM5,ssp585,medio,2044,365,0.5827104024108533,5623.164706631172
CanESM5,ssp585,medio,2045,365,0.6580008518057039,6349.718747938671
CanESM5,ssp585,medio,2046,365,0.7911704755753085,7634.807748029335
CanESM5,ssp585,medio,2047,365,0.7221320460324938,6968.585798326301
CanESM5,ssp585,medio,2048,365,0.70622018089367,6815.036045146809
CanESM5,ssp585,medio,2049,365,0.7312427183336514,7056.5039318032295
CanESM5,ssp585,medio,2050,365,0.6182037359861755,5965.675943526369
CanESM5,ssp585,medio,2051,365,0.6807716843086844,6569.457645925753
CanESM5,ssp585,medio,2052,365,0.7114835783959236,6865.827915257917
CanESM5,ssp585,medio,2053,365,0.7024781644865968,6778.925526946291
CanESM5,ssp585,medio,2054,365,0.744605037932825,7185.450529732368
CanESM5,ssp585,medio,2055,365,0.7454882481766713,7193.973522716848
CanESM5,ssp585,medio,2056,365,0.6755206963125475,6518.7855277472245
CanESM5,ssp585,medio,2057,365,0.6442196310334659,6216.729746987042
CanESM5,ssp585,medio,2058,365,0.7646599932884344,7378.981169793284
CanESM5,ssp585,medio,2059,365,0.7918220718389153,7641.095662398681
CanESM5,ssp585,medio,2060,365,0.7217127290501884,6964.539382737982
CanESM5,ssp585,medio,2061,365,0.6701926323673042,6467.369625426602
CanESM5,ssp585,medio,2062,365,0.5731274354342676,5530.6889219796485
CanESM5,ssp585,medio,2063,365,0.7216752216539201,6964.177435763874
CanESM5,ssp585,medio,2064,365,0.7528601931352064,7265.11290951783
CanESM5,ssp585,medio,2065,365,0.7839066769968527,7564.711975526459
CanESM5,ssp585,medio,2066,365,0.7624807703791711,7357.951633851326
CanESM5,ssp585,medio,2067,365,0.7018948432748058,6773.296467919367
CanESM5,ssp585,medio,2068,365,0.7501813681858372,7239.26220589522
CanESM5,ssp585,medio,2069,365,0.8136056638550306,7851.307673891667
CanESM5,ssp585,lejano,2070,365,0.768942956712879,7420.311835366589
CanESM5,ssp585,lejano,2071,365,0.6173407954288709,5957.348553341331
CanESM5,ssp585,lejano,2072,365,0.7114259828254668,6865.272117081478
CanESM5,ssp585,lejano,2073,365,0.7612100944577802,7345.68959087909
CanESM5,ssp585,lejano,2074,365,0.7993219269539077,7713.46938425604
CanESM5,ssp585,lejano,2075,365,0.7770776503400535,7498.811759023921
CanESM5,ssp585,lejano,2076,365,0.824680575677931,7958.180750181245
CanESM5,ssp585,lejano,2077,365,0.8183419251792868,7897.012671450921
CanESM5,ssp585,lejano,2078,365,0.6655778754932989,6422.837147756342
CanESM5,ssp585,lejano,2079,365,0.6864996322916502,6624.732435608541
CanESM5,ssp585,lejano,2080,365,0.8189764815727637,7903.136150800874
CanESM5,ssp585,lejano,2081,365,0.8252232962692775,7963.418012571267
CanESM5,ssp585,lejano,2082,365,0.8190589913246222,7903.932371226465
CanESM5,ssp585,lejano,2083,365,0.804120385913072,7759.774589987319
CanESM5,ssp585,lejano,2084,365,0.8014155860242821,7733.673227783698
CanESM5,ssp585,lejano,2085,365,0.6990043859430837,6745.403508420932
CanESM5,ssp585,lejano,2086,365,0.7746779163384971,7475.654287513158
CanESM5,ssp585,lejano,2087,365,0.8288310421875843,7998.232818406862
CanESM5,ssp585,lejano,2088,365,0.8066237896230793,7783.932475843349
CanESM5,ssp585,lejano,2089,365,0.7535560975914197,7271.828398654762
CanESM5,ssp585,lejano,2090,365,0.7522196852206056,7258.9319978938065
CanESM5,ssp585,lejano,2091,365,0.8104435700849588,7820.7934184169735
CanESM5,ssp585,lejano,2092,365,0.6805830004096407,6567.636843281039
CanESM5,ssp585,lejano,2093,365,0.7823521389363007,7549.710658369524
CanESM5,ssp585,lejano,2094,365,0.7776237150859978,7504.08129255932
CanESM5,ssp585,lejano,2095,365,0.8079625791271655,7796.851815978413
CanESM5,ssp585,lejano,2096,365,0.79259617169113,7648.56573835815
CanESM5,ssp585,lejano,2097,365,0.7671798187194903,7403.297525520179
CanESM5,ssp585,lejano,2098,365,0.7106617307010603,6857.897071852923
CanESM5,ssp585,lejano,2099,365,0.7968541185923459,7689.654994082034
CESM2,historical,historico,1981,365,0.695162725850844,6708.331427064259
CESM2,historical,historico,1982,365,0.7244146923215657,6990.613371538187
CESM2,historical,historico,1983,365,0.5169452199261916,4988.529643411267
CESM2,historical,historico,1984,365,0.6590482474929872,6359.826133079286
CESM2,historical,historico,1985,365,0.6465624510011481,6239.337997160295
CESM2,historical,historico,1986,365,0.7857567433895638,7582.565145817185
CESM2,historical,historico,1987,365,0.7046985254739486,6800.352046000011
CESM2,historical,historico,1988,365,0.6376532545042686,6153.364108418264
CESM2,historical,historico,1989,365,0.6597300651270915,6366.405684157475
CESM2,historical,historico,1990,365,0.720984608546193,6957.513008224499
CESM2,historical,historico,1991,365,0.5545878896059989,5351.782008104123
CESM2,historical,historico,1992,365,0.618342249665899,5967.012602751919
CESM2,historical,historico,1993,365,0.7455329365240495,7194.404765984061
CESM2,historical,historico,1994,365,0.6771573338396287,6534.579106069758
CESM2,historical,historico,1995,365,0.6849761336035265,6610.030648892167
CESM2,historical,historico,1996,365,0.7126272501494777,6876.864365978462
CESM2,historical,historico,1997,365,0.6716263839161795,6481.205350813273
CESM2,historical,historico,1998,365,0.6766234273756859,6529.426900150207
CESM2,historical,historico,1999,365,0.6897796649946559,6656.38480367307
CESM2,historical,historico,2000,365,0.6971138783219789,6727.16007962915
CESM2,historical,historico,2001,365,0.7127908999731785,6878.443589395571
CESM2,historical,historico,2002,365,0.7790654323323783,7517.993887054368
CESM2,historical,historico,2003,365,0.6732904498089329,6497.263613303399
CESM2,historical,historico,2004,365,0.6380786410403779,6157.469095297903
CESM2,historical,historico,2005,365,0.6737859836696654,6502.045522988008
CESM2,historical,historico,2006,365,0.7655326149660874,7387.4019829445815
CESM2,historical,historico,2007,365,0.4660779346848444,4497.659526955702
CESM2,historical,historico,2008,365,0.5353446520255457,5166.084457560948
CESM2,historical,historico,2009,365,0.7281535719536204,7026.693619809587
CESM2,historical,historico,2010,365,0.6750042911526577,6513.802209691804
CESM2,historical,historico,2011,365,0.67006656378508,6466.153061591042
CESM2,historical,historico,2012,365,0.7233139741914578,6979.991423971154
CESM2,historical,historico,2013,365,0.5714882468823352,5514.870726226484
CESM2,historical,historico,2014,365,0.6351266974689324,6128.982792602356
CESM2,ssp126,medio,2040,365,0.6692683618520594,6458.450400166163
CESM2,ssp126,medio,2041,365,0.4982960229937108,4808.564594625676
CESM2,ssp126,medio,2042,365,0.5388736968560836,5200.139796640355
CESM2,ssp126,medio,2043,365,0.6082104847745479,5869.240909442143
CESM2,ssp126,medio,2044,365,0.6012240637564965,5801.821834835211
CESM2,ssp126,medio,2045,365,0.5602390818807017,5406.316103974081
CESM2,ssp126,medio,2046,365,0.5881124514666657,5675.294566452547
CESM2,ssp126,medio,2047,365,0.5485917661021611,5293.919320354112
CESM2,ssp126,medio,2048,365,0.6551363417977519,6322.076180529774
CESM2,ssp126,medio,2049,365,0.6268047023130378,6048.675406196051
CESM2,ssp126,medio,2050,365,0.6203698557199163,5986.579033614883
CESM2,ssp126,medio,2051,365,0.6390540512705466,6166.881819625594
CESM2,ssp126,medio,2052,365,0.684190380771586,6602.448121491897
CESM2,ssp126,medio,2053,365,0.6837582006807884,6598.277576700819
CESM2,ssp126,medio,2054,365,0.3732105158585315,3601.4874494030823
CESM2,ssp126,medio,2055,365,0.552964667510244,5336.117888908534
CESM2,ssp126,medio,2056,365,0.6711889423416981,6476.984032620465
CESM2,ssp126,medio,2057,365,0.526114456370824,5077.012921809754
CESM2,ssp126,medio,2058,365,0.5630877598820794,5433.805892266223
CESM2,ssp126,medio,2059,365,0.6842893101737051,6603.402791805217
CESM2,ssp126,medio,2060,365,0.624906094127358,6030.353806826511
CESM2,ssp126,medio,2061,365,0.7042946594409654,6796.454732319867
CESM2,ssp126,medio,2062,365,0.6315859767394583,6094.8147809114
CESM2,ssp126,medio,2063,365,0.7104080240568407,6855.448798676897
CESM2,ssp126,medio,2064,365,0.5034783359613294,4858.573997680204
CESM2,ssp126,medio,2065,365,0.6928846250896554,6686.347718269176
CESM2,ssp126,medio,2066,365,0.6358069345556877,6135.547091373339
CESM2,ssp126,medio,2067,365,0.6404633829598272,6180.481892976459
CESM2,ssp126,medio,2068,365,0.6096826107508527,5883.4469486675
CESM2,ssp126,medio,2069,365,0.7063561613748615,6816.348258965994
CESM2,ssp126,lejano,2070,365,0.5438941397803255,5248.587151186377
CESM2,ssp126,lejano,2071,365,0.6013949750954954,5803.471131991132
CESM2,ssp126,lejano,2072,365,0.7086287117068221,6838.27840603022
CESM2,ssp126,lejano,2073,365,0.5750230043194282,5548.981192050551
CESM2,ssp126,lejano,2074,365,0.6672360461749192,6438.838521364709
CESM2,ssp126,lejano,2075,365,0.6432177547656169,6207.061624972279
CESM2,ssp126,lejano,2076,365,0.5373112376021192,5185.062039840252
CESM2,ssp126,lejano,2077,365,0.6717822209081682,6482.7091802793575
CESM2,ssp126,lejano,2078,365,0.7297201087944342,7041.81072538803
CESM2,ssp126,lejano,2079,365,0.5938427084407973,5730.591637937029
CESM2,ssp126,lejano,2080,365,0.6406242467966159,6182.034231575291
CESM2,ssp126,lejano,2081,365,0.6185800432521017,5969.307314663473
CESM2,ssp126,lejano,2082,365,0.5714556040090736,5514.555721977224
CESM2,ssp126,lejano,2083,365,0.6794450004763789,6556.655125717063
CESM2,ssp126,lejano,2084,365,0.5999353243884881,5789.385479314099
CESM2,ssp126,lejano,2085,365,0.6866149557346287,6625.845308678458
CESM2,ssp126,lejano,2086,365,0.550358226993896,5310.965696222728
CESM2,ssp126,lejano,2087,365,0.686558366136266,6625.299218148824
CESM2,ssp126,lejano,2088,365,0.5877258529962308,5671.563885027274
CESM2,ssp126,lejano,2089,365,0.6318150540144345,6097.025380280156
CESM2,ssp126,lejano,2090,365,0.589405563417223,5687.773117465216
CESM2,ssp126,lejano,2091,365,0.6155540750017446,5940.106672632035
CESM2,ssp126,lejano,2092,365,0.7044846976415511,6798.2886039961295
CESM2,ssp126,lejano,2093,365,0.6154396262804458,5939.002240640321
CESM2,ssp126,lejano,2094,365,0.6567638559704667,6337.781718336699
CESM2,ssp126,lejano,2095,365,0.5564818457266814,5370.058714972006
CESM2,ssp126,lejano,2096,365,0.7270206628003771,7015.7610283542435
CESM2,ssp126,lejano,2097,365,0.580088567165272,5597.863954561949
CESM2,ssp126,lejano,2098,365,0.5761915124257274,5560.257313972468
CESM2,ssp126,lejano,2099,365,0.6129425964000093,5914.905862341631
CESM2,ssp245,medio,2040,365,0.529607090681283,5110.716898787831
CESM2,ssp245,medio,2041,365,0.6919570740231987,6677.3968356370515
CESM2,ssp245,medio,2042,365,0.7708339404855401,7438.55985902851
CESM2,ssp245,medio,2043,365,0.6749058394525392,6512.852149210435
CESM2,ssp245,medio,2044,365,0.6810992431594528,6572.618594076609
CESM2,ssp245,medio,2045,365,0.707767146104479,6829.964284182559
CESM2,ssp245,medio,2046,365,0.6970338441076389,6726.387748180221
CESM2,ssp245,medio,2047,365,0.7336057337047877,7079.307067942939
CESM2,ssp245,medio,2048,365,0.5927288693348332,5719.843072743049
CESM2,ssp245,medio,2049,365,0.7295180765782885,7039.861111269708
CESM2,ssp245,medio,2050,365,0.6836742357700863,6597.467313969105
CESM2,ssp245,medio,2051,365,0.7350767628170559,7093.502522412795
CESM2,ssp245,medio,2052,365,0.6812257557636172,6573.839442730998
CESM2,ssp245,medio,2053,365,0.6988585861707366,6743.996538284986
CESM2,ssp245,medio,2054,365,0.7794181207751445,7521.397336170076
CESM2,ssp245,medio,2055,365,0.7283038782141392,7028.144077628494
CESM2,ssp245,medio,2056,365,0.6759127557406858,6522.56890750171
CESM2,ssp245,medio,2057,365,0.6995875767814216,6751.031309341946
CESM2,ssp245,medio,2058,365,0.6562188620653342,6332.522518432267
CESM2,ssp245,medio,2059,365,0.7998695397020975,7718.753856037875
CESM2,ssp245,medio,2060,365,0.7614786652561596,7348.281303380583
CESM2,ssp245,medio,2061,365,0.7417335732698631,7157.740849791351
CESM2,ssp245,medio,2062,365,0.6674709156584349,6441.105015638546
CESM2,ssp245,medio,2063,365,0.7879539072522455,7603.767812246684
CESM2,ssp245,medio,2064,365,0.7547722016505523,7283.563822283056
CESM2,ssp245,medio,2065,365,0.6777123253280782,6539.934782813159
CESM2,ssp245,medio,2066,365,0.7713441509763956,7443.483398428632
CESM2,ssp245,medio,2067,365,0.7300287787592669,7044.789395487385
CESM2,ssp245,medio,2068,365,0.5716245627991372,5516.186177004678
CESM2,ssp245,medio,2069,365,0.7983765534030117,7704.346514363917
CESM2,ssp245,lejano,2070,365,0.6672798915995355,6439.261630413783
CESM2,ssp245,lejano,2071,365,0.7297153830379997,7041.7651217628245
CESM2,ssp245,lejano,2072,365,0.7412974719489673,7153.5324650670855
CESM2,ssp245,lejano,2073,365,0.7260435339763696,7006.3317195685095
CESM2,ssp245,lejano,2074,365,0.7379222476682646,7120.961496754715
CESM2,ssp245,lejano,2075,365,0.6013595395819463,5803.129178718415
CESM2,ssp245,lejano,2076,365,0.7019591075110114,6773.91661882698
CESM2,ssp245,lejano,2077,365,0.713930605098591,6889.441762091084
CESM2,ssp245,lejano,2078,365,0.7209848039264073,6957.514893646693
CESM2,ssp245,lejano,2079,365,0.7946622655056182,7668.503576725464
CESM2,ssp245,lejano,2080,365,0.7259496496733612,7005.42573454233
CESM2,ssp245,lejano,2081,365,0.6325540362753911,6104.156570922104
CESM2,ssp245,lejano,2082,365,0.6772622061574377,6535.591125614571
CESM2,ssp245,lejano,2083,365,0.5830700052691647,5626.634879967523
CESM2,ssp245,lejano,2084,365,0.7719015481451581,7448.862290025545
CESM2,ssp245,lejano,2085,365,0.7252966244952616,6999.124031125265
CESM2,ssp245,lejano,2086,365,0.7358905530159767,7101.355610853024
CESM2,ssp245,lejano,2087,365,0.6169822943534748,5953.889012227742
CESM2,ssp245,lejano,2088,365,0.69581255865067,6714.602323979904
CESM2,ssp245,lejano,2089,365,0.7533735905464417,7270.067202750611
CESM2,ssp245,lejano,2090,365,0.6905457858079912,6663.777881779686
CESM2,ssp245,lejano,2091,365,0.728226476527262,7027.397150111702
CESM2,ssp245,lejano,2092,365,0.7115410144144333,6866.382173755512
CESM2,ssp245,lejano,2093,365,0.6448388539653699,6222.705258187482
CESM2,ssp245,lejano,2094,365,0.7076161438337304,6828.507109853799
CESM2,ssp245,lejano,2095,365,0.6800872996549137,6562.853323066711
CESM2,ssp245,lejano,2096,365,0.736791249751424,7110.047348761237
CESM2,ssp245,lejano,2097,365,0.678369105164522,6546.272718743318
CESM2,ssp245,lejano,2098,365,0.7438530639087578,7178.193968368535
CESM2,ssp245,lejano,2099,365,0.7175606901304715,6924.472140730091
CESM2,ssp585,medio,2040,365,0.6583999313283636,6353.569871717609
CESM2,ssp585,medio,2041,365,0.7205517773042125,6953.336179814087
CESM2,ssp585,medio,2042,365,0.8068004793061189,7785.637534111715
CESM2,ssp585,medio,2043,365,0.6274699532201184,6055.095088093393
CESM2,ssp585,medio,2044,365,0.5524939642190233,5331.575594617002
CESM2,ssp585,medio,2045,365,0.6938590638194035,6695.751067602265
CESM2,ssp585,medio,2046,365,0.7850565103685644,7575.807885960812
CESM2,ssp585,medio,2047,365,0.7242117981199415,6988.655439246205
CESM2,ssp585,medio,2048,365,0.7783076507360451,7510.681282525247
CESM2,ssp585,medio,2049,365,0.7910112991448465,7633.271692928553
CESM2,ssp585,medio,2050,365,0.6048436992608955,5836.751375366829
CESM2,ssp585,medio,2051,365,0.7606283614119747,7340.075857679337
CESM2,ssp585,medio,2052,365,0.6929605002096191,6687.079914390826
CESM2,ssp585,medio,2053,365,0.6550577927957568,6321.318181403737
CESM2,ssp585,medio,2054,365,0.7226205330970542,6973.299706315102
CESM2,ssp585,medio,2055,365,0.7457557703435662,7196.555115907739
CESM2,ssp585,medio,2056,365,0.7181327338749116,6929.992372016639
CESM2,ssp585,medio,2057,365,0.779217656916944,7519.46285673102
CESM2,ssp585,medio,2058,365,0.6569556096070238,6339.632143997534
CESM2,ssp585,medio,2059,365,0.7446693800670312,7186.071432356931
CESM2,ssp585,medio,2060,365,0.7317138289611506,7061.0501568963655
CESM2,ssp585,medio,2061,365,0.7267983552311538,7013.615756754316
CESM2,ssp585,medio,2062,365,0.81580041140952,7872.48702290845
CESM2,ssp585,medio,2063,365,0.732972600584784,7073.197323204774
CESM2,ssp585,medio,2064,365,0.71959401875464,6944.0937944865755
CESM2,ssp585,medio,2065,365,0.7879652578624132,7603.877345816413
CESM2,ssp585,medio,2066,365,0.6094209367197174,5880.92179008026
CESM2,ssp585,medio,2067,365,0.7172825338842803,6921.787928503847
CESM2,ssp585,medio,2068,365,0.7396807585222618,7137.931154631962
CESM2,ssp585,medio,2069,365,0.8081449250993189,7798.611457527229
CESM2,ssp585,lejano,2070,365,0.8152598868937684,7867.270952683054
CESM2,ssp585,lejano,2071,365,0.688434322229001,6643.402224459015
CESM2,ssp585,lejano,2072,365,0.8165970434542168,7880.174534885887
CESM2,ssp585,lejano,2073,365,0.7615975291285005,7349.428341650496
CESM2,ssp585,lejano,2074,365,0.7511760825867049,7248.861215779023
CESM2,ssp585,lejano,2075,365,0.7188112119421304,6936.53969622095
CESM2,ssp585,lejano,2076,365,0.7222983642299117,6970.190771592474
CESM2,ssp585,lejano,2077,365,0.7703868608614136,7434.245533502415
CESM2,ssp585,lejano,2078,365,0.5846168991865142,5641.5624310202475
CESM2,ssp585,lejano,2079,365,0.7676407511663323,7407.7455310071255
CESM2,ssp585,lejano,2080,365,0.8199482012396229,7912.513261133579
CESM2,ssp585,lejano,2081,365,0.6376874157537018,6153.693765021873
CESM2,ssp585,lejano,2082,365,0.79520241867948,7673.716063495681
CESM2,ssp585,lejano,2083,365,0.6523699190820884,6295.3801570608575
CESM2,ssp585,lejano,2084,365,0.7670020566960023,7401.582119149329
CESM2,ssp585,lejano,2085,365,0.7518771430559643,7255.626460524344
CESM2,ssp585,lejano,2086,365,0.7321268796133842,7065.03610229923
CESM2,ssp585,lejano,2087,365,0.6199117204072847,5982.158020517824
CESM2,ssp585,lejano,2088,365,0.7805443722449256,7532.265680873487
CESM2,ssp585,lejano,2089,365,0.713101707242641,6881.442884518801
CESM2,ssp585,lejano,2090,365,0.7574475333110164,7309.380815611841
CESM2,ssp585,lejano,2091,365,0.7607165706158644,7340.927077908221
CESM2,ssp585,lejano,2092,365,0.7230126609814352,6977.083746673425
CESM2,ssp585,lejano,2093,365,0.7917857469966608,7640.745127089728
CESM2,ssp585,lejano,2094,365,0.794682670805044,7668.700488191407
CESM2,ssp585,lejano,2095,365,0.8031651792091526,7750.55683001119
CESM2,ssp585,lejano,2096,365,0.789307787274832,7616.832776126725
CESM2,ssp585,lejano,2097,365,0.6803962525202979,6565.834723160914
CESM2,ssp585,lejano,2098,365,0.8288497074938987,7998.412938911441
CESM2,ssp585,lejano,2099,365,0.7945031976160997,7666.968569046523
CESM2-WACCM,historical,historico,1981,365,0.7235619840460573,6982.384723036197
CESM2-WACCM,historical,historico,1982,365,0.579234457450502,5589.6217821486625
CESM2-WACCM,historical,historico,1983,365,0.6694885293320367,6460.575019870623
CESM2-WACCM,historical,historico,1984,365,0.6427429484321415,6202.47973625734
CESM2-WACCM,historical,historico,1985,365,0.6529344044931898,6300.827450309754
CESM2-WACCM,historical,historico,1986,365,0.5593672060876307,5397.902488620932
CESM2-WACCM,historical,historico,1987,365,0.7279284567060872,7024.521254069048
CESM2-WACCM,historical,historico,1988,365,0.7303513819462425,7047.902521403351
CESM2-WACCM,historical,historico,1989,365,0.610352078598987,5889.907324113482
CESM2-WACCM,historical,historico,1990,365,0.7061940575550891,6814.783954511529
CESM2-WACCM,historical,historico,1991,365,0.7613256047288232,7346.804266842819
CESM2-WACCM,historical,historico,1992,365,0.7532611250471363,7268.981908882864
CESM2-WACCM,historical,historico,1993,365,0.5963950817722818,5755.222081423827
CESM2-WACCM,historical,historico,1994,365,0.6167742624251387,5951.881500790787
CESM2-WACCM,historical,historico,1995,365,0.6645337827604827,6412.761636179182
CESM2-WACCM,historical,historico,1996,365,0.7253631772320925,6999.766266100528
CESM2-WACCM,historical,historico,1997,365,0.6167420801129277,5951.5709409630335
CESM2-WACCM,historical,historico,1998,365,0.7347100595130563,7089.963829661946
CESM2-WACCM,historical,historico,1999,365,0.6710719456995017,6475.855013151321
CESM2-WACCM,historical,historico,2000,365,0.7537536035411952,7273.73433423019
CESM2-WACCM,historical,historico,2001,365,0.7810061200522855,7536.721554602475
CESM2-WACCM,historical,historico,2002,365,0.5501906714726127,5309.348782761455
CESM2-WACCM,historical,historico,2003,365,0.7021143110763912,6775.414335716153
CESM2-WACCM,historical,historico,2004,365,0.7053686666462791,6806.81891903526
CESM2-WACCM,historical,historico,2005,365,0.6435062018892324,6209.845144330322
CESM2-WACCM,historical,historico,2006,365,0.6429434692966016,6204.414765807714
CESM2-WACCM,historical,historico,2007,365,0.721899596635623,6966.342657927307
CESM2-WACCM,historical,historico,2008,365,0.5522291995290155,5329.020611122191
CESM2-WACCM,historical,historico,2009,365,0.7118683857215775,6869.541312107393
CESM2-WACCM,historical,historico,2010,365,0.7176704855669193,6925.53166844854
CESM2-WACCM,historical,historico,2011,365,0.6781279354057025,6543.9454267119945
CESM2-WACCM,historical,historico,2012,365,0.6495866817548406,6268.521872321118
CESM2-WACCM,historical,historico,2013,365,0.5317867204502099,5131.750360932052
CESM2-WACCM,historical,historico,2014,365,0.7026942721593928,6781.0109694464945
CESM2-WACCM,ssp126,medio,2040,365,0.7324156417795663,7067.822661823083
CESM2-WACCM,ssp126,medio,2041,365,0.5112562286268041,4933.630786348317
CESM2-WACCM,ssp126,medio,2042,365,0.6169200266409499,5953.288127805593
CESM2-WACCM,ssp126,medio,2043,365,0.7190933592541034,6939.262422295846
CESM2-WACCM,ssp126,medio,2044,365,0.6077774585715786,5865.06219965507
CESM2-WACCM,ssp126,medio,2045,365,0.6219324320605044,6001.6579203027795
CESM2-WACCM,ssp126,medio,2046,365,0.56030330680402,5406.935875511701
CESM2-WACCM,ssp126,medio,2047,365,0.6873082859273348,6632.535956131355
CESM2-WACCM,ssp126,medio,2048,365,0.6758511424093077,6521.974337868097
CESM2-WACCM,ssp126,medio,2049,365,0.7287530331969495,7032.478430399094
CESM2-WACCM,ssp126,medio,2050,365,0.6803871430686754,6565.746816807006
CESM2-WACCM,ssp126,medio,2051,365,0.736006815476167,7102.477545454059
CESM2-WACCM,ssp126,medio,2052,365,0.615962700743676,5944.049917579685
CESM2-WACCM,ssp126,medio,2053,365,0.6673228726158655,6439.676397909064
CESM2-WACCM,ssp126,medio,2054,365,0.7265460094008603,7011.180615454452
CESM2-WACCM,ssp126,medio,2055,365,0.5578209220370417,5382.980822792204
CESM2-WACCM,ssp126,medio,2056,365,0.6305670394583311,6084.982019845526
CESM2-WACCM,ssp126,medio,2057,365,0.7765172187258016,7493.403584979484
CESM2-WACCM,ssp126,medio,2058,365,0.5618100271671678,5421.475751123603
CESM2-WACCM,ssp126,medio,2059,365,0.6975407134830196,6731.279045762554
CESM2-WACCM,ssp126,medio,2060,365,0.6980755315057727,6736.44004823921
CESM2-WACCM,ssp126,medio,2061,365,0.5864593066023093,5659.34169206119
CESM2-WACCM,ssp126,medio,2062,365,0.6257136732588549,6038.146958366721
CESM2-WACCM,ssp126,medio,2063,365,0.6850609500794379,6610.849129241776
CESM2-WACCM,ssp126,medio,2064,365,0.7013712885125916,6768.244156087124
CESM2-WACCM,ssp126,medio,2065,365,0.5699414416591556,5499.944031073917
CESM2-WACCM,ssp126,medio,2066,365,0.6834912554258816,6595.701550719844
CESM2-WACCM,ssp126,medio,2067,365,0.7384294225613859,7125.8557425881345
CESM2-WACCM,ssp126,medio,2068,365,0.7427806304934885,7167.844968752252
CESM2-WACCM,ssp126,medio,2069,365,0.6863745977576895,6623.525850355268
CESM2-WACCM,ssp126,lejano,2070,365,0.7373862302632131,7115.78892021969
CESM2-WACCM,ssp126,lejano,2071,365,0.6798297042867155,6560.367523642072
CESM2-WACCM,ssp126,lejano,2072,365,0.5184776322248907,5003.317446612311
CESM2-WACCM,ssp126,lejano,2073,365,0.5735501597534559,5534.7682184234045
CESM2-WACCM,ssp126,lejano,2074,365,0.6628915401469189,6396.913968682409
CESM2-WACCM,ssp126,lejano,2075,365,0.6231012614535347,6012.937142646793
CESM2-WACCM,ssp126,lejano,2076,365,0.6873746984901653,6633.17683842527
CESM2-WACCM,ssp126,lejano,2077,365,0.5288910776945126,5103.80736200929
CESM2-WACCM,ssp126,lejano,2078,365,0.6113967397187424,5899.988320633699
CESM2-WACCM,ssp126,lejano,2079,365,0.6597930162274827,6367.013163283467
CESM2-WACCM,ssp126,lejano,2080,365,0.48150280531628925,4646.509775347075
CESM2-WACCM,ssp126,lejano,2081,365,0.5729393165281838,5528.873571526037
CESM2-WACCM,ssp126,lejano,2082,365,0.6144134721208154,5929.099836581422
CESM2-WACCM,ssp126,lejano,2083,365,0.6041687830081661,5830.2384227293305
CESM2-WACCM,ssp126,lejano,2084,365,0.6484931884777884,6257.969644701673
CESM2-WACCM,ssp126,lejano,2085,365,0.6929728985456567,6687.199558531964
CESM2-WACCM,ssp126,lejano,2086,365,0.6146590511204695,5931.469677857348
CESM2-WACCM,ssp126,lejano,2087,365,0.6635297499133003,6403.072703139346
CESM2-WACCM,ssp126,lejano,2088,365,0.6895415863230032,6654.087340682362
CESM2-WACCM,ssp126,lejano,2089,365,0.5706713520014636,5506.987677555755
CESM2-WACCM,ssp126,lejano,2090,365,0.667251016719538,6438.982987359809
CESM2-WACCM,ssp126,lejano,2091,365,0.7388341413441019,7129.761285316845
CESM2-WACCM,ssp126,lejano,2092,365,0.6288810591160015,6068.712282566359
CESM2-WACCM,ssp126,lejano,2093,365,0.6506356564204387,6278.644494627736
CESM2-WACCM,ssp126,lejano,2094,365,0.5053718475368737,4876.846414680392
CESM2-WACCM,ssp126,lejano,2095,365,0.7026836014386093,6780.907996820203
CESM2-WACCM,ssp126,lejano,2096,365,0.6608445970715324,6377.16093525384
CESM2-WACCM,ssp126,lejano,2097,365,0.5443781383134939,5253.257744775428
CESM2-WACCM,ssp126,lejano,2098,365,0.7502783132412832,7240.197727231394
CESM2-WACCM,ssp126,lejano,2099,365,0.725724890532004,7003.256805232085
CESM2-WACCM,ssp245,medio,2040,365,0.5664945807362657,5466.681768018256
CESM2-WACCM,ssp245,medio,2041,365,0.6347613855421197,6125.457526663623
CESM2-WACCM,ssp245,medio,2042,365,0.7872978370494385,7597.436724292474
CESM2-WACCM,ssp245,medio,2043,365,0.7474988258428704,7213.375629364912
CESM2-WACCM,ssp245,medio,2044,365,0.7274557330967866,7019.959463675719
CESM2-WACCM,ssp245,medio,2045,365,0.8068818742213156,7786.422996345682
CESM2-WACCM,ssp245,medio,2046,365,0.7352054314209554,7094.744176499122
CESM2-WACCM,ssp245,medio,2047,365,0.7827032122081372,7553.098521059919
CESM2-WACCM,ssp245,medio,2048,365,0.7071805267857818,6824.303398371222
CESM2-WACCM,ssp245,medio,2049,365,0.7203187275319569,6951.087245783025
CESM2-WACCM,ssp245,medio,2050,365,0.7473078221060117,7211.5324402481665
CESM2-WACCM,ssp245,medio,2051,365,0.7691759076733518,7422.559815862367
CESM2-WACCM,ssp245,medio,2052,365,0.5311961763276768,5126.051600700902
CESM2-WACCM,ssp245,medio,2053,365,0.6169630408290974,5953.703215409443
CESM2-WACCM,ssp245,medio,2054,365,0.7466325370208647,7205.015928371937
CESM2-WACCM,ssp245,medio,2055,365,0.693074562349292,6688.180615863665
CESM2-WACCM,ssp245,medio,2056,365,0.709647119576146,6848.106058263722
CESM2-WACCM,ssp245,medio,2057,365,0.743742898977765,7177.130875021816
CESM2-WACCM,ssp245,medio,2058,365,0.839352349368247,8099.7636010411725
CESM2-WACCM,ssp245,medio,2059,365,0.7163125782661964,6912.427841270047
CESM2-WACCM,ssp245,medio,2060,365,0.781319049878381,7539.741332431174
CESM2-WACCM,ssp245,medio,2061,365,0.6248608488389987,6029.917189069918
CESM2-WACCM,ssp245,medio,2062,365,0.7183754965050415,6932.335035281594
CESM2-WACCM,ssp245,medio,2063,365,0.7735038875896033,7464.324891301873
CESM2-WACCM,ssp245,medio,2064,365,0.7376081165885884,7117.930126809743
CESM2-WACCM,ssp245,medio,2065,365,0.69296776759396,6687.150044765994
CESM2-WACCM,ssp245,medio,2066,365,0.7140955941071836,6891.033908663827
CESM2-WACCM,ssp245,medio,2067,365,0.7969885943060443,7690.952686870835
CESM2-WACCM,ssp245,medio,2068,365,0.4758399831432564,4591.8634507721545
CESM2-WACCM,ssp245,medio,2069,365,0.6321641850489533,6100.394500349361
CESM2-WACCM,ssp245,lejano,2070,365,0.7077333110389658,6829.637775258996
CESM2-WACCM,ssp245,lejano,2071,365,0.5690253843019624,5491.104062920085
CESM2-WACCM,ssp245,lejano,2072,365,0.7311899308813485,7055.9945320439065
CESM2-WACCM,ssp245,lejano,2073,365,0.7312846978362295,7056.909034674781
CESM2-WACCM,ssp245,lejano,2074,365,0.7872021496516338,7596.51333937266
CESM2-WACCM,ssp245,lejano,2075,365,0.6305197563801637,6084.525737384682
CESM2-WACCM,ssp245,lejano,2076,365,0.7571505800430353,7306.51521182457
CESM2-WACCM,ssp245,lejano,2077,365,0.7547417742318917,7283.270197206142
CESM2-WACCM,ssp245,lejano,2078,365,0.8535743119081654,8237.005767102786
CESM2-WACCM,ssp245,lejano,2079,365,0.6873298086850452,6632.743651087625
CESM2-WACCM,ssp245,lejano,2080,365,0.8205586237524553,7918.403848149172
CESM2-WACCM,ssp245,lejano,2081,365,0.7247775053740874,6994.11452330003
CESM2-WACCM,ssp245,lejano,2082,365,0.8202534349679659,7915.458771495831
CESM2-WACCM,ssp245,lejano,2083,365,0.7786325577746189,7513.816640645997
CESM2-WACCM,ssp245,lejano,2084,365,0.6498995536426184,6271.541091044125
CESM2-WACCM,ssp245,lejano,2085,365,0.8310454215249753,8019.601614442756
CESM2-WACCM,ssp245,lejano,2086,365,0.7180004764610284,6928.716085856547
CESM2-WACCM,ssp245,lejano,2087,365,0.7746947323331786,7475.816562130891
CESM2-WACCM,ssp245,lejano,2088,365,0.6756180886733284,6519.725365587037
CESM2-WACCM,ssp245,lejano,2089,365,0.7519268611656088,7256.106241077903
CESM2-WACCM,ssp245,lejano,2090,365,0.7295492756589022,7040.162182896816
CESM2-WACCM,ssp245,lejano,2091,365,0.7912476974715433,7635.5529405635525
CESM2-WACCM,ssp245,lejano,2092,365,0.70899443347055,6841.807626901743
CESM2-WACCM,ssp245,lejano,2093,365,0.7350012978242793,7092.774284025059
CESM2-WACCM,ssp245,lejano,2094,365,0.7301834581907589,7046.2820544761535
CESM2-WACCM,ssp245,lejano,2095,365,0.7637593175478883,7370.289634486202
CESM2-WACCM,ssp245,lejano,2096,365,0.5690190459001923,5491.042897241589
CESM2-WACCM,ssp245,lejano,2097,365,0.7398591545476381,7139.65267913118
CESM2-WACCM,ssp245,lejano,2098,365,0.7340590196727954,7083.6812847867905
CESM2-WACCM,ssp245,lejano,2099,365,0.7110213280755602,6861.367192270404
CESM2-WACCM,ssp585,medio,2040,365,0.8526908304838333,8228.480157222279
CESM2-WACCM,ssp585,medio,2041,365,0.8298093476572742,8007.673481842258
CESM2-WACCM,ssp585,medio,2042,365,0.6455395114182458,6229.466613818256
CESM2-WACCM,ssp585,medio,2043,365,0.7131063603568827,6881.487787145683
CESM2-WACCM,ssp585,medio,2044,365,0.8158730434765131,7873.187923517046
CESM2-WACCM,ssp585,medio,2045,365,0.7226476221747349,6973.561116348145
CESM2-WACCM,ssp585,medio,2046,365,0.7622562587963913,7355.785093485315
CESM2-WACCM,ssp585,medio,2047,365,0.7720337299104645,7450.137846175659
CESM2-WACCM,ssp585,medio,2048,365,0.7466640830144531,7205.320347714799
CESM2-WACCM,ssp585,medio,2049,365,0.7045633536811107,6799.047636036376
CESM2-WACCM,ssp585,medio,2050,365,0.7335529992019119,7078.798179146436
CESM2-WACCM,ssp585,medio,2051,365,0.728779661227946,7032.735391324259
CESM2-WACCM,ssp585,medio,2052,365,0.7959760681421261,7681.181793188606
CESM2-WACCM,ssp585,medio,2053,365,0.759998592188243,7333.998574594019
CESM2-WACCM,ssp585,medio,2054,365,0.6163434128445014,5947.723795444043
CESM2-WACCM,ssp585,medio,2055,365,0.7557945387774853,7293.429391915353
CESM2-WACCM,ssp585,medio,2056,365,0.7043496977905607,6796.9858532740745
CESM2-WACCM,ssp585,medio,2057,365,0.6340314393548021,6118.41353427687
CESM2-WACCM,ssp585,medio,2058,365,0.7837058279732547,7562.7737792351545
CESM2-WACCM,ssp585,medio,2059,365,0.7258285835437441,7004.257444454467
CESM2-WACCM,ssp585,medio,2060,365,0.7385304511177623,7126.830669773623
CESM2-WACCM,ssp585,medio,2061,365,0.7342875197934017,7085.886314606642
CESM2-WACCM,ssp585,medio,2062,365,0.7881048432975759,7605.224347499099
CESM2-WACCM,ssp585,medio,2063,365,0.792667521372889,7649.254263928719
CESM2-WACCM,ssp585,medio,2064,365,0.8327243591688488,8035.803389569137
CESM2-WACCM,ssp585,medio,2065,365,0.7419253081912388,7159.591094850384
CESM2-WACCM,ssp585,medio,2066,365,0.6922499331806291,6680.222931192001
CESM2-WACCM,ssp585,medio,2067,365,0.8188983554896951,7902.382232849245
CESM2-WACCM,ssp585,medio,2068,365,0.6525940747487042,6297.543262830191
CESM2-WACCM,ssp585,medio,2069,365,0.8184449241004137,7898.006612687776
CESM2-WACCM,ssp585,lejano,2070,365,0.7181132560306464,6929.8044105078325
CESM2-WACCM,ssp585,lejano,2071,365,0.814501547626866,7859.952966624019
CESM2-WACCM,ssp585,lejano,2072,365,0.7470891399184171,7209.422153638963
CESM2-WACCM,ssp585,lejano,2073,365,0.7204418211026334,6952.27510070955
CESM2-WACCM,ssp585,lejano,2074,365,0.7884354399319482,7608.4146103103385
CESM2-WACCM,ssp585,lejano,2075,365,0.752264528379745,7259.364735096993
CESM2-WACCM,ssp585,lejano,2076,365,0.7667533869780969,7399.182452392827
CESM2-WACCM,ssp585,lejano,2077,365,0.6690004533197984,6455.865078543307
CESM2-WACCM,ssp585,lejano,2078,365,0.8576557592403566,8276.391799161589
CESM2-WACCM,ssp585,lejano,2079,365,0.72458529068362,6992.259648461583
CESM2-WACCM,ssp585,lejano,2080,365,0.7992311480913333,7712.593366779735
CESM2-WACCM,ssp585,lejano,2081,365,0.722981800404049,6976.785941607878
CESM2-WACCM,ssp585,lejano,2082,365,0.8212716157610686,7925.284232440164
CESM2-WACCM,ssp585,lejano,2083,365,0.7860290381404271,7585.192794519732
CESM2-WACCM,ssp585,lejano,2084,365,0.8149016198760062,7863.813670229376
CESM2-WACCM,ssp585,lejano,2085,365,0.7603843106726521,7337.720764140063
CESM2-WACCM,ssp585,lejano,2086,365,0.8263848222761833,7974.626757122325
CESM2-WACCM,ssp585,lejano,2087,365,0.7827864826210501,7553.902081876854
CESM2-WACCM,ssp585,lejano,2088,365,0.8406044313567237,8111.846212263285
CESM2-WACCM,ssp585,lejano,2089,365,0.7131943800958525,6882.3371790350575
CESM2-WACCM,ssp585,lejano,2090,365,0.8575427140479779,8275.30091124641
CESM2-WACCM,ssp585,lejano,2091,365,0.8120210787983867,7836.016402741692
CESM2-WACCM,ssp585,lejano,2092,365,0.8092082940862823,7808.872985265329
CESM2-WACCM,ssp585,lejano,2093,365,0.7447877767172293,7187.21396192569
CESM2-WACCM,ssp585,lejano,2094,365,0.8264511363787406,7975.2666892730285
CESM2-WACCM,ssp585,lejano,2095,365,0.7993337579019235,7713.583553093687
CESM2-WACCM,ssp585,lejano,2096,365,0.7483424491715092,7221.516607984249
CESM2-WACCM,ssp585,lejano,2097,365,0.7862861667454338,7587.674089672105
CESM2-WACCM,ssp585,lejano,2098,365,0.6924592374863843,6682.2427210914075
CESM2-WACCM,ssp585,lejano,2099,365,0.823168415692906,7943.588382131194
CMCC-CM2-SR5,historical,historico,1981,365,0.5705025772387368,5505.358998395045
CMCC-CM2-SR5,historical,historico,1982,365,0.7083287725197862,6835.383988076296
CMCC-CM2-SR5,historical,historico,1983,365,0.6463834837483824,6237.61096030763
CMCC-CM2-SR5,historical,historico,1984,365,0.6558663021124275,6329.120309245758
CMCC-CM2-SR5,historical,historico,1985,365,0.7043838075023614,6797.315012538707
CMCC-CM2-SR5,historical,historico,1986,365,0.7175993473360822,6924.845183382749
CMCC-CM2-SR5,historical,historico,1987,365,0.7423171215028878,7163.372099576811
CMCC-CM2-SR5,historical,historico,1988,365,0.7473227612496853,7211.676603223643
CMCC-CM2-SR5,historical,historico,1989,365,0.634189714074509,6119.940887854436
CMCC-CM2-SR5,historical,historico,1990,365,0.6972109340710253,6728.096669160339
CMCC-CM2-SR5,historical,historico,1991,365,0.7086290639812638,6838.281805484218
CMCC-CM2-SR5,historical,historico,1992,365,0.6817682371527916,6579.074396816232
CMCC-CM2-SR5,historical,historico,1993,365,0.625064190923699,6031.87944344075
CMCC-CM2-SR5,historical,historico,1994,365,0.6099326547495729,5885.859877255854
CMCC-CM2-SR5,historical,historico,1995,365,0.6342850530727436,6120.860910712824
CMCC-CM2-SR5,historical,historico,1996,365,0.6614967935332939,6383.454641544982
CMCC-CM2-SR5,historical,historico,1997,365,0.6955028077869405,6711.6132231889005
CMCC-CM2-SR5,historical,historico,1998,365,0.5615236111553655,5418.711832027056
CMCC-CM2-SR5,historical,historico,1999,365,0.6464495651380477,6238.248646775201
CMCC-CM2-SR5,historical,historico,2000,365,0.6745457030234949,6509.376826907974
CMCC-CM2-SR5,historical,historico,2001,365,0.7364340084427543,7106.599964416713
CMCC-CM2-SR5,historical,historico,2002,365,0.7418225035682197,7158.599028593375
CMCC-CM2-SR5,historical,historico,2003,365,0.521831572677238,5035.683025640509
CMCC-CM2-SR5,historical,historico,2004,365,0.6829227504641535,6590.215468743088
CMCC-CM2-SR5,historical,historico,2005,365,0.6773125063862081,6536.076523627009
CMCC-CM2-SR5,historical,historico,2006,365,0.6721851989340947,6486.597924677196
CMCC-CM2-SR5,historical,historico,2007,365,0.6507616721875852,6279.860548796952
CMCC-CM2-SR5,historical,historico,2008,365,0.606167922643092,5849.5301521926
CMCC-CM2-SR5,historical,historico,2009,365,0.5781388517260166,5579.049169377688
CMCC-CM2-SR5,historical,historico,2010,365,0.7692576747558204,7423.348869516462
CMCC-CM2-SR5,historical,historico,2011,365,0.7077705321864187,6829.9969599274555
CMCC-CM2-SR5,historical,historico,2012,365,0.5986629405456537,5777.106954872607
CMCC-CM2-SR5,historical,historico,2013,365,0.7032388406553306,6786.266064145391
CMCC-CM2-SR5,historical,historico,2014,365,0.7229280841312332,6976.267578715746
CMCC-CM2-SR5,ssp126,medio,2040,365,0.6910148729210436,6668.304579926036
CMCC-CM2-SR5,ssp126,medio,2041,365,0.6611574140816802,6380.179624406839
CMCC-CM2-SR5,ssp126,medio,2042,365,0.6209374701532676,5992.056521978554
CMCC-CM2-SR5,ssp126,medio,2043,365,0.7274683700417073,7020.081410396395
CMCC-CM2-SR5,ssp126,medio,2044,365,0.6609243265450448,6377.930325948907
CMCC-CM2-SR5,ssp126,medio,2045,365,0.7164903756319705,6914.143588694525
CMCC-CM2-SR5,ssp126,medio,2046,365,0.6113661802603714,5899.693421371468
CMCC-CM2-SR5,ssp126,medio,2047,365,0.6964559239190676,6720.810809113786
CMCC-CM2-SR5,ssp126,medio,2048,365,0.5849654916950967,5644.9263543055495
CMCC-CM2-SR5,ssp126,medio,2049,365,0.633194375634,6110.33585597811
CMCC-CM2-SR5,ssp126,medio,2050,365,0.73654878828409,7107.707591722081
CMCC-CM2-SR5,ssp126,medio,2051,365,0.6587775332966705,6357.213736753403
CMCC-CM2-SR5,ssp126,medio,2052,365,0.6009243063036662,5798.92917061928
CMCC-CM2-SR5,ssp126,medio,2053,365,0.6632334219093876,6400.2131331603405
CMCC-CM2-SR5,ssp126,medio,2054,365,0.6840803900994858,6601.386709746279
CMCC-CM2-SR5,ssp126,medio,2055,365,0.6333662503333264,6111.994449576604
CMCC-CM2-SR5,ssp126,medio,2056,365,0.7104539305578246,6855.891797145896
CMCC-CM2-SR5,ssp126,medio,2057,365,0.7490608639177307,7228.449321779924
CMCC-CM2-SR5,ssp126,medio,2058,365,0.7288035828569035,7032.966235426445
CMCC-CM2-SR5,ssp126,medio,2059,365,0.6999484143354876,6754.513397512085
CMCC-CM2-SR5,ssp126,medio,2060,365,0.5150394744281573,4970.139168863308
CMCC-CM2-SR5,ssp126,medio,2061,365,0.5535512404602002,5341.778327260779
CMCC-CM2-SR5,ssp126,medio,2062,365,0.49633167712840903,4789.608625595981
CMCC-CM2-SR5,ssp126,medio,2063,365,0.7080971838710579,6833.14915391065
CMCC-CM2-SR5,ssp126,medio,2064,365,0.7298337117471811,7042.9069956996855
CMCC-CM2-SR5,ssp126,medio,2065,365,0.6610048085217414,6378.7069783117395
CMCC-CM2-SR5,ssp126,medio,2066,365,0.4967327906573847,4793.479377568412
CMCC-CM2-SR5,ssp126,medio,2067,365,0.5227481571277071,5044.528080252887
CMCC-CM2-SR5,ssp126,medio,2068,365,0.572771332692904,5527.252524827846
CMCC-CM2-SR5,ssp126,medio,2069,365,0.7120848584270163,6871.630277178442
CMCC-CM2-SR5,ssp126,lejano,2070,365,0.7184162828850336,6932.7286245011
CMCC-CM2-SR5,ssp126,lejano,2071,365,0.635047008693127,6128.213794640814
CMCC-CM2-SR5,ssp126,lejano,2072,365,0.6232790046219466,6014.652367065858
CMCC-CM2-SR5,ssp126,lejano,2073,365,0.5517208392869309,5324.114926652312
CMCC-CM2-SR5,ssp126,lejano,2074,365,0.6134882369454555,5920.171302335437
CMCC-CM2-SR5,ssp126,lejano,2075,365,0.5716696135373098,5516.620917348856
CMCC-CM2-SR5,ssp126,lejano,2076,365,0.6789475320177419,6551.854547131722
CMCC-CM2-SR5,ssp126,lejano,2077,365,0.6687606506291668,6453.55097874187
CMCC-CM2-SR5,ssp126,lejano,2078,365,0.6693418553927207,6459.159614009441
CMCC-CM2-SR5,ssp126,lejano,2079,365,0.5355888454529878,5168.440928042859
CMCC-CM2-SR5,ssp126,lejano,2080,365,0.39611945677314897,3822.5590957721956
CMCC-CM2-SR5,ssp126,lejano,2081,365,0.6057142323766884,5845.1520338627615
CMCC-CM2-SR5,ssp126,lejano,2082,365,0.6613317877657741,6381.862333248324
CMCC-CM2-SR5,ssp126,lejano,2083,365,0.6964111636813463,6720.378872103609
CMCC-CM2-SR5,ssp126,lejano,2084,365,0.6493182943710089,6265.931929772945
CMCC-CM2-SR5,ssp126,lejano,2085,365,0.7343323219462797,7086.318656098751
CMCC-CM2-SR5,ssp126,lejano,2086,365,0.6558568375460828,6329.028976029099
CMCC-CM2-SR5,ssp126,lejano,2087,365,0.5310533943241251,5124.673752082116
CMCC-CM2-SR5,ssp126,lejano,2088,365,0.5376600791715158,5188.428366566393
CMCC-CM2-SR5,ssp126,lejano,2089,365,0.5565899568040817,5371.101988598697
CMCC-CM2-SR5,ssp126,lejano,2090,365,0.6520299864592991,6292.099801812019
CMCC-CM2-SR5,ssp126,lejano,2091,365,0.6641544881817009,6409.1014374252245
CMCC-CM2-SR5,ssp126,lejano,2092,365,0.5789530780891525,5586.906466809572
CMCC-CM2-SR5,ssp126,lejano,2093,365,0.5316964960379648,5130.879693910296
CMCC-CM2-SR5,ssp126,lejano,2094,365,0.6835325234774815,6596.099788078072
CMCC-CM2-SR5,ssp126,lejano,2095,365,0.5809612247080858,5606.285113812622
CMCC-CM2-SR5,ssp126,lejano,2096,365,0.6106764322551603,5893.037342085213
CMCC-CM2-SR5,ssp126,lejano,2097,365,0.508452701084724,4906.576700710803
CMCC-CM2-SR5,ssp126,lejano,2098,365,0.5414503031822323,5225.0040889133925
CMCC-CM2-SR5,ssp126,lejano,2099,365,0.6358983935351485,6136.42967198848
CMCC-CM2-SR5,ssp245,medio,2040,365,0.5649002767411543,5451.296708956565
CMCC-CM2-SR5,ssp245,medio,2041,365,0.6674143894975205,6440.559537281305
CMCC-CM2-SR5,ssp245,medio,2042,365,0.7434998411093875,7174.785362703047
CMCC-CM2-SR5,ssp245,medio,2043,365,0.5892664765163396,5686.4309266463015
CMCC-CM2-SR5,ssp245,medio,2044,365,0.4947194792533082,4774.050890306092
CMCC-CM2-SR5,ssp245,medio,2045,365,0.6346854559402293,6124.724804790507
CMCC-CM2-SR5,ssp245,medio,2046,365,0.6871679902340714,6631.182100446632
CMCC-CM2-SR5,ssp245,medio,2047,365,0.6597371263964354,6366.473825519624
CMCC-CM2-SR5,ssp245,medio,2048,365,0.5758603601410031,5557.061689126442
CMCC-CM2-SR5,ssp245,medio,2049,365,0.5662716423094978,5464.530408632931
CMCC-CM2-SR5,ssp245,medio,2050,365,0.6482412708554189,6255.538635615127
CMCC-CM2-SR5,ssp245,medio,2051,365,0.6637068898403624,6404.782106269734
CMCC-CM2-SR5,ssp245,medio,2052,365,0.5809246335362036,5605.9320084185
CMCC-CM2-SR5,ssp245,medio,2053,365,0.6017770936116109,5807.158581785543
CMCC-CM2-SR5,ssp245,medio,2054,365,0.6497555048596586,6270.151017983782
CMCC-CM2-SR5,ssp245,medio,2055,365,0.7115628583189553,6866.592967783651
CMCC-CM2-SR5,ssp245,medio,2056,365,0.7148052084333778,6897.881698265431
CMCC-CM2-SR5,ssp245,medio,2057,365,0.6191667018073965,5974.968579108604
CMCC-CM2-SR5,ssp245,medio,2058,365,0.3888448697878241,3752.359214970419
CMCC-CM2-SR5,ssp245,medio,2059,365,0.5204888797319291,5022.726017235192
CMCC-CM2-SR5,ssp245,medio,2060,365,0.6269026936220929,6049.621023896294
CMCC-CM2-SR5,ssp245,medio,2061,365,0.6770437940580823,6533.483445361199
CMCC-CM2-SR5,ssp245,medio,2062,365,0.7227164020952798,6974.224843681883
CMCC-CM2-SR5,ssp245,medio,2063,365,0.7333687981005821,7077.020635571385
CMCC-CM2-SR5,ssp245,medio,2064,365,0.6314868438704964,6093.858147139791
CMCC-CM2-SR5,ssp245,medio,2065,365,0.6290879380968465,6070.708668041578
CMCC-CM2-SR5,ssp245,medio,2066,365,0.62709645004281,6051.490776456317
CMCC-CM2-SR5,ssp245,medio,2067,365,0.6184886943554899,5968.425796349587
CMCC-CM2-SR5,ssp245,medio,2068,365,0.6651243794773326,6418.460903946331
CMCC-CM2-SR5,ssp245,medio,2069,365,0.6663308060722822,6430.10293989042
CMCC-CM2-SR5,ssp245,lejano,2070,365,0.4864813483790259,4694.552795559173
CMCC-CM2-SR5,ssp245,lejano,2071,365,0.5532680545635627,5339.045578827252
CMCC-CM2-SR5,ssp245,lejano,2072,365,0.6045514570831295,5833.931233675513
CMCC-CM2-SR5,ssp245,lejano,2073,365,0.657022546006664,6340.278081325043
CMCC-CM2-SR5,ssp245,lejano,2074,365,0.6701772895273169,6467.22156677524
CMCC-CM2-SR5,ssp245,lejano,2075,365,0.7290714232834071,7035.550899827651
CMCC-CM2-SR5,ssp245,lejano,2076,365,0.6230877449956974,6012.806708612399
CMCC-CM2-SR5,ssp245,lejano,2077,365,0.6303183383115599,6082.582049799966
CMCC-CM2-SR5,ssp245,lejano,2078,365,0.611733919929597,5903.24211506333
CMCC-CM2-SR5,ssp245,lejano,2079,365,0.7026313975233643,6780.404228202826
CMCC-CM2-SR5,ssp245,lejano,2080,365,0.5098076731600851,4919.652202917591
CMCC-CM2-SR5,ssp245,lejano,2081,365,0.6786182060511723,6548.67654628511
CMCC-CM2-SR5,ssp245,lejano,2082,365,0.7200189460992552,6948.19435016095
CMCC-CM2-SR5,ssp245,lejano,2083,365,0.5534035614774284,5340.353222714168
CMCC-CM2-SR5,ssp245,lejano,2084,365,0.5412539892024523,5223.109655867491
CMCC-CM2-SR5,ssp245,lejano,2085,365,0.5012014343380639,4836.601860585265
CMCC-CM2-SR5,ssp245,lejano,2086,365,0.6258061329277272,6039.039195650694
CMCC-CM2-SR5,ssp245,lejano,2087,365,0.5471716253648495,5280.2149395168035
CMCC-CM2-SR5,ssp245,lejano,2088,365,0.7024246232630755,6778.408853282651
CMCC-CM2-SR5,ssp245,lejano,2089,365,0.6993112153961621,6748.36441755241
CMCC-CM2-SR5,ssp245,lejano,2090,365,0.3992991738302702,3853.243416248888
CMCC-CM2-SR5,ssp245,lejano,2091,365,0.5416367083860371,5226.802902112591
CMCC-CM2-SR5,ssp245,lejano,2092,365,0.5289639082556147,5104.510178089213
CMCC-CM2-SR5,ssp245,lejano,2093,365,0.595120640549301,5742.923703231003
CMCC-CM2-SR5,ssp245,lejano,2094,365,0.6278060002947347,6058.337947740193
CMCC-CM2-SR5,ssp245,lejano,2095,365,0.5761761360720492,5560.108931913452
CMCC-CM2-SR5,ssp245,lejano,2096,365,0.616123633268077,5945.602919015074
CMCC-CM2-SR5,ssp245,lejano,2097,365,0.6327210349775915,6105.768111070316
CMCC-CM2-SR5,ssp245,lejano,2098,365,0.6468022307118789,6241.651875205323
CMCC-CM2-SR5,ssp245,lejano,2099,365,0.7019376767688003,6773.70981182175
CMCC-CM2-SR5,ssp585,medio,2040,365,0.6805006206609643,6566.841877388235
CMCC-CM2-SR5,ssp585,medio,2041,365,0.710715301470718,6858.414030637252
CMCC-CM2-SR5,ssp585,medio,2042,365,0.685967076351693,6619.593262267059
CMCC-CM2-SR5,ssp585,medio,2043,365,0.5084391077432108,4906.445524747707
CMCC-CM2-SR5,ssp585,medio,2044,365,0.5027004149945784,4851.067047904321
CMCC-CM2-SR5,ssp585,medio,2045,365,0.5711355532351422,5511.467226887974
CMCC-CM2-SR5,ssp585,medio,2046,365,0.6635773032283219,6403.5315933901575
CMCC-CM2-SR5,ssp585,medio,2047,365,0.7151966215947814,6901.658841535585
CMCC-CM2-SR5,ssp585,medio,2048,365,0.5798492710982401,5595.5547436863535
CMCC-CM2-SR5,ssp585,medio,2049,365,0.48678881677726715,4697.519870521696
CMCC-CM2-SR5,ssp585,medio,2050,365,0.5559400366334096,5364.830248552989
CMCC-CM2-SR5,ssp585,medio,2051,365,0.584166353820601,5637.214661030461
CMCC-CM2-SR5,ssp585,medio,2052,365,0.7017753390176363,6772.143249925614
CMCC-CM2-SR5,ssp585,medio,2053,365,0.7043839090356956,6797.315992337007
CMCC-CM2-SR5,ssp585,medio,2054,365,0.748389858590584,7221.974109636873
CMCC-CM2-SR5,ssp585,medio,2055,365,0.6387963664956924,6164.395157425294
CMCC-CM2-SR5,ssp585,medio,2056,365,0.5318784054924434,5132.635123056566
CMCC-CM2-SR5,ssp585,medio,2057,365,0.6988460333483871,6743.875403348469
CMCC-CM2-SR5,ssp585,medio,2058,365,0.649434271281662,6267.0511088163785
CMCC-CM2-SR5,ssp585,medio,2059,365,0.6797063234982165,6559.176897058965
CMCC-CM2-SR5,ssp585,medio,2060,365,0.7334596898615051,7077.897742518562
CMCC-CM2-SR5,ssp585,medio,2061,365,0.720468453870422,6952.532107344833
CMCC-CM2-SR5,ssp585,medio,2062,365,0.7196595660693907,6944.7263271226775
CMCC-CM2-SR5,ssp585,medio,2063,365,0.5844323735881604,5639.781756043724
CMCC-CM2-SR5,ssp585,medio,2064,365,0.6758546255831449,6522.007950551357
CMCC-CM2-SR5,ssp585,medio,2065,365,0.681862460725731,6579.983655802675
CMCC-CM2-SR5,ssp585,medio,2066,365,0.7342616764023101,7085.636925469114
CMCC-CM2-SR5,ssp585,medio,2067,365,0.6362877107154613,6140.186589007572
CMCC-CM2-SR5,ssp585,medio,2068,365,0.5525420497158817,5332.039620431055
CMCC-CM2-SR5,ssp585,medio,2069,365,0.6418230630026439,6193.602827144521
CMCC-CM2-SR5,ssp585,lejano,2070,365,0.6265053256593178,6045.786416697627
CMCC-CM2-SR5,ssp585,lejano,2071,365,0.6737983156859222,6502.164527142199
CMCC-CM2-SR5,ssp585,lejano,2072,365,0.6813039270148619,6574.593796556248
CMCC-CM2-SR5,ssp585,lejano,2073,365,0.5309339730897816,5123.521335259962
CMCC-CM2-SR5,ssp585,lejano,2074,365,0.5529833287420088,5336.297970093645
CMCC-CM2-SR5,ssp585,lejano,2075,365,0.6080940823005878,5868.117623705989
CMCC-CM2-SR5,ssp585,lejano,2076,365,0.5956255177358839,5747.7957761595635
CMCC-CM2-SR5,ssp585,lejano,2077,365,0.7178431997994695,6927.198363556076
CMCC-CM2-SR5,ssp585,lejano,2078,365,0.7253839697085924,6999.966913831431
CMCC-CM2-SR5,ssp585,lejano,2079,365,0.5865121366252768,5659.851502628107
CMCC-CM2-SR5,ssp585,lejano,2080,365,0.6409918397031261,6185.581509004603
CMCC-CM2-SR5,ssp585,lejano,2081,365,0.667483280043827,6441.224332155411
CMCC-CM2-SR5,ssp585,lejano,2082,365,0.6675985448917592,6442.336639782194
CMCC-CM2-SR5,ssp585,lejano,2083,365,0.7733487593850721,7462.827901646095
CMCC-CM2-SR5,ssp585,lejano,2084,365,0.5822747402814102,5618.960560111453
CMCC-CM2-SR5,ssp585,lejano,2085,365,0.5120227049107698,4941.027294752206
CMCC-CM2-SR5,ssp585,lejano,2086,365,0.6041530351236734,5830.086455392009
CMCC-CM2-SR5,ssp585,lejano,2087,365,0.7406216024428425,7147.010313519068
CMCC-CM2-SR5,ssp585,lejano,2088,365,0.7010828666103046,6765.460880115305
CMCC-CM2-SR5,ssp585,lejano,2089,365,0.651655363234058,6288.484681694471
CMCC-CM2-SR5,ssp585,lejano,2090,365,0.6029736762508097,5818.7056233991325
CMCC-CM2-SR5,ssp585,lejano,2091,365,0.6556327048929841,6326.866092340575
CMCC-CM2-SR5,ssp585,lejano,2092,365,0.6922722313818263,6680.438109190324
CMCC-CM2-SR5,ssp585,lejano,2093,365,0.5593363569466399,5397.604793916785
CMCC-CM2-SR5,ssp585,lejano,2094,365,0.6110558536738296,5896.6987648461145
CMCC-CM2-SR5,ssp585,lejano,2095,365,0.5792001522944181,5589.290736843571
CMCC-CM2-SR5,ssp585,lejano,2096,365,0.6147370819522519,5932.222676632541
CMCC-CM2-SR5,ssp585,lejano,2097,365,0.587710072372024,5671.411601751189
CMCC-CM2-SR5,ssp585,lejano,2098,365,0.6871194198590428,6630.713395550481
CMCC-CM2-SR5,ssp585,lejano,2099,365,0.5659284718490141,5461.218808198535
CMCC-ESM2,historical,historico,1981,365,0.715436045035766,6903.969281571862
CMCC-ESM2,historical,historico,1982,365,0.6824352115521226,6585.510710441366
CMCC-ESM2,historical,historico,1983,365,0.7333316941151011,7076.662581517831
CMCC-ESM2,historical,historico,1984,365,0.5728145370188942,5527.669447264921
CMCC-ESM2,historical,historico,1985,365,0.6141545997147984,5926.6017137213985
CMCC-ESM2,historical,historico,1986,365,0.6890845748819255,6649.677172963779
CMCC-ESM2,historical,historico,1987,365,0.734036819720884,7083.467054895645
CMCC-ESM2,historical,historico,1988,365,0.7006272271015513,6761.063951565604
CMCC-ESM2,historical,historico,1989,365,0.6269473244021385,6050.051711637827
CMCC-ESM2,historical,historico,1990,365,0.6149963820874709,5934.724927086206
CMCC-ESM2,historical,historico,1991,365,0.7408080419060032,7148.809457321601
CMCC-ESM2,historical,historico,1992,365,0.5787390171465981,5584.840775288946
CMCC-ESM2,historical,historico,1993,365,0.6009376517353168,5799.057954248234
CMCC-ESM2,historical,historico,1994,365,0.5467839708089837,5276.474066850225
CMCC-ESM2,historical,historico,1995,365,0.5327278298078261,5140.832081290799
CMCC-ESM2,historical,historico,1996,365,0.6574511940032031,6344.414541350014
CMCC-ESM2,historical,historico,1997,365,0.7748271587720843,7477.094479385153
CMCC-ESM2,historical,historico,1998,365,0.7155137128781001,6904.718777493071
CMCC-ESM2,historical,historico,1999,365,0.6685567073714884,6451.582923042181
CMCC-ESM2,historical,historico,2000,365,0.7248532430017903,6994.845392619165
CMCC-ESM2,historical,historico,2001,365,0.7051809111579982,6805.0070755692595
CMCC-ESM2,historical,historico,2002,365,0.6594884462132,6364.074057772519
CMCC-ESM2,historical,historico,2003,365,0.6702463710567662,6467.888204639731
CMCC-ESM2,historical,historico,2004,365,0.5919738471705571,5712.557096777431
CMCC-ESM2,historical,historico,2005,365,0.6935079408455184,6692.362725286306
CMCC-ESM2,historical,historico,2006,365,0.6821151764428453,6582.422366516279
CMCC-ESM2,historical,historico,2007,365,0.6590827854339114,6360.159424761811
CMCC-ESM2,historical,historico,2008,365,0.6578577029444117,6348.33735913682
CMCC-ESM2,historical,historico,2009,365,0.7090456585483025,6842.301949721656
CMCC-ESM2,historical,historico,2010,365,0.6896782366663836,6655.406018682388
CMCC-ESM2,historical,historico,2011,365,0.6609248939199126,6377.935801125458
CMCC-ESM2,historical,historico,2012,365,0.6599309778327267,6368.344494981457
CMCC-ESM2,historical,historico,2013,365,0.7146829035580828,6896.701454261955
CMCC-ESM2,historical,historico,2014,365,0.7370360435845159,7112.409613167276
CMCC-ESM2,ssp126,medio,2040,365,0.6901647803520283,6660.101173033558
CMCC-ESM2,ssp126,medio,2041,365,0.6572586276754914,6342.556273206534
CMCC-ESM2,ssp126,medio,2042,365,0.5872781069420032,5667.243128440041
CMCC-ESM2,ssp126,medio,2043,365,0.6658252910344566,6425.224711687162
CMCC-ESM2,ssp126,medio,2044,365,0.7457933732202019,7196.917984268918
CMCC-ESM2,ssp126,medio,2045,365,0.7810814771673559,7537.448751968618
CMCC-ESM2,ssp126,medio,2046,365,0.6190018299718388,5973.377563257523
CMCC-ESM2,ssp126,medio,2047,365,0.664388492328284,6411.359581183819
CMCC-ESM2,ssp126,medio,2048,365,0.7213554083148884,6961.091231925206
CMCC-ESM2,ssp126,medio,2049,365,0.6647025073010703,6414.389830695444
CMCC-ESM2,ssp126,medio,2050,365,0.5978560379233941,5769.32033165736
CMCC-ESM2,ssp126,medio,2051,365,0.6907985191635929,6666.216762704978
CMCC-ESM2,ssp126,medio,2052,365,0.7377358947458125,7119.163188071406
CMCC-ESM2,ssp126,medio,2053,365,0.6487326511184139,6260.280463015112
CMCC-ESM2,ssp126,medio,2054,365,0.4467835405758585,4311.4683150936835
CMCC-ESM2,ssp126,medio,2055,365,0.5904141324282369,5697.505824558604
CMCC-ESM2,ssp126,medio,2056,365,0.6844825948202494,6605.267991736923
CMCC-ESM2,ssp126,medio,2057,365,0.7651212172783298,7383.431988675358
CMCC-ESM2,ssp126,medio,2058,365,0.6835773552781851,6596.532415672169
CMCC-ESM2,ssp126,medio,2059,365,0.48408074763668557,4671.386959985977
CMCC-ESM2,ssp126,medio,2060,365,0.5895677652247755,5689.338367503327
CMCC-ESM2,ssp126,medio,2061,365,0.7393017516434651,7134.273732187464
CMCC-ESM2,ssp126,medio,2062,365,0.73240384875579,7067.708858954953
CMCC-ESM2,ssp126,medio,2063,365,0.7106487050911509,6857.771374508887
CMCC-ESM2,ssp126,medio,2064,365,0.569313727479463,5493.886579196457
CMCC-ESM2,ssp126,medio,2065,365,0.6876082695162821,6635.430802564434
CMCC-ESM2,ssp126,medio,2066,365,0.6605893717919586,6374.698007222349
CMCC-ESM2,ssp126,medio,2067,365,0.7122817463977351,6873.530249246086
CMCC-ESM2,ssp126,medio,2068,365,0.6685454793953719,6451.474572893008
CMCC-ESM2,ssp126,medio,2069,365,0.6289954700183923,6069.816349605006
CMCC-ESM2,ssp126,lejano,2070,365,0.6662990005781262,6429.796016362926
CMCC-ESM2,ssp126,lejano,2071,365,0.7488938508451664,7226.837642957467
CMCC-ESM2,ssp126,lejano,2072,365,0.6137041104557155,5922.254485163421
CMCC-ESM2,ssp126,lejano,2073,365,0.5807950287093099,5604.681319765299
CMCC-ESM2,ssp126,lejano,2074,365,0.6083663205066482,5870.744726750281
CMCC-ESM2,ssp126,lejano,2075,365,0.7084169012848364,6836.234432069091
CMCC-ESM2,ssp126,lejano,2076,365,0.6205600793113762,5988.4146943160495
CMCC-ESM2,ssp126,lejano,2077,365,0.6332828826792596,6111.189950380978
CMCC-ESM2,ssp126,lejano,2078,365,0.5938989534525779,5731.134403200632
CMCC-ESM2,ssp126,lejano,2079,365,0.5447726925660056,5257.065199625034
CMCC-ESM2,ssp126,lejano,2080,365,0.6593926594930245,6363.149714390238
CMCC-ESM2,ssp126,lejano,2081,365,0.7071371780886726,6823.88508275054
CMCC-ESM2,ssp126,lejano,2082,365,0.6096178113137984,5882.821633063135
CMCC-ESM2,ssp126,lejano,2083,365,0.513082272449912,4951.252138458009
CMCC-ESM2,ssp126,lejano,2084,365,0.5951561791239836,5743.266651045306
CMCC-ESM2,ssp126,lejano,2085,365,0.6797656410753701,6559.749312627579
CMCC-ESM2,ssp126,lejano,2086,365,0.70188159736083,6773.168644637566
CMCC-ESM2,ssp126,lejano,2087,365,0.6030521483374592,5819.462880290855
CMCC-ESM2,ssp126,lejano,2088,365,0.5699719687150351,5500.238617651587
CMCC-ESM2,ssp126,lejano,2089,365,0.7344633777070301,7087.583346286883
CMCC-ESM2,ssp126,lejano,2090,365,0.6647584252818177,6414.929440104346
CMCC-ESM2,ssp126,lejano,2091,365,0.5508642300631837,5315.848633937404
CMCC-ESM2,ssp126,lejano,2092,365,0.6603092354407059,6371.994686950578
CMCC-ESM2,ssp126,lejano,2093,365,0.6347492774660713,6125.340683536027
CMCC-ESM2,ssp126,lejano,2094,365,0.74308099345769,7170.743476162603
CMCC-ESM2,ssp126,lejano,2095,365,0.7244909145532346,6991.348917293346
CMCC-ESM2,ssp126,lejano,2096,365,0.6312055551721714,6091.143706700335
CMCC-ESM2,ssp126,lejano,2097,365,0.46933576656934195,4529.097656766414
CMCC-ESM2,ssp126,lejano,2098,365,0.6160873148735918,5945.252445927199
CMCC-ESM2,ssp126,lejano,2099,365,0.7269778658652698,7015.348037245707
CMCC-ESM2,ssp245,medio,2040,365,0.6921497970666423,6679.2566160898505
CMCC-ESM2,ssp245,medio,2041,365,0.6963913845835854,6720.188003493751
CMCC-ESM2,ssp245,medio,2042,365,0.644903763543805,6223.331636657935
CMCC-ESM2,ssp245,medio,2043,365,0.643616199897085,6210.906626866068
CMCC-ESM2,ssp245,medio,2044,365,0.6711238514829316,6476.355904791913
CMCC-ESM2,ssp245,medio,2045,365,0.6860114942397949,6620.021895597928
CMCC-ESM2,ssp245,medio,2046,365,0.6958234297316854,6714.70723008564
CMCC-ESM2,ssp245,medio,2047,365,0.7214941652345535,6962.430238420083
CMCC-ESM2,ssp245,medio,2048,365,0.5045079347369663,4868.50964233868
CMCC-ESM2,ssp245,medio,2049,365,0.659472257437883,6363.9178358316885
CMCC-ESM2,ssp245,medio,2050,365,0.6987030251094026,6742.495371554136
CMCC-ESM2,ssp245,medio,2051,365,0.7454143023387263,7193.259944197545
CMCC-ESM2,ssp245,medio,2052,365,0.7005191892626035,6760.021384691151
CMCC-ESM2,ssp245,medio,2053,365,0.6728087641298708,6492.615338793478
CMCC-ESM2,ssp245,medio,2054,365,0.3216248999782452,3103.685430788466
CMCC-ESM2,ssp245,medio,2055,365,0.6084619645282306,5871.667693088857
CMCC-ESM2,ssp245,medio,2056,365,0.7020916386176352,6775.195546126397
CMCC-ESM2,ssp245,medio,2057,365,0.7563777979158222,7299.05785193245
CMCC-ESM2,ssp245,medio,2058,365,0.5666616220587589,5468.293719452976
CMCC-ESM2,ssp245,medio,2059,365,0.5521176146871924,5327.943815613242
CMCC-ESM2,ssp245,medio,2060,365,0.6491839940467395,6264.635929494941
CMCC-ESM2,ssp245,medio,2061,365,0.7563711895931818,7298.994081513237
CMCC-ESM2,ssp245,medio,2062,365,0.7094137547416937,6845.854083877419
CMCC-ESM2,ssp245,medio,2063,365,0.5824763589445252,5620.90618343641
CMCC-ESM2,ssp245,medio,2064,365,0.6784907761508067,6547.446845707702
CMCC-ESM2,ssp245,medio,2065,365,0.6914571017367827,6672.57209507358
CMCC-ESM2,ssp245,medio,2066,365,0.7471306076177391,7209.822317600903
CMCC-ESM2,ssp245,medio,2067,365,0.6596314853736491,6365.45438795948
CMCC-ESM2,ssp245,medio,2068,365,0.4341282085878017,4189.344158923624
CMCC-ESM2,ssp245,medio,2069,365,0.6353685973572062,6131.317130394597
CMCC-ESM2,ssp245,lejano,2070,365,0.7032813498471563,6786.676278526656
CMCC-ESM2,ssp245,lejano,2071,365,0.7443106289982985,7182.609478803644
CMCC-ESM2,ssp245,lejano,2072,365,0.5251608293420169,5067.810405723733
CMCC-ESM2,ssp245,lejano,2073,365,0.6491418336872605,6264.229081351402
CMCC-ESM2,ssp245,lejano,2074,365,0.6324746202815651,6103.390205311028
CMCC-ESM2,ssp245,lejano,2075,365,0.6726691205249253,6491.267775771457
CMCC-ESM2,ssp245,lejano,2076,365,0.7664730667612684,7396.477357815307
CMCC-ESM2,ssp245,lejano,2077,365,0.6579376818396466,6349.109156755499
CMCC-ESM2,ssp245,lejano,2078,365,0.6211045313021275,5993.66866473803
CMCC-ESM2,ssp245,lejano,2079,365,0.7846327979293206,7571.71905414271
CMCC-ESM2,ssp245,lejano,2080,365,0.6744871710366571,6508.811992298477
CMCC-ESM2,ssp245,lejano,2081,365,0.4698717367297331,4534.269777389712
CMCC-ESM2,ssp245,lejano,2082,365,0.5887872260519003,5681.806151996454
CMCC-ESM2,ssp245,lejano,2083,365,0.7347766900702353,7090.60681560481
CMCC-ESM2,ssp245,lejano,2084,365,0.6015047920011339,5804.530866887613
CMCC-ESM2,ssp245,lejano,2085,365,0.7383061680018886,7124.666334116913
CMCC-ESM2,ssp245,lejano,2086,365,0.6557829952571839,6328.3163967597475
CMCC-ESM2,ssp245,lejano,2087,365,0.6794937504367552,6557.125563614694
CMCC-ESM2,ssp245,lejano,2088,365,0.6195645665364804,5978.807980110099
CMCC-ESM2,ssp245,lejano,2089,365,0.5485526534085056,5293.541882234533
CMCC-ESM2,ssp245,lejano,2090,365,0.6228509975517517,6010.522091990364
CMCC-ESM2,ssp245,lejano,2091,365,0.7375140082105919,7117.021979456342
CMCC-ESM2,ssp245,lejano,2092,365,0.7213203597471944,6960.753012686182
CMCC-ESM2,ssp245,lejano,2093,365,0.48555928222972305,4685.654842465342
CMCC-ESM2,ssp245,lejano,2094,365,0.6087542438186073,5874.488192917462
CMCC-ESM2,ssp245,lejano,2095,365,0.6492030004569351,6264.81934165743
CMCC-ESM2,ssp245,lejano,2096,365,0.6894779914166999,6653.4736488190165
CMCC-ESM2,ssp245,lejano,2097,365,0.7468655704136449,7207.264704340799
CMCC-ESM2,ssp245,lejano,2098,365,0.6892151036024066,6650.936777204881
CMCC-ESM2,ssp245,lejano,2099,365,0.7120966076777856,6871.743657636353
CMCC-ESM2,ssp585,medio,2040,365,0.6112060167248784,5898.147840691344
CMCC-ESM2,ssp585,medio,2041,365,0.6040420990490312,5829.015920496735
CMCC-ESM2,ssp585,medio,2042,365,0.5884981627200634,5679.016686219215
CMCC-ESM2,ssp585,medio,2043,365,0.7498134443275419,7235.711734775888
CMCC-ESM2,ssp585,medio,2044,365,0.7778868135989264,7506.620197418657
CMCC-ESM2,ssp585,medio,2045,365,0.6433533364835596,6208.369990719733
CMCC-ESM2,ssp585,medio,2046,365,0.728046546814281,7025.66082550256
CMCC-ESM2,ssp585,medio,2047,365,0.7572064014179679,7307.053888985813
CMCC-ESM2,ssp585,medio,2048,365,0.803608235554583,7754.832330833495
CMCC-ESM2,ssp585,medio,2049,365,0.7525049928210479,7261.685220802997
CMCC-ESM2,ssp585,medio,2050,365,0.671328173079621,6478.327611469112
CMCC-ESM2,ssp585,medio,2051,365,0.5733735979903409,5533.064394584357
CMCC-ESM2,ssp585,medio,2052,365,0.6437788843833278,6212.476534761262
CMCC-ESM2,ssp585,medio,2053,365,0.6342443932236227,6120.468542518251
CMCC-ESM2,ssp585,medio,2054,365,0.7428915325974729,7168.915175830134
CMCC-ESM2,ssp585,medio,2055,365,0.7493919283776947,7231.644099115609
CMCC-ESM2,ssp585,medio,2056,365,0.7879531459511847,7603.760465679267
CMCC-ESM2,ssp585,medio,2057,365,0.7074604883624747,6827.005032065694
CMCC-ESM2,ssp585,medio,2058,365,0.5448057309852392,5257.384020899254
CMCC-ESM2,ssp585,medio,2059,365,0.5933792458730639,5726.119216743001
CMCC-ESM2,ssp585,medio,2060,365,0.7857603986992432,7582.600419614076
CMCC-ESM2,ssp585,medio,2061,365,0.7257239860668477,7003.248077128857
CMCC-ESM2,ssp585,medio,2062,365,0.7191379831277108,6939.693043390139
CMCC-ESM2,ssp585,medio,2063,365,0.6915132355501681,6673.1137872708905
CMCC-ESM2,ssp585,medio,2064,365,0.690801809358462,6666.248513138108
CMCC-ESM2,ssp585,medio,2065,365,0.5141612204516897,4961.664003938332
CMCC-ESM2,ssp585,medio,2066,365,0.5897928820179723,5691.510748159544
CMCC-ESM2,ssp585,medio,2067,365,0.6265845130158366,6046.5505759550315
CMCC-ESM2,ssp585,medio,2068,365,0.7378342217381392,7120.112045120591
CMCC-ESM2,ssp585,medio,2069,365,0.7611338896408533,7344.954213176468
CMCC-ESM2,ssp585,lejano,2070,365,0.5699213785652419,5499.7504218966415
CMCC-ESM2,ssp585,lejano,2071,365,0.5882709401595252,5676.82398487446
CMCC-ESM2,ssp585,lejano,2072,365,0.6894333502469666,6653.04286081683
CMCC-ESM2,ssp585,lejano,2073,365,0.7928270272209029,7650.793497914147
CMCC-ESM2,ssp585,lejano,2074,365,0.6731411219758052,6495.822597324472
CMCC-ESM2,ssp585,lejano,2075,365,0.6790782127084342,6553.115617887792
CMCC-ESM2,ssp585,lejano,2076,365,0.625702317673537,6038.037376786714
CMCC-ESM2,ssp585,lejano,2077,365,0.6057871107892121,5845.855311709668
CMCC-ESM2,ssp585,lejano,2078,365,0.7362953979126743,7105.262370583673
CMCC-ESM2,ssp585,lejano,2079,365,0.6654148196395432,6421.263656158705
CMCC-ESM2,ssp585,lejano,2080,365,0.480273784211024,4634.649702016928
CMCC-ESM2,ssp585,lejano,2081,365,0.6604445384225959,6373.3003628906645
CMCC-ESM2,ssp585,lejano,2082,365,0.7735090657579402,7464.374860709175
CMCC-ESM2,ssp585,lejano,2083,365,0.7188434551620418,6936.850843808987
CMCC-ESM2,ssp585,lejano,2084,365,0.68460075906466,6606.408278586113
CMCC-ESM2,ssp585,lejano,2085,365,0.717604378035601,6924.893729713597
CMCC-ESM2,ssp585,lejano,2086,365,0.66966735671684,6462.300706995213
CMCC-ESM2,ssp585,lejano,2087,365,0.6607951307303226,6376.683584269705
CMCC-ESM2,ssp585,lejano,2088,365,0.7343929944855642,7086.904147073605
CMCC-ESM2,ssp585,lejano,2089,365,0.6983112362724804,6738.714603009215
CMCC-ESM2,ssp585,lejano,2090,365,0.7736988106273158,7466.205901734566
CMCC-ESM2,ssp585,lejano,2091,365,0.6025743221153184,5814.851849601976
CMCC-ESM2,ssp585,lejano,2092,365,0.5717976282605907,5517.856261476752
CMCC-ESM2,ssp585,lejano,2093,365,0.6682643997413614,6448.7621497345335
CMCC-ESM2,ssp585,lejano,2094,365,0.7180738555226339,6929.424194975105
CMCC-ESM2,ssp585,lejano,2095,365,0.6476998994619638,6250.314393006342
CMCC-ESM2,ssp585,lejano,2096,365,0.553518612672453,5341.463468586974
CMCC-ESM2,ssp585,lejano,2097,365,0.6822358171904715,6583.586551661125
CMCC-ESM2,ssp585,lejano,2098,365,0.7293564904264812,7038.30180231939
CMCC-ESM2,ssp585,lejano,2099,365,0.6593780433159299,6363.008668047415
EC-Earth3,historical,historico,1981,365,0.6900467385872818,6658.962068115087
EC-Earth3,historical,historico,1982,365,0.7124687084368428,6875.334435914868
EC-Earth3,historical,historico,1983,365,0.6448999518111305,6223.2948533766385
EC-Earth3,historical,historico,1984,366,0.7312023400271812,7075.446100446314
EC-Earth3,historical,historico,1985,365,0.7271850284024539,7017.347159044134
EC-Earth3,historical,historico,1986,365,0.7486424628122625,7224.411744417738
EC-Earth3,historical,historico,1987,365,0.6292880841201147,6072.640080368453
EC-Earth3,historical,historico,1988,366,0.6953173649280536,6728.206775254469
EC-Earth3,historical,historico,1989,365,0.740098628488452,7141.963606491617
EC-Earth3,historical,historico,1990,365,0.7613555064666462,7347.092819091239
EC-Earth3,historical,historico,1991,365,0.6985293100449429,6740.819018402659
EC-Earth3,historical,historico,1992,366,0.5884082444926076,5693.705546416769
EC-Earth3,historical,historico,1993,365,0.6446769362498034,6221.142749641583
EC-Earth3,historical,historico,1994,365,0.684971212102248,6609.983156326085
EC-Earth3,historical,historico,1995,365,0.6685897716943937,6451.901994287245
EC-Earth3,historical,historico,1996,366,0.7313089561187983,7076.477766195152
EC-Earth3,historical,historico,1997,365,0.6053025763086535,5841.179546219726
EC-Earth3,historical,historico,1998,365,0.5249367528008324,5065.648063516077
EC-Earth3,historical,historico,1999,365,0.6661694058924585,6428.545425572718
EC-Earth3,historical,historico,2000,366,0.6965961511960845,6740.580892264417
EC-Earth3,historical,historico,2001,365,0.58848348035244,5678.875001136731
EC-Earth3,historical,historico,2002,365,0.6292403032027972,6072.178993751843
EC-Earth3,historical,historico,2003,365,0.582419731390117,5620.359726630331
EC-Earth3,historical,historico,2004,366,0.6264036018205698,6061.3658890125
EC-Earth3,historical,historico,2005,365,0.6410449410160006,6186.093937523462
EC-Earth3,historical,historico,2006,365,0.6226203439985551,6008.29628151156
EC-Earth3,historical,historico,2007,365,0.7106691118171248,6857.968299741043
EC-Earth3,historical,historico,2008,366,0.7080906841255664,6851.8072160058455
EC-Earth3,historical,historico,2009,365,0.6273953484084367,6054.375150466988
EC-Earth3,historical,historico,2010,365,0.6710437783022919,6475.583197317569
EC-Earth3,historical,historico,2011,365,0.6086542447621192,5873.523200422366
EC-Earth3,historical,historico,2012,366,0.7514256688245095,7271.136219369867
EC-Earth3,historical,historico,2013,365,0.6780083532892806,6542.79145737521
EC-Earth3,historical,historico,2014,365,0.7000222472959182,6755.225886761567
EC-Earth3,ssp126,medio,2040,366,0.5132051002022698,4966.005749954694
EC-Earth3,ssp126,medio,2041,365,0.6210964954104399,5993.591118254671
EC-Earth3,ssp126,medio,2042,365,0.7096082834644506,6847.731289164482
EC-Earth3,ssp126,medio,2043,365,0.5909372551776336,5702.553967460247
EC-Earth3,ssp126,medio,2044,366,0.5852114101586209,5662.771524759592
EC-Earth3,ssp126,medio,2045,365,0.6585542252256469,6355.058810295096
EC-Earth3,ssp126,medio,2046,365,0.6356414201359983,6133.949874575105
EC-Earth3,ssp126,medio,2047,365,0.609220192610114,5878.984606210681
EC-Earth3,ssp126,medio,2048,366,0.6354456327446671,6148.860688932918
EC-Earth3,ssp126,medio,2049,365,0.6638442205305659,6406.107349627489
EC-Earth3,ssp126,medio,2050,365,0.6081177794576541,5868.346301650833
EC-Earth3,ssp126,medio,2051,365,0.6115144043844517,5901.123786540428
EC-Earth3,ssp126,medio,2052,366,0.71972555945094,6964.391556541509
EC-Earth3,ssp126,medio,2053,365,0.7424102033306629,7164.27034070415
EC-Earth3,ssp126,medio,2054,365,0.7152010070670317,6901.701161412968
EC-Earth3,ssp126,medio,2055,365,0.6938254934576842,6695.427113074547
EC-Earth3,ssp126,medio,2056,366,0.6825833537332988,6604.986696599335
EC-Earth3,ssp126,medio,2057,365,0.6044197951282232,5832.660693704076
EC-Earth3,ssp126,medio,2058,365,0.7187832803830068,6936.270156228501
EC-Earth3,ssp126,medio,2059,365,0.6653199467272487,6420.348131037096
EC-Earth3,ssp126,medio,2060,366,0.5783829687510943,5596.696422856588
EC-Earth3,ssp126,medio,2061,365,0.6962964839486145,6719.272210847872
EC-Earth3,ssp126,medio,2062,365,0.7707098730468217,7437.362606259798
EC-Earth3,ssp126,medio,2063,365,0.6831637545571797,6592.541162096857
EC-Earth3,ssp126,medio,2064,366,0.6102406649932379,5904.965967832743
EC-Earth3,ssp126,medio,2065,365,0.6855630174128763,6615.694087042534
EC-Earth3,ssp126,medio,2066,365,0.7132130886851117,6882.517717220746
EC-Earth3,ssp126,medio,2067,365,0.6131526714572999,5916.9330900056875
EC-Earth3,ssp126,medio,2068,366,0.5992008117977576,5798.139331803983
EC-Earth3,ssp126,medio,2069,365,0.6560799668110185,6331.182177005798
EC-Earth3,ssp126,lejano,2070,365,0.6345758564695255,6123.667168144624
EC-Earth3,ssp126,lejano,2071,365,0.6283027019435635,6063.131126598619
EC-Earth3,ssp126,lejano,2072,366,0.5625057812076437,5443.061541592141
EC-Earth3,ssp126,lejano,2073,365,0.6303020226198769,6082.424603114174
EC-Earth3,ssp126,lejano,2074,365,0.6052286689897597,5840.466339409884
EC-Earth3,ssp126,lejano,2075,365,0.689353406059003,6652.271398123874
EC-Earth3,ssp126,lejano,2076,366,0.5833830608307622,5645.079585861296
EC-Earth3,ssp126,lejano,2077,365,0.6270118327869342,6050.674218583239
EC-Earth3,ssp126,lejano,2078,365,0.6831508048550341,6592.416197263956
EC-Earth3,ssp126,lejano,2079,365,0.6554870291450693,6325.460319042385
EC-Earth3,ssp126,lejano,2080,366,0.6333534812584539,6128.616080478683
EC-Earth3,ssp126,lejano,2081,365,0.6780739726554086,6543.424685308254
EC-Earth3,ssp126,lejano,2082,365,0.6970778556194214,6726.812459973106
EC-Earth3,ssp126,lejano,2083,365,0.5956488141082426,5748.020586525566
EC-Earth3,ssp126,lejano,2084,366,0.678667776925354,6567.097796167559
EC-Earth3,ssp126,lejano,2085,365,0.6372001371014322,6148.991518231014
EC-Earth3,ssp126,lejano,2086,365,0.704236038395603,6795.889038294182
EC-Earth3,ssp126,lejano,2087,365,0.640817422529647,6183.8983804898535
EC-Earth3,ssp126,lejano,2088,366,0.5900648704863558,5709.735812303127
EC-Earth3,ssp126,lejano,2089,365,0.7087219744328976,6839.178392829052
EC-Earth3,ssp126,lejano,2090,365,0.6338966107762227,6117.112436336321
EC-Earth3,ssp126,lejano,2091,365,0.6552325631460316,6323.004718080215
EC-Earth3,ssp126,lejano,2092,366,0.7318657776443247,7081.865824295846
EC-Earth3,ssp126,lejano,2093,365,0.6938916365463654,6696.065394938611
EC-Earth3,ssp126,lejano,2094,365,0.6392664129334307,6168.931113070213
EC-Earth3,ssp126,lejano,2095,365,0.6214468184109132,5996.971740814406
EC-Earth3,ssp126,lejano,2096,366,0.6937294037106196,6712.8409409450005
EC-Earth3,ssp126,lejano,2097,365,0.6936236080463439,6693.478915624947
EC-Earth3,ssp126,lejano,2098,365,0.7198863490373428,6946.914786391942
EC-Earth3,ssp126,lejano,2099,365,0.6366249862204297,6143.441303026926
EC-Earth3,ssp245,medio,2040,366,0.6397216984983801,6190.2378442101235
EC-Earth3,ssp245,medio,2041,365,0.628447457258374,6064.528017702625
EC-Earth3,ssp245,medio,2042,365,0.5338872329592537,5152.020340252525
EC-Earth3,ssp245,medio,2043,365,0.6656895909522433,6423.915203722603
EC-Earth3,ssp245,medio,2044,366,0.6569405922373782,6356.855684293983
EC-Earth3,ssp245,medio,2045,365,0.6234933844829637,6016.721136154751
EC-Earth3,ssp245,medio,2046,365,0.6609176668623105,6377.866059903965
EC-Earth3,ssp245,medio,2047,365,0.6500337479873162,6272.836068617568
EC-Earth3,ssp245,medio,2048,366,0.6591276419957527,6378.018571551425
EC-Earth3,ssp245,medio,2049,365,0.6736845768121762,6501.066945190729
EC-Earth3,ssp245,medio,2050,365,0.5923988224744352,5716.658115259459
EC-Earth3,ssp245,medio,2051,365,0.5840219350216896,5635.821017310265
EC-Earth3,ssp245,medio,2052,366,0.599833154681467,5804.258168883362
EC-Earth3,ssp245,medio,2053,365,0.6358217564039647,6135.690122446361
EC-Earth3,ssp245,medio,2054,365,0.6331664244778418,6110.066126873964
EC-Earth3,ssp245,medio,2055,365,0.6635139909574014,6402.920628962777
EC-Earth3,ssp245,medio,2056,366,0.6905814327760429,6682.3797437440435
EC-Earth3,ssp245,medio,2057,365,0.6123926542242643,5909.598911546616
EC-Earth3,ssp245,medio,2058,365,0.6010772280883615,5800.404868288338
EC-Earth3,ssp245,medio,2059,365,0.6906816180055755,6665.088664659691
EC-Earth3,ssp245,medio,2060,366,0.5333740441612712,5161.169616470126
EC-Earth3,ssp245,medio,2061,365,0.610597425779207,5892.274928328158
EC-Earth3,ssp245,medio,2062,365,0.6691199102770495,6457.017840092092
EC-Earth3,ssp245,medio,2063,365,0.5449430488358541,5258.709140354772
EC-Earth3,ssp245,medio,2064,366,0.5785115071486197,5597.940218798892
EC-Earth3,ssp245,medio,2065,365,0.6580692237214062,6350.378538019149
EC-Earth3,ssp245,medio,2066,365,0.6077291199805358,5864.59573147809
EC-Earth3,ssp245,medio,2067,365,0.6508946990588781,6281.144260233358
EC-Earth3,ssp245,medio,2068,366,0.7040403396502273,6812.6142423859355
EC-Earth3,ssp245,medio,2069,365,0.6673191766248342,6439.640731536475
EC-Earth3,ssp245,lejano,2070,365,0.6755977274853124,6519.528879796904
EC-Earth3,ssp245,lejano,2071,365,0.6281019949822828,6061.194301210949
EC-Earth3,ssp245,lejano,2072,366,0.6228380984521621,6026.864458255057
EC-Earth3,ssp245,lejano,2073,365,0.65940638437668,6363.282159737111
EC-Earth3,ssp245,lejano,2074,365,0.41862371003052096,4039.725499773887
EC-Earth3,ssp245,lejano,2075,365,0.6218408249602306,6000.773910319424
EC-Earth3,ssp245,lejano,2076,366,0.734004568621361,7102.5617376562695
EC-Earth3,ssp245,lejano,2077,365,0.5714435942519357,5514.439827628687
EC-Earth3,ssp245,lejano,2078,365,0.6476128374740586,6249.474243430065
EC-Earth3,ssp245,lejano,2079,365,0.64620168799012,6235.856628331665
EC-Earth3,ssp245,lejano,2080,366,0.6238062807456277,6036.2330300686635
EC-Earth3,ssp245,lejano,2081,365,0.7427361398851492,7167.415633669928
EC-Earth3,ssp245,lejano,2082,365,0.6037147431985982,5825.856931302363
EC-Earth3,ssp245,lejano,2083,365,0.757424299107418,7309.15660517537
EC-Earth3,ssp245,lejano,2084,366,0.7313795134243426,7077.160510744838
EC-Earth3,ssp245,lejano,2085,365,0.721436612223654,6961.874850944056
EC-Earth3,ssp245,lejano,2086,365,0.5377533071558189,5189.328018106567
EC-Earth3,ssp245,lejano,2087,365,0.6469711712450357,6243.282154053333
EC-Earth3,ssp245,lejano,2088,366,0.686482023854635,6642.7120002490865
EC-Earth3,ssp245,lejano,2089,365,0.6423588203744849,6198.772894354905
EC-Earth3,ssp245,lejano,2090,365,0.6303105163330122,6082.506567581828
EC-Earth3,ssp245,lejano,2091,365,0.6454896413736279,6228.985367089771
EC-Earth3,ssp245,lejano,2092,366,0.6674588853666968,6458.635468125669
EC-Earth3,ssp245,lejano,2093,365,0.6254347845551864,6035.455677914101
EC-Earth3,ssp245,lejano,2094,365,0.6588440754658442,6357.855869750603
EC-Earth3,ssp245,lejano,2095,365,0.6817620211867894,6579.014412644857
EC-Earth3,ssp245,lejano,2096,366,0.51424447627381,4976.063225115404
EC-Earth3,ssp245,lejano,2097,365,0.6502130575506844,6274.566408773025
EC-Earth3,ssp245,lejano,2098,365,0.6946378860765046,6703.266714844446
EC-Earth3,ssp245,lejano,2099,365,0.7074606649778146,6827.00673640655
EC-Earth3,ssp585,medio,2040,366,0.5738966642035151,5553.2849014774265
EC-Earth3,ssp585,medio,2041,365,0.5268377431440265,5083.992650743746
EC-Earth3,ssp585,medio,2042,365,0.614579786016323,5930.7047683340925
EC-Earth3,ssp585,medio,2043,365,0.7099523607268565,6851.051640251936
EC-Earth3,ssp585,medio,2044,366,0.653534391169799,6323.895734986321
EC-Earth3,ssp585,medio,2045,365,0.6835481074949088,6596.2501740955895
EC-Earth3,ssp585,medio,2046,365,0.7512571561002093,7249.643576481517
EC-Earth3,ssp585,medio,2047,365,0.5567094494499334,5372.2550945430485
EC-Earth3,ssp585,medio,2048,366,0.6039766542078916,5844.352553107231
EC-Earth3,ssp585,medio,2049,365,0.6662462688587981,6429.287154427702
EC-Earth3,ssp585,medio,2050,365,0.6996907147184234,6752.026592084219
EC-Earth3,ssp585,medio,2051,365,0.7526921789803969,7263.491570235693
EC-Earth3,ssp585,medio,2052,366,0.5178911472140639,5011.350070180575
EC-Earth3,ssp585,medio,2053,365,0.6114266741541013,5900.277188413864
EC-Earth3,ssp585,medio,2054,365,0.7102440049895224,6853.86601205297
EC-Earth3,ssp585,medio,2055,365,0.7299219268243387,7043.758272605697
EC-Earth3,ssp585,medio,2056,366,0.7291143671495517,7055.241926107494
EC-Earth3,ssp585,medio,2057,365,0.6591141030588453,6360.461640343505
EC-Earth3,ssp585,medio,2058,365,0.6779879451525056,6542.594518528801
EC-Earth3,ssp585,medio,2059,365,0.7074139221492035,6826.555667362568
EC-Earth3,ssp585,medio,2060,366,0.5426879111922499,5251.294826083055
EC-Earth3,ssp585,medio,2061,365,0.7588476080292305,7322.891559043803
EC-Earth3,ssp585,medio,2062,365,0.7208026514676363,6955.757119505113
EC-Earth3,ssp585,medio,2063,365,0.7790485403390149,7517.830879048139
EC-Earth3,ssp585,medio,2064,366,0.5523037698686719,5344.342244082297
EC-Earth3,ssp585,medio,2065,365,0.5698048040410076,5498.625475872587
EC-Earth3,ssp585,medio,2066,365,0.7682312824294036,7413.444167144263
EC-Earth3,ssp585,medio,2067,365,0.7417770937440319,7158.160823063407
EC-Earth3,ssp585,medio,2068,366,0.6540793114042075,6329.168630786213
EC-Earth3,ssp585,medio,2069,365,0.6389990086177506,6166.350657145431
EC-Earth3,ssp585,lejano,2070,365,0.7200599285875077,6948.589831828305
EC-Earth3,ssp585,lejano,2071,365,0.6595973592994593,6365.12507079753
EC-Earth3,ssp585,lejano,2072,366,0.7769490680577588,7518.112228183399
EC-Earth3,ssp585,lejano,2073,365,0.7205357123299174,6953.1811525551
EC-Earth3,ssp585,lejano,2074,365,0.8071328893226825,7788.845296090115
EC-Earth3,ssp585,lejano,2075,365,0.6390389636775912,6166.736224112173
EC-Earth3,ssp585,lejano,2076,366,0.6876959673360064,6654.458668990755
EC-Earth3,ssp585,lejano,2077,365,0.7139012686725178,6889.158665110094
EC-Earth3,ssp585,lejano,2078,365,0.7756719426026611,7485.2466568667605
EC-Earth3,ssp585,lejano,2079,365,0.4762084413611472,4595.419078470132
EC-Earth3,ssp585,lejano,2080,366,0.5933220057037087,5741.253332708478
EC-Earth3,ssp585,lejano,2081,365,0.7645290585423972,7377.7176473990685
EC-Earth3,ssp585,lejano,2082,365,0.6439366525462297,6213.999000057556
EC-Earth3,ssp585,lejano,2083,365,0.5411592023516417,5222.19496124058
EC-Earth3,ssp585,lejano,2084,366,0.7733768694539088,7483.546011285502
EC-Earth3,ssp585,lejano,2085,365,0.7570537259430908,7305.580568210441
EC-Earth3,ssp585,lejano,2086,365,0.7107601296346611,6858.846623136553
EC-Earth3,ssp585,lejano,2087,365,0.565148254043134,5453.689693888307
EC-Earth3,ssp585,lejano,2088,366,0.7199070362729187,6966.147608734044
EC-Earth3,ssp585,lejano,2089,365,0.7925886525513893,7648.493178539347
EC-Earth3,ssp585,lejano,2090,365,0.7278121716902003,7023.399101805179
EC-Earth3,ssp585,lejano,2091,365,0.5725885572660502,5525.488739034301
EC-Earth3,ssp585,lejano,2092,366,0.6257508376625635,6055.049446403597
EC-Earth3,ssp585,lejano,2093,365,0.7723170545637046,7452.871933612621
EC-Earth3,ssp585,lejano,2094,365,0.7298974718850082,7043.522282049878
EC-Earth3,ssp585,lejano,2095,365,0.6539740722078112,6310.860260390533
EC-Earth3,ssp585,lejano,2096,366,0.7850932053179492,7596.9186010089725
EC-Earth3,ssp585,lejano,2097,365,0.6533626673924057,6304.960194139392
EC-Earth3,ssp585,lejano,2098,365,0.7239226963932605,6985.865602958105
EC-Earth3,ssp585,lejano,2099,365,0.6475532084934337,6248.898822812971
IPSL-CM6A-LR,historical,historico,1981,365,0.5505784872774577,5313.091211483263
IPSL-CM6A-LR,historical,historico,1982,365,0.599835041349808,5788.417746386308
IPSL-CM6A-LR,historical,historico,1983,365,0.6780900921405851,6543.580238598121
IPSL-CM6A-LR,historical,historico,1984,366,0.6475066831314412,6265.56889301664
IPSL-CM6A-LR,historical,historico,1985,365,0.6210720778072206,5993.355487992923
IPSL-CM6A-LR,historical,historico,1986,365,0.6681896630484714,6448.040939452357
IPSL-CM6A-LR,historical,historico,1987,365,0.7257195158624948,7003.204939585328
IPSL-CM6A-LR,historical,historico,1988,366,0.7612173799861364,7365.885265923321
IPSL-CM6A-LR,historical,historico,1989,365,0.5935435103233763,5727.704371316745
IPSL-CM6A-LR,historical,historico,1990,365,0.7025086381542865,6779.219598327075
IPSL-CM6A-LR,historical,historico,1991,365,0.6221716541543717,6003.9664173361525
IPSL-CM6A-LR,historical,historico,1992,366,0.6854878827822467,6633.092239494954
IPSL-CM6A-LR,historical,historico,1993,365,0.6916549323171696,6674.481163339603
IPSL-CM6A-LR,historical,historico,1994,365,0.720900125265089,6956.697743210113
IPSL-CM6A-LR,historical,historico,1995,365,0.6806384871582201,6568.172291292617
IPSL-CM6A-LR,historical,historico,1996,366,0.6792584816964639,6572.813723949067
IPSL-CM6A-LR,historical,historico,1997,365,0.6595976114706615,6365.127504253667
IPSL-CM6A-LR,historical,historico,1998,365,0.6693533336257781,6459.270379142095
IPSL-CM6A-LR,historical,historico,1999,365,0.7261702017830952,7007.554065930097
IPSL-CM6A-LR,historical,historico,2000,366,0.6816638220424044,6596.08889012304
IPSL-CM6A-LR,historical,historico,2001,365,0.7016238725291376,6770.681595888138
IPSL-CM6A-LR,historical,historico,2002,365,0.6620352779435235,6388.651024719447
IPSL-CM6A-LR,historical,historico,2003,365,0.670527077492483,6470.5970262357
IPSL-CM6A-LR,historical,historico,2004,366,0.6326376867496409,6121.689727554383
IPSL-CM6A-LR,historical,historico,2005,365,0.7520946343012984,7257.725254521678
IPSL-CM6A-LR,historical,historico,2006,365,0.7046985236933212,6800.352028816928
IPSL-CM6A-LR,historical,historico,2007,365,0.6667434382080358,6434.084846602556
IPSL-CM6A-LR,historical,historico,2008,366,0.6595284173463332,6381.896655955962
IPSL-CM6A-LR,historical,historico,2009,365,0.7219969533997017,6967.282152258375
IPSL-CM6A-LR,historical,historico,2010,365,0.6206449287731273,5989.233492979538
IPSL-CM6A-LR,historical,historico,2011,365,0.6010917204456914,5800.544719768449
IPSL-CM6A-LR,historical,historico,2012,366,0.6702365708426342,6485.513614971119
IPSL-CM6A-LR,historical,historico,2013,365,0.6767180933300103,6530.340428124093
IPSL-CM6A-LR,historical,historico,2014,365,0.6218848096217073,6001.198363006429
IPSL-CM6A-LR,ssp126,medio,2040,366,0.7182540806277184,6950.152858808041
IPSL-CM6A-LR,ssp126,medio,2041,365,0.7836041500381389,7561.79258553444
IPSL-CM6A-LR,ssp126,medio,2042,365,0.64312784599244,6206.194003872581
IPSL-CM6A-LR,ssp126,medio,2043,365,0.6737001260596638,6501.216995677772
IPSL-CM6A-LR,ssp126,medio,2044,366,0.8081544223653973,7820.069416177105
IPSL-CM6A-LR,ssp126,medio,2045,365,0.6841343344126126,6601.907273231062
IPSL-CM6A-LR,ssp126,medio,2046,365,0.6899393132595012,6657.925411983198
IPSL-CM6A-LR,ssp126,medio,2047,365,0.6921958278252821,6679.700813647217
IPSL-CM6A-LR,ssp126,medio,2048,366,0.6863345953305785,6641.285414858795
IPSL-CM6A-LR,ssp126,medio,2049,365,0.6925049506156779,6682.683853520501
IPSL-CM6A-LR,ssp126,medio,2050,365,0.7537833265233795,7274.021161483836
IPSL-CM6A-LR,ssp126,medio,2051,365,0.5496669398979505,5304.294764686259
IPSL-CM6A-LR,ssp126,medio,2052,366,0.7048418758662874,6820.37027103059
IPSL-CM6A-LR,ssp126,medio,2053,365,0.7939692349866858,7661.8158211292775
IPSL-CM6A-LR,ssp126,medio,2054,365,0.6503569810422897,6275.955272769791
IPSL-CM6A-LR,ssp126,medio,2055,365,0.7141360696087847,6891.424497901886
IPSL-CM6A-LR,ssp126,medio,2056,366,0.7467708438243637,7226.094017515976
IPSL-CM6A-LR,ssp126,medio,2057,365,0.7050449760559216,6803.69529965926
IPSL-CM6A-LR,ssp126,medio,2058,365,0.7359440164009055,7101.871533373
IPSL-CM6A-LR,ssp126,medio,2059,365,0.6963998347260221,6720.269547503468
IPSL-CM6A-LR,ssp126,medio,2060,366,0.7198032473728341,6965.143300175148
IPSL-CM6A-LR,ssp126,medio,2061,365,0.7576014372874138,7310.86599144654
IPSL-CM6A-LR,ssp126,medio,2062,365,0.80882482554064,7805.172507664384
IPSL-CM6A-LR,ssp126,medio,2063,365,0.741900368399961,7159.350425465516
IPSL-CM6A-LR,ssp126,medio,2064,366,0.7284045028616718,7048.372956695635
IPSL-CM6A-LR,ssp126,medio,2065,365,0.7172643237953608,6921.612200854412
IPSL-CM6A-LR,ssp126,medio,2066,365,0.6464981169538424,6238.71717257445
IPSL-CM6A-LR,ssp126,medio,2067,365,0.7802126333513592,7529.064395242749
IPSL-CM6A-LR,ssp126,medio,2068,366,0.7964825939896708,7707.127501134763
IPSL-CM6A-LR,ssp126,medio,2069,365,0.7619086553059223,7352.430714240635
IPSL-CM6A-LR,ssp126,lejano,2070,365,0.7377122786126535,7118.935292008564
IPSL-CM6A-LR,ssp126,lejano,2071,365,0.6996455325806142,6751.590583731448
IPSL-CM6A-LR,ssp126,lejano,2072,366,0.7086023247309838,6856.758082993358
IPSL-CM6A-LR,ssp126,lejano,2073,365,0.7249890718223135,6996.156142910474
IPSL-CM6A-LR,ssp126,lejano,2074,365,0.7691950877052228,7422.744903476802
IPSL-CM6A-LR,ssp126,lejano,2075,365,0.7241746069905393,6988.2965442524155
IPSL-CM6A-LR,ssp126,lejano,2076,366,0.796905379755571,7711.218568319465
IPSL-CM6A-LR,ssp126,lejano,2077,365,0.7240479117348517,6987.073933007906
IPSL-CM6A-LR,ssp126,lejano,2078,365,0.7438163633349736,7177.839807244308
IPSL-CM6A-LR,ssp126,lejano,2079,365,0.7244016812901174,6990.487814876533
IPSL-CM6A-LR,ssp126,lejano,2080,366,0.741832306191751,7178.306483311316
IPSL-CM6A-LR,ssp126,lejano,2081,365,0.7851415063395027,7576.628098440303
IPSL-CM6A-LR,ssp126,lejano,2082,365,0.8151806332142395,7866.506153407542
IPSL-CM6A-LR,ssp126,lejano,2083,365,0.6659152794275216,6426.093101120054
IPSL-CM6A-LR,ssp126,lejano,2084,366,0.7653834501008748,7406.19805341579
IPSL-CM6A-LR,ssp126,lejano,2085,365,0.7080304691674071,6832.505355952984
IPSL-CM6A-LR,ssp126,lejano,2086,365,0.7353285749656987,7095.932513676192
IPSL-CM6A-LR,ssp126,lejano,2087,365,0.69545719336008,6711.173043239866
IPSL-CM6A-LR,ssp126,lejano,2088,366,0.6727518927154662,6509.853012374901
IPSL-CM6A-LR,ssp126,lejano,2089,365,0.6287830975818094,6067.766952194021
IPSL-CM6A-LR,ssp126,lejano,2090,365,0.6217150453584627,5999.56013514989
IPSL-CM6A-LR,ssp126,lejano,2091,365,0.6768573867971371,6531.684612310562
IPSL-CM6A-LR,ssp126,lejano,2092,366,0.7583569028465348,7338.205989319723
IPSL-CM6A-LR,ssp126,lejano,2093,365,0.7153536125824211,6903.173807078165
IPSL-CM6A-LR,ssp126,lejano,2094,365,0.748515565175998,7223.187180197422
IPSL-CM6A-LR,ssp126,lejano,2095,365,0.7024009848665098,6778.180742377577
IPSL-CM6A-LR,ssp126,lejano,2096,366,0.7091319482812242,6861.882961126424
IPSL-CM6A-LR,ssp126,lejano,2097,365,0.6820130560526129,6581.436903116611
IPSL-CM6A-LR,ssp126,lejano,2098,365,0.7623541001980039,7356.72926457634
IPSL-CM6A-LR,ssp126,lejano,2099,365,0.7006354043425891,6761.142862072453
IPSL-CM6A-LR,ssp245,medio,2040,366,0.695650797493432,6731.433220268827
IPSL-CM6A-LR,ssp245,medio,2041,365,0.6888029950689177,6646.959923262977
IPSL-CM6A-LR,ssp245,medio,2042,365,0.7056439807632013,6809.4757046685845
IPSL-CM6A-LR,ssp245,medio,2043,365,0.7666625380874429,7398.305759144433
IPSL-CM6A-LR,ssp245,medio,2044,366,0.7191765389701631,6959.078984894605
IPSL-CM6A-LR,ssp245,medio,2045,365,0.7375473020846242,7117.343265873456
IPSL-CM6A-LR,ssp245,medio,2046,365,0.6677397013954773,6443.698802301578
IPSL-CM6A-LR,ssp245,medio,2047,365,0.7458562526803398,7197.5247720653215
IPSL-CM6A-LR,ssp245,medio,2048,366,0.7371741309256302,7133.23186276149
IPSL-CM6A-LR,ssp245,medio,2049,365,0.7319827818940595,7063.645557002184
IPSL-CM6A-LR,ssp245,medio,2050,365,0.7751958954086864,7480.65279382815
IPSL-CM6A-LR,ssp245,medio,2051,365,0.650533675128282,6277.660373526724
IPSL-CM6A-LR,ssp245,medio,2052,366,0.7883507224348313,7628.439816847702
IPSL-CM6A-LR,ssp245,medio,2053,365,0.7602016771033376,7335.958347274041
IPSL-CM6A-LR,ssp245,medio,2054,365,0.724848069466079,6994.795467916773
IPSL-CM6A-LR,ssp245,medio,2055,365,0.6758371749835008,6521.839551985582
IPSL-CM6A-LR,ssp245,medio,2056,366,0.7288332454565296,7052.521664864115
IPSL-CM6A-LR,ssp245,medio,2057,365,0.726625148169421,7011.944305837283
IPSL-CM6A-LR,ssp245,medio,2058,365,0.6893611967811171,6652.346578716927
IPSL-CM6A-LR,ssp245,medio,2059,365,0.6746001947768803,6509.90267320001
IPSL-CM6A-LR,ssp245,medio,2060,366,0.7017688088209055,6790.633877897811
IPSL-CM6A-LR,ssp245,medio,2061,365,0.763609563782228,7368.844508251521
IPSL-CM6A-LR,ssp245,medio,2062,365,0.7303360245608944,7047.754322389023
IPSL-CM6A-LR,ssp245,medio,2063,365,0.714687718031328,6896.747914005804
IPSL-CM6A-LR,ssp245,medio,2064,366,0.7070062983500532,6841.314206497085
IPSL-CM6A-LR,ssp245,medio,2065,365,0.7527747830540323,7264.288700867941
IPSL-CM6A-LR,ssp245,medio,2066,365,0.8098913336374256,7815.464327862494
IPSL-CM6A-LR,ssp245,medio,2067,365,0.7720869380637766,7450.651305706452
IPSL-CM6A-LR,ssp245,medio,2068,366,0.7181785566610543,6949.422054588508
IPSL-CM6A-LR,ssp245,medio,2069,365,0.6649669297707718,6416.941511758824
IPSL-CM6A-LR,ssp245,lejano,2070,365,0.7224645488740936,6971.794456067784
IPSL-CM6A-LR,ssp245,lejano,2071,365,0.7566257087471217,7301.450195421064
IPSL-CM6A-LR,ssp245,lejano,2072,366,0.7731425610017498,7481.278736232651
IPSL-CM6A-LR,ssp245,lejano,2073,365,0.66958207476455,6461.477734791104
IPSL-CM6A-LR,ssp245,lejano,2074,365,0.7566102498241807,7301.30101656734
IPSL-CM6A-LR,ssp245,lejano,2075,365,0.7890582894230793,7614.425117865346
IPSL-CM6A-LR,ssp245,lejano,2076,366,0.6945899147964159,6721.167637227402
IPSL-CM6A-LR,ssp245,lejano,2077,365,0.6942771449419385,6699.785557124025
IPSL-CM6A-LR,ssp245,lejano,2078,365,0.7102853433394944,6854.264927791614
IPSL-CM6A-LR,ssp245,lejano,2079,365,0.7511386720652514,7248.500203648429
IPSL-CM6A-LR,ssp245,lejano,2080,366,0.7629240494079068,7382.3997747589565
IPSL-CM6A-LR,ssp245,lejano,2081,365,0.7612835448362978,7346.398388206991
IPSL-CM6A-LR,ssp245,lejano,2082,365,0.6321639474199252,6100.392207225437
IPSL-CM6A-LR,ssp245,lejano,2083,365,0.8160551898002644,7874.945638455588
IPSL-CM6A-LR,ssp245,lejano,2084,366,0.7886747710467729,7631.575458464537
IPSL-CM6A-LR,ssp245,lejano,2085,365,0.7117627863669431,6868.522276645583
IPSL-CM6A-LR,ssp245,lejano,2086,365,0.6864404994892359,6624.161803119117
IPSL-CM6A-LR,ssp245,lejano,2087,365,0.6956099245788429,6712.646901944626
IPSL-CM6A-LR,ssp245,lejano,2088,366,0.7144190567792816,6913.043425415728
IPSL-CM6A-LR,ssp245,lejano,2089,365,0.731625534463287,7060.198113579271
IPSL-CM6A-LR,ssp245,lejano,2090,365,0.6874162340120162,6633.577656875701
IPSL-CM6A-LR,ssp245,lejano,2091,365,0.6609779837724415,6378.448119051801
IPSL-CM6A-LR,ssp245,lejano,2092,366,0.7773145817708897,7521.649104961086
IPSL-CM6A-LR,ssp245,lejano,2093,365,0.7636309746561724,7369.051123527656
IPSL-CM6A-LR,ssp245,lejano,2094,365,0.7742917423178746,7471.927702035367
IPSL-CM6A-LR,ssp245,lejano,2095,365,0.739551313125436,7136.682004481468
IPSL-CM6A-LR,ssp245,lejano,2096,366,0.7821916606982436,7568.841936806826
IPSL-CM6A-LR,ssp245,lejano,2097,365,0.702846448915847,6782.479477581106
IPSL-CM6A-LR,ssp245,lejano,2098,365,0.6416580879501552,6192.010815248404
IPSL-CM6A-LR,ssp245,lejano,2099,365,0.7410466254070406,7151.111791923948
IPSL-CM6A-LR,ssp585,medio,2040,366,0.7692134911509435,7443.259270986907
IPSL-CM6A-LR,ssp585,medio,2041,365,0.7960463650765829,7681.860159730865
IPSL-CM6A-LR,ssp585,medio,2042,365,0.6864813579717218,6624.556088128842
IPSL-CM6A-LR,ssp585,medio,2043,365,0.7231882530236978,6978.778212690731
IPSL-CM6A-LR,ssp585,medio,2044,366,0.7189465326180631,6956.853338916799
IPSL-CM6A-LR,ssp585,medio,2045,365,0.7106769921089611,6858.044344683347
IPSL-CM6A-LR,ssp585,medio,2046,365,0.6578376088616875,6348.143450917026
IPSL-CM6A-LR,ssp585,medio,2047,365,0.6922628868358985,6680.34793417261
IPSL-CM6A-LR,ssp585,medio,2048,366,0.7035978386219429,6808.332401363789
IPSL-CM6A-LR,ssp585,medio,2049,365,0.6717967356462303,6482.849247733892
IPSL-CM6A-LR,ssp585,medio,2050,365,0.7272956609953392,7018.414765335598
IPSL-CM6A-LR,ssp585,medio,2051,365,0.7360468790280763,7102.864159371
IPSL-CM6A-LR,ssp585,medio,2052,366,0.7817325746839542,7564.399611923877
IPSL-CM6A-LR,ssp585,medio,2053,365,0.7460072233877504,7198.981641807364
IPSL-CM6A-LR,ssp585,medio,2054,365,0.7061160741591505,6814.031413492988
IPSL-CM6A-LR,ssp585,medio,2055,365,0.7851400134989516,7576.613692505099
IPSL-CM6A-LR,ssp585,medio,2056,366,0.7518026968908159,7274.784514261001
IPSL-CM6A-LR,ssp585,medio,2057,365,0.6734738211667097,6499.033149839887
IPSL-CM6A-LR,ssp585,medio,2058,365,0.7270666402688317,7016.20471166047
IPSL-CM6A-LR,ssp585,medio,2059,365,0.7720034564398195,7449.845706699561
IPSL-CM6A-LR,ssp585,medio,2060,366,0.694258888338959,6717.964474806628
IPSL-CM6A-LR,ssp585,medio,2061,365,0.7464445998405079,7203.202331574499
IPSL-CM6A-LR,ssp585,medio,2062,365,0.7308043239088624,7052.273418589704
IPSL-CM6A-LR,ssp585,medio,2063,365,0.7671928345294883,7403.423128294913
IPSL-CM6A-LR,ssp585,medio,2064,366,0.7531178641704582,7287.510670470832
IPSL-CM6A-LR,ssp585,medio,2065,365,0.7995351810320049,7715.527289521743
IPSL-CM6A-LR,ssp585,medio,2066,365,0.7796069878896291,7523.219906846726
IPSL-CM6A-LR,ssp585,medio,2067,365,0.713817954332406,6888.354680394988
IPSL-CM6A-LR,ssp585,medio,2068,366,0.7876841136146521,7621.989406996599
IPSL-CM6A-LR,ssp585,medio,2069,365,0.757230513596164,7307.286571891199
IPSL-CM6A-LR,ssp585,lejano,2070,365,0.7528853326636622,7265.355506369662
IPSL-CM6A-LR,ssp585,lejano,2071,365,0.7360863878818384,7103.245420441946
IPSL-CM6A-LR,ssp585,lejano,2072,366,0.7253526352259255,7018.841698683501
IPSL-CM6A-LR,ssp585,lejano,2073,365,0.7657509249597945,7389.508677876815
IPSL-CM6A-LR,ssp585,lejano,2074,365,0.7548389949187863,7284.208378390206
IPSL-CM6A-LR,ssp585,lejano,2075,365,0.7614093994403532,7347.612887149799
IPSL-CM6A-LR,ssp585,lejano,2076,366,0.7793043585102397,7540.903088845586
IPSL-CM6A-LR,ssp585,lejano,2077,365,0.727533956534613,7020.714321102319
IPSL-CM6A-LR,ssp585,lejano,2078,365,0.7045821850321802,6799.229358875499
IPSL-CM6A-LR,ssp585,lejano,2079,365,0.7712497666496736,7442.572588165616
IPSL-CM6A-LR,ssp585,lejano,2080,366,0.8066944875087974,7805.942423110247
IPSL-CM6A-LR,ssp585,lejano,2081,365,0.7303036017518131,7047.441441762623
IPSL-CM6A-LR,ssp585,lejano,2082,365,0.6275047288506231,6055.430673484174
IPSL-CM6A-LR,ssp585,lejano,2083,365,0.7435157883756425,7174.939254077563
IPSL-CM6A-LR,ssp585,lejano,2084,366,0.6906277029429098,6682.827474903812
IPSL-CM6A-LR,ssp585,lejano,2085,365,0.7174817319177006,6923.710192713521
IPSL-CM6A-LR,ssp585,lejano,2086,365,0.8374740617450759,8081.63809542497
IPSL-CM6A-LR,ssp585,lejano,2087,365,0.7893314745324553,7617.061358541786
IPSL-CM6A-LR,ssp585,lejano,2088,366,0.7582003972788052,7336.691570330242
IPSL-CM6A-LR,ssp585,lejano,2089,365,0.777193126479797,7499.926105620065
IPSL-CM6A-LR,ssp585,lejano,2090,365,0.7056796565892148,6809.819976960428
IPSL-CM6A-LR,ssp585,lejano,2091,365,0.7900721085649609,7624.208488805609
IPSL-CM6A-LR,ssp585,lejano,2092,366,0.7148691651281237,6917.3988783283585
IPSL-CM6A-LR,ssp585,lejano,2093,365,0.6568710885678718,6338.81651461738
IPSL-CM6A-LR,ssp585,lejano,2094,365,0.7556802493625181,7292.326497232289
IPSL-CM6A-LR,ssp585,lejano,2095,365,0.7593592403615552,7327.828819236853
IPSL-CM6A-LR,ssp585,lejano,2096,366,0.7152363375596886,6920.951805619334
IPSL-CM6A-LR,ssp585,lejano,2097,365,0.7380200228749725,7121.90502906385
IPSL-CM6A-LR,ssp585,lejano,2098,365,0.7703594419201003,7433.980940280038
IPSL-CM6A-LR,ssp585,lejano,2099,365,0.5996796623826552,5786.918336867221
MIROC6,historical,historico,1981,365,0.6699226319884757,6464.764117450902
MIROC6,historical,historico,1982,365,0.6867294392724961,6626.950076650616
MIROC6,historical,historico,1983,365,0.7401618936967651,7142.574116764083
MIROC6,historical,historico,1984,366,0.7285036742322505,7049.332583940826
MIROC6,historical,historico,1985,365,0.6139381128942403,5924.5126124392245
MIROC6,historical,historico,1986,365,0.7106607065716294,6857.887188987529
MIROC6,historical,historico,1987,365,0.7040657970306768,6794.246206398783
MIROC6,historical,historico,1988,366,0.6809374295804571,6589.059986588503
MIROC6,historical,historico,1989,365,0.6708985944615881,6474.182170931836
MIROC6,historical,historico,1990,365,0.6856987860124971,6617.004256201173
MIROC6,historical,historico,1991,365,0.6502589758983183,6275.009521562384
MIROC6,historical,historico,1992,366,0.7301187954026447,7064.961230296621
MIROC6,historical,historico,1993,365,0.71481988477714,6898.023325217557
MIROC6,historical,historico,1994,365,0.6135819308578588,5921.075450089231
MIROC6,historical,historico,1995,365,0.5295003243571055,5109.686602051257
MIROC6,historical,historico,1996,366,0.6827922737148777,6607.008301274333
MIROC6,historical,historico,1997,365,0.6490711196009283,6263.546689286872
MIROC6,historical,historico,1998,365,0.7482352378127322,7220.482016656669
MIROC6,historical,historico,1999,365,0.6850190314682947,6610.444613973546
MIROC6,historical,historico,2000,366,0.5934625478830393,5742.613282698046
MIROC6,historical,historico,2001,365,0.6671551944591068,6438.0583010134915
MIROC6,historical,historico,2002,365,0.7078043819627394,6830.3236108105475
MIROC6,historical,historico,2003,365,0.729562201220161,7040.286914769772
MIROC6,historical,historico,2004,366,0.6197807051096614,5997.279730993485
MIROC6,historical,historico,2005,365,0.6155329393562262,5939.902713314613
MIROC6,historical,historico,2006,365,0.6741810155833242,6505.857587275328
MIROC6,historical,historico,2007,365,0.7146301660139284,6896.192536117065
MIROC6,historical,historico,2008,366,0.6474163598814677,6264.6948842070115
MIROC6,historical,historico,2009,365,0.6305953444629646,6085.255163593119
MIROC6,historical,historico,2010,365,0.6686033577555976,6452.03309999524
MIROC6,historical,historico,2011,365,0.5820134012436702,5616.438634215838
MIROC6,historical,historico,2012,366,0.6777610363589612,6558.32376242423
MIROC6,historical,historico,2013,365,0.7099084094274003,6850.627509508964
MIROC6,historical,historico,2014,365,0.5755618526130133,5554.18108670522
MIROC6,ssp126,medio,2040,366,0.6824974459489785,6604.155413841755
MIROC6,ssp126,medio,2041,365,0.7100929719778637,6852.408541073935
MIROC6,ssp126,medio,2042,365,0.7036434070414322,6790.170136244334
MIROC6,ssp126,medio,2043,365,0.653727261735187,6308.478535380743
MIROC6,ssp126,medio,2044,366,0.6419194116035034,6211.503914856131
MIROC6,ssp126,medio,2045,365,0.690096823030761,6659.445383796012
MIROC6,ssp126,medio,2046,365,0.5291776823333747,5106.573101359983
MIROC6,ssp126,medio,2047,365,0.7307669493781892,7051.912753770715
MIROC6,ssp126,medio,2048,366,0.6244618066191323,6042.576196291651
MIROC6,ssp126,medio,2049,365,0.70251125717456,6779.244871914618
MIROC6,ssp126,medio,2050,365,0.7177899264879745,6926.684275247777
MIROC6,ssp126,medio,2051,365,0.512676123617942,4947.332795731118
MIROC6,ssp126,medio,2052,366,0.5826008013477898,5637.510087645346
MIROC6,ssp126,medio,2053,365,0.7001974910021618,6756.916991330717
MIROC6,ssp126,medio,2054,365,0.7252676757919164,6998.844675674806
MIROC6,ssp126,medio,2055,365,0.7906398335056347,7629.687043566711
MIROC6,ssp126,medio,2056,366,0.7063317799283917,6834.787259747918
MIROC6,ssp126,medio,2057,365,0.6774256514150296,6537.1683749654585
MIROC6,ssp126,medio,2058,365,0.6447938586534173,6222.271052707215
MIROC6,ssp126,medio,2059,365,0.7676460135568192,7407.796313159521
MIROC6,ssp126,medio,2060,366,0.6778632770822355,6559.313090120817
MIROC6,ssp126,medio,2061,365,0.7542195953594404,7278.231162732125
MIROC6,ssp126,medio,2062,365,0.6966598619349182,6722.778814229752
MIROC6,ssp126,medio,2063,365,0.5823830619186756,5620.00586564421
MIROC6,ssp126,medio,2064,366,0.6743055733972552,6524.887132644392
MIROC6,ssp126,medio,2065,365,0.6702442999670242,6467.868218590583
MIROC6,ssp126,medio,2066,365,0.701193377962315,6766.527316430386
MIROC6,ssp126,medio,2067,365,0.5931549585658732,5723.954840640012
MIROC6,ssp126,medio,2068,366,0.6074549622862206,5878.010242616333
MIROC6,ssp126,medio,2069,365,0.7051628179699931,6804.83247601552
MIROC6,ssp126,lejano,2070,365,0.6672727564337158,6439.192775949459
MIROC6,ssp126,lejano,2071,365,0.7031563257686688,6785.4697941688655
MIROC6,ssp126,lejano,2072,366,0.6478781366883258,6269.163246421552
MIROC6,ssp126,lejano,2073,365,0.7075324824685264,6827.699776340999
MIROC6,ssp126,lejano,2074,365,0.6068319188414975,5855.937726131151
MIROC6,ssp126,lejano,2075,365,0.7120850183910234,6871.63182083367
MIROC6,ssp126,lejano,2076,366,0.7386920383937513,7147.919825160183
MIROC6,ssp126,lejano,2077,365,0.665059746488713,6417.837194572024
MIROC6,ssp126,lejano,2078,365,0.6162826470749442,5947.137404795565
MIROC6,ssp126,lejano,2079,365,0.640131296739187,6177.277255633901
MIROC6,ssp126,lejano,2080,366,0.7458178370457168,7216.872290879509
MIROC6,ssp126,lejano,2081,365,0.7599826056792967,7333.844304526902
MIROC6,ssp126,lejano,2082,365,0.7705830676949075,7436.1389325849395
MIROC6,ssp126,lejano,2083,365,0.7388787291897255,7130.191558740517
MIROC6,ssp126,lejano,2084,366,0.6949456141085262,6724.60954540115
MIROC6,ssp126,lejano,2085,365,0.5964132136206511,5755.397054050701
MIROC6,ssp126,lejano,2086,365,0.690387905073629,6662.254330167
MIROC6,ssp126,lejano,2087,365,0.5243965722510615,5060.435312567899
MIROC6,ssp126,lejano,2088,366,0.6969243261179198,6743.756461930779
MIROC6,ssp126,lejano,2089,365,0.6789285750598937,6551.671612185175
MIROC6,ssp126,lejano,2090,365,0.7111259224413625,6862.376529573907
MIROC6,ssp126,lejano,2091,365,0.6959097109575517,6715.539845295749
MIROC6,ssp126,lejano,2092,366,0.6530716096372892,6319.417650589829
MIROC6,ssp126,lejano,2093,365,0.6060452657455871,5848.346511169168
MIROC6,ssp126,lejano,2094,365,0.7016625147403024,6771.0544938441535
MIROC6,ssp126,lejano,2095,365,0.6636270760480462,6404.011901896862
MIROC6,ssp126,lejano,2096,366,0.7265396788449102,7030.328072133419
MIROC6,ssp126,lejano,2097,365,0.6661247967402647,6428.114946540301
MIROC6,ssp126,lejano,2098,365,0.788819479653978,7612.120599772562
MIROC6,ssp126,lejano,2099,365,0.635966671994463,6137.088560213319
MIROC6,ssp245,medio,2040,366,0.6831931309875358,6610.887178394117
MIROC6,ssp245,medio,2041,365,0.6410214593131648,6185.867338715389
MIROC6,ssp245,medio,2042,365,0.6629697046909122,6397.668257782578
MIROC6,ssp245,medio,2043,365,0.7462750927797343,7201.566585725919
MIROC6,ssp245,medio,2044,366,0.6674412199550376,6458.46452957529
MIROC6,ssp245,medio,2045,365,0.520943355432618,5027.11171501845
MIROC6,ssp245,medio,2046,365,0.6348564385613,6126.374789819561
MIROC6,ssp245,medio,2047,365,0.6108947037151748,5895.143665166695
MIROC6,ssp245,medio,2048,366,0.6770483361568986,6551.4273514181
MIROC6,ssp245,medio,2049,365,0.6214451670146653,5996.955804814193
MIROC6,ssp245,medio,2050,365,0.681438498296928,6575.892411581328
MIROC6,ssp245,medio,2051,365,0.6880887123462495,6640.067083560704
MIROC6,ssp245,medio,2052,366,0.6612485944885466,6398.541871632512
MIROC6,ssp245,medio,2053,365,0.6554196680888082,6324.810283771688
MIROC6,ssp245,medio,2054,365,0.5995967200186364,5786.1179417273615
MIROC6,ssp245,medio,2055,365,0.6618479547591704,6386.843352993269
MIROC6,ssp245,medio,2056,366,0.6867770120968449,6645.566440523368
MIROC6,ssp245,medio,2057,365,0.6715754159231212,6480.713508864775
MIROC6,ssp245,medio,2058,365,0.7132752989586043,6883.118047355314
MIROC6,ssp245,medio,2059,365,0.7205730429731013,6953.541393859115
MIROC6,ssp245,medio,2060,366,0.7030006863628437,6802.554084758758
MIROC6,ssp245,medio,2061,365,0.6024842026019022,5813.982194855597
MIROC6,ssp245,medio,2062,365,0.6856603504803275,6616.633352700767
MIROC6,ssp245,medio,2063,365,0.7108948780451835,6860.146947454069
MIROC6,ssp245,medio,2064,366,0.7398571613705287,7159.194084515362
MIROC6,ssp245,medio,2065,365,0.6627114822524791,6395.176407120139
MIROC6,ssp245,medio,2066,365,0.5748718379122406,5547.522433802527
MIROC6,ssp245,medio,2067,365,0.7061665957760904,6814.518947904804
MIROC6,ssp245,medio,2068,366,0.6911021147116772,6687.418098751113
MIROC6,ssp245,medio,2069,365,0.6612962913339165,6381.519792112956
MIROC6,ssp245,lejano,2070,365,0.6352613990294717,6130.282664816786
MIROC6,ssp245,lejano,2071,365,0.6542444983916063,6313.469877390974
MIROC6,ssp245,lejano,2072,366,0.7162006186650425,6930.2826277640725
MIROC6,ssp245,lejano,2073,365,0.5726202871575203,5525.794932994666
MIROC6,ssp245,lejano,2074,365,0.6624532405638875,6392.684370693363
MIROC6,ssp245,lejano,2075,365,0.6382281282582294,6158.911649341965
MIROC6,ssp245,lejano,2076,366,0.7349601997027291,7111.808858238351
MIROC6,ssp245,lejano,2077,365,0.6527890289438284,6299.424573932407
MIROC6,ssp245,lejano,2078,365,0.6480861930242596,6254.042132063193
MIROC6,ssp245,lejano,2079,365,0.6483377587836787,6256.46974566664
MIROC6,ssp245,lejano,2080,366,0.6637198759826867,6422.4551143201215
MIROC6,ssp245,lejano,2081,365,0.7249499278118621,6995.778402583313
MIROC6,ssp245,lejano,2082,365,0.6774316714184813,6537.226468095087
MIROC6,ssp245,lejano,2083,365,0.586806473427266,5662.6918574766905
MIROC6,ssp245,lejano,2084,366,0.6711262319132422,6494.122379752312
MIROC6,ssp245,lejano,2085,365,0.7169347585503452,6918.431890966967
MIROC6,ssp245,lejano,2086,365,0.6983691444003675,6739.273417369855
MIROC6,ssp245,lejano,2087,365,0.749921603619367,7236.75547367255
MIROC6,ssp245,lejano,2088,366,0.7285483908136617,7049.765281901776
MIROC6,ssp245,lejano,2089,365,0.7103064040543814,6854.468164027245
MIROC6,ssp245,lejano,2090,365,0.7610143447618182,7343.800603181061
MIROC6,ssp245,lejano,2091,365,0.6891933025430276,6650.726396633056
MIROC6,ssp245,lejano,2092,366,0.6940855792908529,6716.287457705522
MIROC6,ssp245,lejano,2093,365,0.6701724734486386,6467.175091538937
MIROC6,ssp245,lejano,2094,365,0.6678652938124323,6444.910771134672
MIROC6,ssp245,lejano,2095,365,0.6840157065280754,6600.762512247232
MIROC6,ssp245,lejano,2096,366,0.6503004504315125,6292.602654899991
MIROC6,ssp245,lejano,2097,365,0.6088605462051069,5875.51401264802
MIROC6,ssp245,lejano,2098,365,0.6871257115896591,6630.774110851595
MIROC6,ssp245,lejano,2099,365,0.7490867786811587,7228.699399661639
MIROC6,ssp585,medio,2040,366,0.725803214455715,7023.201708054146
MIROC6,ssp585,medio,2041,365,0.5515354123446407,5322.325553692379
MIROC6,ssp585,medio,2042,365,0.6938574629824767,6695.735619500308
MIROC6,ssp585,medio,2043,365,0.7374845498368398,7116.737705678301
MIROC6,ssp585,medio,2044,366,0.6920271579857088,6696.369237810306
MIROC6,ssp585,medio,2045,365,0.6824073080965858,6585.241441648982
MIROC6,ssp585,medio,2046,365,0.463006136198136,4468.016622410191
MIROC6,ssp585,medio,2047,365,0.6944222221220326,6701.185554233169
MIROC6,ssp585,medio,2048,366,0.7097298473164864,6867.668503876942
MIROC6,ssp585,medio,2049,365,0.6940978676389793,6698.055528282032
MIROC6,ssp585,medio,2050,365,0.7106469019408198,6857.753974079342
MIROC6,ssp585,medio,2051,365,0.7267788062885994,7013.427109145884
MIROC6,ssp585,medio,2052,366,0.6718199186791559,6500.83480811056
MIROC6,ssp585,medio,2053,365,0.7802288408383042,7529.220797751089
MIROC6,ssp585,medio,2054,365,0.7102473946185087,6853.898722026923
MIROC6,ssp585,medio,2055,365,0.7533943015771685,7270.2670645285
MIROC6,ssp585,medio,2056,366,0.7116924956502438,6886.659980981782
MIROC6,ssp585,medio,2057,365,0.5839570205369382,5635.194591493781
MIROC6,ssp585,medio,2058,365,0.6440831744356117,6215.412938634443
MIROC6,ssp585,medio,2059,365,0.7459161336302841,7198.102624190379
MIROC6,ssp585,medio,2060,366,0.7421287332783134,7181.1748464973625
MIROC6,ssp585,medio,2061,365,0.7967898065419527,7689.034381766749
MIROC6,ssp585,medio,2062,365,0.6633454433923117,6401.294142262901
MIROC6,ssp585,medio,2063,365,0.7215119379476768,6962.601745386088
MIROC6,ssp585,medio,2064,366,0.6657297167795686,6441.90324714241
MIROC6,ssp585,medio,2065,365,0.6595917903508666,6365.071330354507
MIROC6,ssp585,medio,2066,365,0.7605720885530836,7339.532823690673
MIROC6,ssp585,medio,2067,365,0.7095370405767346,6847.043794158139
MIROC6,ssp585,medio,2068,366,0.7055670258723421,6827.387151997338
MIROC6,ssp585,medio,2069,365,0.7924280548403275,7646.943408058038
MIROC6,ssp585,lejano,2070,365,0.6824189674278919,6585.353954382635
MIROC6,ssp585,lejano,2071,365,0.6500471856277158,6272.965742062427
MIROC6,ssp585,lejano,2072,366,0.6893694065974103,6670.6516276949
MIROC6,ssp585,lejano,2073,365,0.7636643048563989,7369.372760493126
MIROC6,ssp585,lejano,2074,365,0.7636574873987615,7369.306971917847
MIROC6,ssp585,lejano,2075,365,0.7276512858811676,7021.84655117384
MIROC6,ssp585,lejano,2076,366,0.6180718723516204,5980.744288733075
MIROC6,ssp585,lejano,2077,365,0.655135726772285,6322.070245524178
MIROC6,ssp585,lejano,2078,365,0.7754638202837495,7483.238273159306
MIROC6,ssp585,lejano,2079,365,0.7757587182239479,7486.084043000589
MIROC6,ssp585,lejano,2080,366,0.7346888024424392,7109.1826950248715
MIROC6,ssp585,lejano,2081,365,0.6738142194035951,6502.317998272203
MIROC6,ssp585,lejano,2082,365,0.642059369616868,6195.88318975269
MIROC6,ssp585,lejano,2083,365,0.6492367030234597,6265.144571963634
MIROC6,ssp585,lejano,2084,366,0.6540212821113999,6328.607112980496
MIROC6,ssp585,lejano,2085,365,0.5920233819255516,5713.035107955683
MIROC6,ssp585,lejano,2086,365,0.72150191131488,6962.5049882191715
MIROC6,ssp585,lejano,2087,365,0.6196602603150706,5979.731426604596
MIROC6,ssp585,lejano,2088,366,0.688547297189954,6662.696523501837
MIROC6,ssp585,lejano,2089,365,0.7492753290926153,7230.518914149002
MIROC6,ssp585,lejano,2090,365,0.6245114839406682,6026.545812211191
MIROC6,ssp585,lejano,2091,365,0.6941904969868397,6698.949402970954
MIROC6,ssp585,lejano,2092,366,0.7407149842810131,7167.49476879194
MIROC6,ssp585,lejano,2093,365,0.7802375221917519,7529.304572950761
MIROC6,ssp585,lejano,2094,365,0.7481322697314688,7219.4883730249885
MIROC6,ssp585,lejano,2095,365,0.7243074076307363,6989.578072555127
MIROC6,ssp585,lejano,2096,366,0.7124914756712338,6894.391274721403
MIROC6,ssp585,lejano,2097,365,0.7823161656083994,7549.363515179704
MIROC6,ssp585,lejano,2098,365,0.7219309533807926,6966.645251019902
MIROC6,ssp585,lejano,2099,365,0.7494749830473525,7232.44557800668
MPI-ESM1-2-HR,historical,historico,1981,365,0.5955317952863151,5746.891353021664
MPI-ESM1-2-HR,historical,historico,1982,365,0.6149592343656304,5934.366450976082
MPI-ESM1-2-HR,historical,historico,1983,365,0.7355990883341459,7098.542972009921
MPI-ESM1-2-HR,historical,historico,1984,366,0.7142900150360569,6911.794758871718
MPI-ESM1-2-HR,historical,historico,1985,365,0.7038279732789328,6791.951203389273
MPI-ESM1-2-HR,historical,historico,1986,365,0.6997181665911626,6752.291503095384
MPI-ESM1-2-HR,historical,historico,1987,365,0.675261443873462,6516.28373756201
MPI-ESM1-2-HR,historical,historico,1988,366,0.6202340877888599,6001.666867814499
MPI-ESM1-2-HR,historical,historico,1989,365,0.6795678066031006,6557.840206804826
MPI-ESM1-2-HR,historical,historico,1990,365,0.602888565210287,5817.884300496313
MPI-ESM1-2-HR,historical,historico,1991,365,0.7809381544331644,7536.065685290506
MPI-ESM1-2-HR,historical,historico,1992,366,0.7035637200348278,6808.002254411378
MPI-ESM1-2-HR,historical,historico,1993,365,0.7405414122275049,7146.236476658019
MPI-ESM1-2-HR,historical,historico,1994,365,0.6724176152386343,6488.840745734664
MPI-ESM1-2-HR,historical,historico,1995,365,0.5742204249523586,5541.236288317059
MPI-ESM1-2-HR,historical,historico,1996,366,0.5028022234795805,4865.34278771877
MPI-ESM1-2-HR,historical,historico,1997,365,0.593327890020435,5725.623631943437
MPI-ESM1-2-HR,historical,historico,1998,365,0.7175743404313507,6924.603866351979
MPI-ESM1-2-HR,historical,historico,1999,365,0.7573574472402325,7308.511483587398
MPI-ESM1-2-HR,historical,historico,2000,366,0.7766584856252229,7515.300420525524
MPI-ESM1-2-HR,historical,historico,2001,365,0.7616738000465927,7350.164357230419
MPI-ESM1-2-HR,historical,historico,2002,365,0.663163193565747,6399.535428520556
MPI-ESM1-2-HR,historical,historico,2003,365,0.6236775595810594,6018.498428798175
MPI-ESM1-2-HR,historical,historico,2004,366,0.6867008483953767,6644.8294459391755
MPI-ESM1-2-HR,historical,historico,2005,365,0.6427465102067266,6202.514107439075
MPI-ESM1-2-HR,historical,historico,2006,365,0.6422089191622938,6197.326345258842
MPI-ESM1-2-HR,historical,historico,2007,365,0.6124929205026297,5910.566482737105
MPI-ESM1-2-HR,historical,historico,2008,366,0.7135635131122762,6904.764796134742
MPI-ESM1-2-HR,historical,historico,2009,365,0.6428423061230825,6203.438539564644
MPI-ESM1-2-HR,historical,historico,2010,365,0.6574051843188973,6343.970547160307
MPI-ESM1-2-HR,historical,historico,2011,365,0.5907635060548899,5700.8772856457845
MPI-ESM1-2-HR,historical,historico,2012,366,0.6716149624208676,6498.8515582232385
MPI-ESM1-2-HR,historical,historico,2013,365,0.7459338967468475,7198.274038549426
MPI-ESM1-2-HR,historical,historico,2014,365,0.6030138527999495,5819.093327741156
MPI-ESM1-2-HR,ssp126,medio,2040,366,0.5457162744829601,5280.598645372247
MPI-ESM1-2-HR,ssp126,medio,2041,365,0.5485267034553315,5293.291464771204
MPI-ESM1-2-HR,ssp126,medio,2042,365,0.6159846292024298,5944.2615275575145
MPI-ESM1-2-HR,ssp126,medio,2043,365,0.7104053222506175,6855.422726203615
MPI-ESM1-2-HR,ssp126,medio,2044,366,0.7406746474457417,7167.104451244796
MPI-ESM1-2-HR,ssp126,medio,2045,365,0.6644425507642828,6411.88124595614
MPI-ESM1-2-HR,ssp126,medio,2046,365,0.5386955913610124,5198.421075763231
MPI-ESM1-2-HR,ssp126,medio,2047,365,0.5839760671644313,5635.378391753837
MPI-ESM1-2-HR,ssp126,medio,2048,366,0.5869442865967515,5679.539624593996
MPI-ESM1-2-HR,ssp126,medio,2049,365,0.7115589328599538,6866.555087041479
MPI-ESM1-2-HR,ssp126,medio,2050,365,0.6216804762281819,5999.226542489574
MPI-ESM1-2-HR,ssp126,medio,2051,365,0.5901639211749465,5695.091281960973
MPI-ESM1-2-HR,ssp126,medio,2052,366,0.6594248924321067,6380.8949018441845
MPI-ESM1-2-HR,ssp126,medio,2053,365,0.6371642797139337,6148.645493867935
MPI-ESM1-2-HR,ssp126,medio,2054,365,0.6598196511838278,6367.270191038356
MPI-ESM1-2-HR,ssp126,medio,2055,365,0.6764577293179241,6527.827911241636
MPI-ESM1-2-HR,ssp126,medio,2056,366,0.7011001826407265,6784.163947154661
MPI-ESM1-2-HR,ssp126,medio,2057,365,0.6676680451470287,6443.00731835755
MPI-ESM1-2-HR,ssp126,medio,2058,365,0.7159365515234613,6908.799177186224
MPI-ESM1-2-HR,ssp126,medio,2059,365,0.7567387371486392,7302.540921304162
MPI-ESM1-2-HR,ssp126,medio,2060,366,0.6692603863493588,6476.067610235953
MPI-ESM1-2-HR,ssp126,medio,2061,365,0.5998791176920659,5788.843083794319
MPI-ESM1-2-HR,ssp126,medio,2062,365,0.7270335805368742,7015.885684718123
MPI-ESM1-2-HR,ssp126,medio,2063,365,0.7069508866437155,6822.087367326041
MPI-ESM1-2-HR,ssp126,medio,2064,366,0.7289296477561101,7053.454497320062
MPI-ESM1-2-HR,ssp126,medio,2065,365,0.7312400161328083,7056.477855521858
MPI-ESM1-2-HR,ssp126,medio,2066,365,0.806882621498391,7786.430207581416
MPI-ESM1-2-HR,ssp126,medio,2067,365,0.6836765521630924,6597.489667198675
MPI-ESM1-2-HR,ssp126,medio,2068,366,0.657579603275028,6363.039045460899
MPI-ESM1-2-HR,ssp126,medio,2069,365,0.671629544681569,6481.235852249855
MPI-ESM1-2-HR,ssp126,lejano,2070,365,0.6565723999139538,6335.934164328052
MPI-ESM1-2-HR,ssp126,lejano,2071,365,0.6353292447874777,6130.937377467076
MPI-ESM1-2-HR,ssp126,lejano,2072,366,0.7122800238890197,6892.345171193009
MPI-ESM1-2-HR,ssp126,lejano,2073,365,0.6074172339660878,5861.58602644849
MPI-ESM1-2-HR,ssp126,lejano,2074,365,0.6234156135603829,6015.970645507511
MPI-ESM1-2-HR,ssp126,lejano,2075,365,0.7455757419380972,7194.817838914508
MPI-ESM1-2-HR,ssp126,lejano,2076,366,0.6968809473467015,6743.336709229157
MPI-ESM1-2-HR,ssp126,lejano,2077,365,0.7779719355406046,7507.441625517802
MPI-ESM1-2-HR,ssp126,lejano,2078,365,0.656837910334988,6338.496344139199
MPI-ESM1-2-HR,ssp126,lejano,2079,365,0.7279007395017089,7024.253782603321
MPI-ESM1-2-HR,ssp126,lejano,2080,366,0.7923187531880499,7666.836285489019
MPI-ESM1-2-HR,ssp126,lejano,2081,365,0.8159552026826266,7873.980761170588
MPI-ESM1-2-HR,ssp126,lejano,2082,365,0.6393763771569259,6169.99226958637
MPI-ESM1-2-HR,ssp126,lejano,2083,365,0.7582969678695434,7317.577872692578
MPI-ESM1-2-HR,ssp126,lejano,2084,366,0.7545830105963618,7301.688093050411
MPI-ESM1-2-HR,ssp126,lejano,2085,365,0.6098053933521236,5884.631802734286
MPI-ESM1-2-HR,ssp126,lejano,2086,365,0.7177809124661181,6926.597289792639
MPI-ESM1-2-HR,ssp126,lejano,2087,365,0.7438736714772285,7178.392831733998
MPI-ESM1-2-HR,ssp126,lejano,2088,366,0.7585240916197562,7339.823783859993
MPI-ESM1-2-HR,ssp126,lejano,2089,365,0.6120237020227293,5906.038516898569
MPI-ESM1-2-HR,ssp126,lejano,2090,365,0.7111619225941567,6862.723931624372
MPI-ESM1-2-HR,ssp126,lejano,2091,365,0.746934086071181,7207.925881532272
MPI-ESM1-2-HR,ssp126,lejano,2092,366,0.7872110442353492,7617.411772719738
MPI-ESM1-2-HR,ssp126,lejano,2093,365,0.7721828481045012,7451.576839134006
MPI-ESM1-2-HR,ssp126,lejano,2094,365,0.5977845943599617,5768.63090012714
MPI-ESM1-2-HR,ssp126,lejano,2095,365,0.534149491609081,5154.551140419497
MPI-ESM1-2-HR,ssp126,lejano,2096,366,0.5355428344715906,5182.155817011094
MPI-ESM1-2-HR,ssp126,lejano,2097,365,0.7246443586973694,6992.829655739353
MPI-ESM1-2-HR,ssp126,lejano,2098,365,0.6271498168779923,6052.005767269695
MPI-ESM1-2-HR,ssp126,lejano,2099,365,0.6154133717108023,5938.74888362319
MPI-ESM1-2-HR,ssp245,medio,2040,366,0.6748703858738876,6530.352514819077
MPI-ESM1-2-HR,ssp245,medio,2041,365,0.6474607639363203,6248.006731357714
MPI-ESM1-2-HR,ssp245,medio,2042,365,0.5753653978887213,5552.285295472526
MPI-ESM1-2-HR,ssp245,medio,2043,365,0.649904990528846,6271.593557083212
MPI-ESM1-2-HR,ssp245,medio,2044,366,0.6857355010868834,6635.488306728377
MPI-ESM1-2-HR,ssp245,medio,2045,365,0.7062306167110912,6815.136750951898
MPI-ESM1-2-HR,ssp245,medio,2046,365,0.702032143644714,6774.621418685787
MPI-ESM1-2-HR,ssp245,medio,2047,365,0.6650509779991197,6417.752578507152
MPI-ESM1-2-HR,ssp245,medio,2048,366,0.6164642998526912,5965.188686752493
MPI-ESM1-2-HR,ssp245,medio,2049,365,0.55684549304829,5373.5679174438865
MPI-ESM1-2-HR,ssp245,medio,2050,365,0.7224943608570892,6972.082142180684
MPI-ESM1-2-HR,ssp245,medio,2051,365,0.7684630110760706,7415.680352292257
MPI-ESM1-2-HR,ssp245,medio,2052,366,0.5986316859570696,5792.6322115587045
MPI-ESM1-2-HR,ssp245,medio,2053,365,0.6223673518391265,6005.8549031252
MPI-ESM1-2-HR,ssp245,medio,2054,365,0.6408286286964795,6184.006520179087
MPI-ESM1-2-HR,ssp245,medio,2055,365,0.6748066385187971,6511.894858612607
MPI-ESM1-2-HR,ssp245,medio,2056,366,0.707768423840633,6848.688879053758
MPI-ESM1-2-HR,ssp245,medio,2057,365,0.8480695877492921,8183.885090894071
MPI-ESM1-2-HR,ssp245,medio,2058,365,0.8258575204923252,7969.538286471266
MPI-ESM1-2-HR,ssp245,medio,2059,365,0.6995995472555028,6751.146824608357
MPI-ESM1-2-HR,ssp245,medio,2060,366,0.7140562443566059,6909.532687551954
MPI-ESM1-2-HR,ssp245,medio,2061,365,0.7456026268338107,7195.077278588303
MPI-ESM1-2-HR,ssp245,medio,2062,365,0.7863121326351437,7587.924660923258
MPI-ESM1-2-HR,ssp245,medio,2063,365,0.6816817289790098,6578.239591555108
MPI-ESM1-2-HR,ssp245,medio,2064,366,0.7405777521605115,7166.166848435691
MPI-ESM1-2-HR,ssp245,medio,2065,365,0.6323208217609784,6101.906047126589
MPI-ESM1-2-HR,ssp245,medio,2066,365,0.45886438480259795,4428.0486551752265
MPI-ESM1-2-HR,ssp245,medio,2067,365,0.613583889732044,5921.09435325646
MPI-ESM1-2-HR,ssp245,medio,2068,366,0.6077630526037362,5880.991464524855
MPI-ESM1-2-HR,ssp245,medio,2069,365,0.7407919789873443,7148.6544498995345
MPI-ESM1-2-HR,ssp245,lejano,2070,365,0.6809850762792172,6571.516881855666
MPI-ESM1-2-HR,ssp245,lejano,2071,365,0.5918968564628547,5711.814135216251
MPI-ESM1-2-HR,ssp245,lejano,2072,366,0.6724697039634581,6507.1224257839
MPI-ESM1-2-HR,ssp245,lejano,2073,365,0.7153244530161698,6902.8924167972855
MPI-ESM1-2-HR,ssp245,lejano,2074,365,0.7311455748214988,7055.566495356659
MPI-ESM1-2-HR,ssp245,lejano,2075,365,0.6085263599328589,5872.289109773847
MPI-ESM1-2-HR,ssp245,lejano,2076,366,0.5956309449370749,5763.595677912515
MPI-ESM1-2-HR,ssp245,lejano,2077,365,0.758220247993926,7316.837524665353
MPI-ESM1-2-HR,ssp245,lejano,2078,365,0.689334609213476,6652.09000826379
MPI-ESM1-2-HR,ssp245,lejano,2079,365,0.721246531521334,6960.040569125376
MPI-ESM1-2-HR,ssp245,lejano,2080,366,0.7695707264882494,7446.716042438417
MPI-ESM1-2-HR,ssp245,lejano,2081,365,0.7441986326489897,7181.528712240872
MPI-ESM1-2-HR,ssp245,lejano,2082,365,0.6791644475151312,6553.947785152175
MPI-ESM1-2-HR,ssp245,lejano,2083,365,0.7094083460227213,6845.8018896527965
MPI-ESM1-2-HR,ssp245,lejano,2084,366,0.7694434580939096,7445.484535624027
MPI-ESM1-2-HR,ssp245,lejano,2085,365,0.7524545504264972,7261.198450888505
MPI-ESM1-2-HR,ssp245,lejano,2086,365,0.7654947803217249,7387.03687802113
MPI-ESM1-2-HR,ssp245,lejano,2087,365,0.6703618815902683,6469.002883136194
MPI-ESM1-2-HR,ssp245,lejano,2088,366,0.6925819277516087,6701.737442152536
MPI-ESM1-2-HR,ssp245,lejano,2089,365,0.7140779443089031,6890.863587828025
MPI-ESM1-2-HR,ssp245,lejano,2090,365,0.7382004302409501,7123.645963032051
MPI-ESM1-2-HR,ssp245,lejano,2091,365,0.6256246162975451,6037.287557265171
MPI-ESM1-2-HR,ssp245,lejano,2092,366,0.5974026971329536,5780.739957244035
MPI-ESM1-2-HR,ssp245,lejano,2093,365,0.7011966292941567,6766.55869183468
MPI-ESM1-2-HR,ssp245,lejano,2094,365,0.7244258937982305,6990.7214659672245
MPI-ESM1-2-HR,ssp245,lejano,2095,365,0.6162239439790357,5946.570918980798
MPI-ESM1-2-HR,ssp245,lejano,2096,366,0.779504322439835,7542.838030691959
MPI-ESM1-2-HR,ssp245,lejano,2097,365,0.6910173687542296,6668.328664756215
MPI-ESM1-2-HR,ssp245,lejano,2098,365,0.745349265171054,7192.632334488913
MPI-ESM1-2-HR,ssp245,lejano,2099,365,0.7582735479382887,7317.351869981252
MPI-ESM1-2-HR,ssp585,medio,2040,366,0.6219458877265257,6018.231021853245
MPI-ESM1-2-HR,ssp585,medio,2041,365,0.6828036670361317,6589.066311757343
MPI-ESM1-2-HR,ssp585,medio,2042,365,0.6383555034255318,6160.140821744437
MPI-ESM1-2-HR,ssp585,medio,2043,365,0.6360388923932327,6137.785488216974
MPI-ESM1-2-HR,ssp585,medio,2044,366,0.5379691355097325,5205.633808367346
MPI-ESM1-2-HR,ssp585,medio,2045,365,0.6681975447664676,6448.116998157128
MPI-ESM1-2-HR,ssp585,medio,2046,365,0.5952432849005753,5744.10722318311
MPI-ESM1-2-HR,ssp585,medio,2047,365,0.6864408243123625,6624.164937667486
MPI-ESM1-2-HR,ssp585,medio,2048,366,0.7576103850828884,7330.982344221008
MPI-ESM1-2-HR,ssp585,medio,2049,365,0.6553281035296016,6323.9266843103105
MPI-ESM1-2-HR,ssp585,medio,2050,365,0.6972780190746746,6728.7440405189145
MPI-ESM1-2-HR,ssp585,medio,2051,365,0.5204648957731456,5022.494571649187
MPI-ESM1-2-HR,ssp585,medio,2052,366,0.6822005641505872,6601.282650657431
MPI-ESM1-2-HR,ssp585,medio,2053,365,0.7240874563084208,6987.455538775561
MPI-ESM1-2-HR,ssp585,medio,2054,365,0.7232634316038495,6979.503687192054
MPI-ESM1-2-HR,ssp585,medio,2055,365,0.6890043381782893,6648.902887489902
MPI-ESM1-2-HR,ssp585,medio,2056,366,0.7428037124959945,7187.706252118201
MPI-ESM1-2-HR,ssp585,medio,2057,365,0.7667316890347439,7398.973066892302
MPI-ESM1-2-HR,ssp585,medio,2058,365,0.7014216714741546,6768.730352472335
MPI-ESM1-2-HR,ssp585,medio,2059,365,0.8130236184249509,7845.6909261786695
MPI-ESM1-2-HR,ssp585,medio,2060,366,0.7664389909554254,7416.411946362186
MPI-ESM1-2-HR,ssp585,medio,2061,365,0.6623792666921285,6391.970521647307
MPI-ESM1-2-HR,ssp585,medio,2062,365,0.7038740729350289,6792.396065808195
MPI-ESM1-2-HR,ssp585,medio,2063,365,0.6009700374300714,5799.370476720787
MPI-ESM1-2-HR,ssp585,medio,2064,366,0.6914779055510092,6691.054421671846
MPI-ESM1-2-HR,ssp585,medio,2065,365,0.7122446844341542,6873.172600704539
MPI-ESM1-2-HR,ssp585,medio,2066,365,0.7740638924902653,7469.72894755334
MPI-ESM1-2-HR,ssp585,medio,2067,365,0.767453948631469,7405.942883556853
MPI-ESM1-2-HR,ssp585,medio,2068,366,0.7282220057491906,7046.6070317085805
MPI-ESM1-2-HR,ssp585,medio,2069,365,0.7009868368337007,6764.534191234599
MPI-ESM1-2-HR,ssp585,lejano,2070,365,0.7080599168324858,6832.789526392157
MPI-ESM1-2-HR,ssp585,lejano,2071,365,0.7348582179449927,7091.393560900666
MPI-ESM1-2-HR,ssp585,lejano,2072,366,0.7638783191749228,7391.633722644786
MPI-ESM1-2-HR,ssp585,lejano,2073,365,0.6274545359458014,6054.946311149558
MPI-ESM1-2-HR,ssp585,lejano,2074,365,0.6691816502842305,6457.613632149228
MPI-ESM1-2-HR,ssp585,lejano,2075,365,0.7077618476848567,6829.913154348429
MPI-ESM1-2-HR,ssp585,lejano,2076,366,0.6898285480941903,6675.094489451639
MPI-ESM1-2-HR,ssp585,lejano,2077,365,0.7455435960386962,7194.507630470954
MPI-ESM1-2-HR,ssp585,lejano,2078,365,0.803049228320665,7749.437902082071
MPI-ESM1-2-HR,ssp585,lejano,2079,365,0.7664624405512263,7396.3748147183815
MPI-ESM1-2-HR,ssp585,lejano,2080,366,0.7211168259933087,6977.854083796987
MPI-ESM1-2-HR,ssp585,lejano,2081,365,0.715738822076415,6906.891084858557
MPI-ESM1-2-HR,ssp585,lejano,2082,365,0.8214676851808687,7927.176305478345
MPI-ESM1-2-HR,ssp585,lejano,2083,365,0.76563161578955,7388.357342475009
MPI-ESM1-2-HR,ssp585,lejano,2084,366,0.7730282184065538,7480.172305324258
MPI-ESM1-2-HR,ssp585,lejano,2085,365,0.7351435253386481,7094.146781814359
MPI-ESM1-2-HR,ssp585,lejano,2086,365,0.658348373707542,6353.072339851758
MPI-ESM1-2-HR,ssp585,lejano,2087,365,0.7326472528782114,7070.057712630786
MPI-ESM1-2-HR,ssp585,lejano,2088,366,0.7964128792611801,7706.452909743514
MPI-ESM1-2-HR,ssp585,lejano,2089,365,0.7194371570078185,6942.580076119961
MPI-ESM1-2-HR,ssp585,lejano,2090,365,0.7645841458217801,7378.24924052651
MPI-ESM1-2-HR,ssp585,lejano,2091,365,0.6396033859921139,6172.182908478074
MPI-ESM1-2-HR,ssp585,lejano,2092,366,0.6592120916183992,6378.83574447406
MPI-ESM1-2-HR,ssp585,lejano,2093,365,0.7721156468687362,7450.928346133654
MPI-ESM1-2-HR,ssp585,lejano,2094,365,0.792830071794118,7650.822878094386
MPI-ESM1-2-HR,ssp585,lejano,2095,365,0.8420760361489635,8126.047222054076
MPI-ESM1-2-HR,ssp585,lejano,2096,366,0.8353006260359104,8082.748418127939
MPI-ESM1-2-HR,ssp585,lejano,2097,365,0.8522306931352628,8224.039824446376
MPI-ESM1-2-HR,ssp585,lejano,2098,365,0.8508239578415189,8210.46480635398
MPI-ESM1-2-HR,ssp585,lejano,2099,365,0.7330203951794511,7073.658541808025
MPI-ESM1-2-LR,historical,historico,1981,365,0.7289984831296585,7034.847026176934
MPI-ESM1-2-LR,historical,historico,1982,365,0.6538540046590284,6309.701606623699
MPI-ESM1-2-LR,historical,historico,1983,365,0.5783192116560434,5580.789645588205
MPI-ESM1-2-LR,historical,historico,1984,366,0.6347973361910201,6142.587476893876
MPI-ESM1-2-LR,historical,historico,1985,365,0.6859485802442573,6619.414774534366
MPI-ESM1-2-LR,historical,historico,1986,365,0.591525124214402,5708.226913070966
MPI-ESM1-2-LR,historical,historico,1987,365,0.5830980520563189,5626.90553191231
MPI-ESM1-2-LR,historical,historico,1988,366,0.6592625091620555,6379.323607536212
MPI-ESM1-2-LR,historical,historico,1989,365,0.6892963385858726,6651.720696095088
MPI-ESM1-2-LR,historical,historico,1990,365,0.7431766673652378,7171.666730901223
MPI-ESM1-2-LR,historical,historico,1991,365,0.6336974667415332,6115.190693215262
MPI-ESM1-2-LR,historical,historico,1992,366,0.6906459083612733,6683.003638804438
MPI-ESM1-2-LR,historical,historico,1993,365,0.6877458272101067,6636.758236510764
MPI-ESM1-2-LR,historical,historico,1994,365,0.6569238428703761,6339.325594480615
MPI-ESM1-2-LR,historical,historico,1995,365,0.7084996880959514,6837.03332612094
MPI-ESM1-2-LR,historical,historico,1996,366,0.685433522526788,6632.566224961837
MPI-ESM1-2-LR,historical,historico,1997,365,0.7382523010692041,7124.146517354637
MPI-ESM1-2-LR,historical,historico,1998,365,0.6651478653989642,6418.6875434658505
MPI-ESM1-2-LR,historical,historico,1999,365,0.5996106323704364,5786.252196144829
MPI-ESM1-2-LR,historical,historico,2000,366,0.6636122575128879,6421.413749104516
MPI-ESM1-2-LR,historical,historico,2001,365,0.7188486777300961,6936.901241674271
MPI-ESM1-2-LR,historical,historico,2002,365,0.7853973324566556,7579.096824564045
MPI-ESM1-2-LR,historical,historico,2003,365,0.7580565457101747,7315.257795007916
MPI-ESM1-2-LR,historical,historico,2004,366,0.6418549489575271,6210.880145001839
MPI-ESM1-2-LR,historical,historico,2005,365,0.5881501466981958,5675.658326039936
MPI-ESM1-2-LR,historical,historico,2006,365,0.6633628509651566,6401.462125619376
MPI-ESM1-2-LR,historical,historico,2007,365,0.7463039265220333,7201.844831800445
MPI-ESM1-2-LR,historical,historico,2008,366,0.7396203137553509,7156.902239367345
MPI-ESM1-2-LR,historical,historico,2009,365,0.6509683839655774,6281.855320761965
MPI-ESM1-2-LR,historical,historico,2010,365,0.605562000703561,5843.682995781374
MPI-ESM1-2-LR,historical,historico,2011,365,0.6931361262708384,6688.774708691611
MPI-ESM1-2-LR,historical,historico,2012,366,0.6332613910828636,6127.724974093896
MPI-ESM1-2-LR,historical,historico,2013,365,0.59249633390197,5717.5991020953525
MPI-ESM1-2-LR,historical,historico,2014,365,0.6319570188808364,6098.395343512374
MPI-ESM1-2-LR,ssp126,medio,2040,366,0.7514022420187991,7270.909530952674
MPI-ESM1-2-LR,ssp126,medio,2041,365,0.7526490635585624,7263.0755057251445
MPI-ESM1-2-LR,ssp126,medio,2042,365,0.7967022610797422,7688.189566655689
MPI-ESM1-2-LR,ssp126,medio,2043,365,0.7646103642224034,7378.50224851202
MPI-ESM1-2-LR,ssp126,medio,2044,366,0.7230514327185903,6996.574217556106
MPI-ESM1-2-LR,ssp126,medio,2045,365,0.6830002136359569,6590.962989590402
MPI-ESM1-2-LR,ssp126,medio,2046,365,0.7178552911309459,6927.315045098285
MPI-ESM1-2-LR,ssp126,medio,2047,365,0.7714099110347487,7444.1179840439
MPI-ESM1-2-LR,ssp126,medio,2048,366,0.7076021686002718,6847.080117801642
MPI-ESM1-2-LR,ssp126,medio,2049,365,0.6201704003846702,5984.654286438473
MPI-ESM1-2-LR,ssp126,medio,2050,365,0.7020962383595581,6775.239933709549
MPI-ESM1-2-LR,ssp126,medio,2051,365,0.6852157306498031,6612.34276422229
MPI-ESM1-2-LR,ssp126,medio,2052,366,0.5851023175943787,5661.715895536323
MPI-ESM1-2-LR,ssp126,medio,2053,365,0.6618443607278949,6386.808670533956
MPI-ESM1-2-LR,ssp126,medio,2054,365,0.7057000791892248,6810.017055377286
MPI-ESM1-2-LR,ssp126,medio,2055,365,0.7086481714731383,6838.466193086528
MPI-ESM1-2-LR,ssp126,medio,2056,366,0.7361678214502926,7123.4943550110975
MPI-ESM1-2-LR,ssp126,medio,2057,365,0.7583944596565826,7318.5186699973765
MPI-ESM1-2-LR,ssp126,medio,2058,365,0.753869196624581,7274.849809334351
MPI-ESM1-2-LR,ssp126,medio,2059,365,0.7339805365960106,7082.923921840087
MPI-ESM1-2-LR,ssp126,medio,2060,366,0.7109103426348841,6879.091512994832
MPI-ESM1-2-LR,ssp126,medio,2061,365,0.6264659171050444,6045.406123518353
MPI-ESM1-2-LR,ssp126,medio,2062,365,0.6187477844137723,5970.9260195574525
MPI-ESM1-2-LR,ssp126,medio,2063,365,0.7063806478436029,6816.584553781132
MPI-ESM1-2-LR,ssp126,medio,2064,366,0.6801991435937587,6581.915995904057
MPI-ESM1-2-LR,ssp126,medio,2065,365,0.6779518489032546,6542.246189145989
MPI-ESM1-2-LR,ssp126,medio,2066,365,0.7158372168100485,6907.840595612436
MPI-ESM1-2-LR,ssp126,medio,2067,365,0.7539202733334206,7275.342700391881
MPI-ESM1-2-LR,ssp126,medio,2068,366,0.6561409635832088,6349.11811408498
MPI-ESM1-2-LR,ssp126,medio,2069,365,0.635877115101523,6136.2243347635385
MPI-ESM1-2-LR,ssp126,lejano,2070,365,0.73812458908597,7122.914094673036
MPI-ESM1-2-LR,ssp126,lejano,2071,365,0.7055531337528458,6808.599029565102
MPI-ESM1-2-LR,ssp126,lejano,2072,366,0.6774031313225666,6554.860510660027
MPI-ESM1-2-LR,ssp126,lejano,2073,365,0.6248682136128783,6029.988259255692
MPI-ESM1-2-LR,ssp126,lejano,2074,365,0.6343147652258581,6121.147633465774
MPI-ESM1-2-LR,ssp126,lejano,2075,365,0.6559720731303734,6330.141001261273
MPI-ESM1-2-LR,ssp126,lejano,2076,366,0.7291692719182807,7055.773209598444
MPI-ESM1-2-LR,ssp126,lejano,2077,365,0.7574795730473165,7309.689999579772
MPI-ESM1-2-LR,ssp126,lejano,2078,365,0.7734416353997061,7463.72415667333
MPI-ESM1-2-LR,ssp126,lejano,2079,365,0.600850022630651,5798.212331986144
MPI-ESM1-2-LR,ssp126,lejano,2080,366,0.7286062494662915,7050.325148515593
MPI-ESM1-2-LR,ssp126,lejano,2081,365,0.5912394390223042,5705.47004639626
MPI-ESM1-2-LR,ssp126,lejano,2082,365,0.6963900600771906,6720.17522198585
MPI-ESM1-2-LR,ssp126,lejano,2083,365,0.6767046220450735,6530.210430008912
MPI-ESM1-2-LR,ssp126,lejano,2084,366,0.6605977824907456,6392.244319012819
MPI-ESM1-2-LR,ssp126,lejano,2085,365,0.703536109197359,6789.1347103322605
MPI-ESM1-2-LR,ssp126,lejano,2086,365,0.774294614588057,7471.955419488584
MPI-ESM1-2-LR,ssp126,lejano,2087,365,0.7527293582595445,7263.850350874335
MPI-ESM1-2-LR,ssp126,lejano,2088,366,0.7247359839011793,7012.874700258896
MPI-ESM1-2-LR,ssp126,lejano,2089,365,0.7755607633575612,7484.173775372678
MPI-ESM1-2-LR,ssp126,lejano,2090,365,0.750226629979231,7239.698982925657
MPI-ESM1-2-LR,ssp126,lejano,2091,365,0.6890053190151895,6648.912352581681
MPI-ESM1-2-LR,ssp126,lejano,2092,366,0.7137793107217199,6906.852951862153
MPI-ESM1-2-LR,ssp126,lejano,2093,365,0.665649550791797,6423.528815533653
MPI-ESM1-2-LR,ssp126,lejano,2094,365,0.5803426531640359,5600.315888515397
MPI-ESM1-2-LR,ssp126,lejano,2095,365,0.6394409752155422,6170.615641885586
MPI-ESM1-2-LR,ssp126,lejano,2096,366,0.6795672716592054,6575.801715942714
MPI-ESM1-2-LR,ssp126,lejano,2097,365,0.8126787575616795,7842.363013330328
MPI-ESM1-2-LR,ssp126,lejano,2098,365,0.7029852069553397,6783.81849488234
MPI-ESM1-2-LR,ssp126,lejano,2099,365,0.7150938659612124,6900.667248027554
MPI-ESM1-2-LR,ssp245,medio,2040,366,0.7458671067207568,7217.349046643337
MPI-ESM1-2-LR,ssp245,medio,2041,365,0.7784383981411404,7511.942997076375
MPI-ESM1-2-LR,ssp245,medio,2042,365,0.6804339654792865,6566.198653818562
MPI-ESM1-2-LR,ssp245,medio,2043,365,0.5483675863544767,5291.755982202082
MPI-ESM1-2-LR,ssp245,medio,2044,366,0.6899709172576437,6676.472118169761
MPI-ESM1-2-LR,ssp245,medio,2045,365,0.7112831044799444,6863.893338761134
MPI-ESM1-2-LR,ssp245,medio,2046,365,0.6758375454302752,6521.843126802882
MPI-ESM1-2-LR,ssp245,medio,2047,365,0.7163469775897593,6912.759795292818
MPI-ESM1-2-LR,ssp245,medio,2048,366,0.7113886515778927,6883.7198476709655
MPI-ESM1-2-LR,ssp245,medio,2049,365,0.6992621407988999,6747.890846903636
MPI-ESM1-2-LR,ssp245,medio,2050,365,0.7058297383097363,6811.268267964767
MPI-ESM1-2-LR,ssp245,medio,2051,365,0.7269642892102137,7015.217022307189
MPI-ESM1-2-LR,ssp245,medio,2052,366,0.6730470665529861,6512.709248553734
MPI-ESM1-2-LR,ssp245,medio,2053,365,0.6938465453052574,6695.630263740458
MPI-ESM1-2-LR,ssp245,medio,2054,365,0.701840401877829,6772.77110756748
MPI-ESM1-2-LR,ssp245,medio,2055,365,0.6680331853752363,6446.5309274019955
MPI-ESM1-2-LR,ssp245,medio,2056,366,0.654193807983313,6330.276551712884
MPI-ESM1-2-LR,ssp245,medio,2057,365,0.6010151883997913,5799.806184300999
MPI-ESM1-2-LR,ssp245,medio,2058,365,0.712936632513375,6879.8499107401885
MPI-ESM1-2-LR,ssp245,medio,2059,365,0.7707650648464626,7437.8952080094
MPI-ESM1-2-LR,ssp245,medio,2060,366,0.712483758632799,6894.316601150886
MPI-ESM1-2-LR,ssp245,medio,2061,365,0.7380354371203504,7122.0537767783735
MPI-ESM1-2-LR,ssp245,medio,2062,365,0.6468388912188258,6242.005649683928
MPI-ESM1-2-LR,ssp245,medio,2063,365,0.7998356006465225,7718.426343608552
MPI-ESM1-2-LR,ssp245,medio,2064,366,0.6918083500763037,6694.251953052589
MPI-ESM1-2-LR,ssp245,medio,2065,365,0.6956316121601254,6712.856187451003
MPI-ESM1-2-LR,ssp245,medio,2066,365,0.7810422889540273,7537.070585082985
MPI-ESM1-2-LR,ssp245,medio,2067,365,0.752894669884477,7265.4456106999205
MPI-ESM1-2-LR,ssp245,medio,2068,366,0.7533666460968602,7289.9179974372055
MPI-ESM1-2-LR,ssp245,medio,2069,365,0.7166127857782494,6915.324848564678
MPI-ESM1-2-LR,ssp245,lejano,2070,365,0.7893806572285403,7617.535972345929
MPI-ESM1-2-LR,ssp245,lejano,2071,365,0.7857978385199882,7582.961714483302
MPI-ESM1-2-LR,ssp245,lejano,2072,366,0.804359215164461,7783.345266758694
MPI-ESM1-2-LR,ssp245,lejano,2073,365,0.7546402358406963,7282.290350106492
MPI-ESM1-2-LR,ssp245,lejano,2074,365,0.7771396546190841,7499.410101308635
MPI-ESM1-2-LR,ssp245,lejano,2075,365,0.7189426866695836,6937.808429444468
MPI-ESM1-2-LR,ssp245,lejano,2076,366,0.7390007709990862,7150.907262137501
MPI-ESM1-2-LR,ssp245,lejano,2077,365,0.6554662189592724,6325.259500416481
MPI-ESM1-2-LR,ssp245,lejano,2078,365,0.7515452821045687,7252.423997033602
MPI-ESM1-2-LR,ssp245,lejano,2079,365,0.716251942475066,6911.842704915466
MPI-ESM1-2-LR,ssp245,lejano,2080,366,0.7881689205483803,7626.680619183624
MPI-ESM1-2-LR,ssp245,lejano,2081,365,0.7791586006672597,7518.892962976667
MPI-ESM1-2-LR,ssp245,lejano,2082,365,0.7296876376564606,7041.497378387047
MPI-ESM1-2-LR,ssp245,lejano,2083,365,0.7293482974077973,7038.222739558002
MPI-ESM1-2-LR,ssp245,lejano,2084,366,0.686904626091616,6646.801291524572
MPI-ESM1-2-LR,ssp245,lejano,2085,365,0.6218038869294408,6000.417457731293
MPI-ESM1-2-LR,ssp245,lejano,2086,365,0.6685523142077278,6451.540528941599
MPI-ESM1-2-LR,ssp245,lejano,2087,365,0.7615271447990586,7348.749131745231
MPI-ESM1-2-LR,ssp245,lejano,2088,366,0.7624668303354495,7377.975515253514
MPI-ESM1-2-LR,ssp245,lejano,2089,365,0.716205655336023,6911.396033283106
MPI-ESM1-2-LR,ssp245,lejano,2090,365,0.7285693528610443,7030.705912218723
MPI-ESM1-2-LR,ssp245,lejano,2091,365,0.7235778865381691,6982.538182339516
MPI-ESM1-2-LR,ssp245,lejano,2092,366,0.8034155588065908,7774.2140190424925
MPI-ESM1-2-LR,ssp245,lejano,2093,365,0.6905835297367553,6664.142111296163
MPI-ESM1-2-LR,ssp245,lejano,2094,365,0.6992487707218162,6747.7618254458575
MPI-ESM1-2-LR,ssp245,lejano,2095,365,0.7342396990617491,7085.424843781063
MPI-ESM1-2-LR,ssp245,lejano,2096,366,0.751124296814743,7268.220006859926
MPI-ESM1-2-LR,ssp245,lejano,2097,365,0.7920540637091398,7643.334387658217
MPI-ESM1-2-LR,ssp245,lejano,2098,365,0.7585505358832388,7320.024808081828
MPI-ESM1-2-LR,ssp245,lejano,2099,365,0.762898168963033,7361.979536863972
MPI-ESM1-2-LR,ssp585,medio,2040,366,0.7029853997484787,6802.406164531925
MPI-ESM1-2-LR,ssp585,medio,2041,365,0.7623628113645076,7356.813327472479
MPI-ESM1-2-LR,ssp585,medio,2042,365,0.7540075567539718,7276.184986796736
MPI-ESM1-2-LR,ssp585,medio,2043,365,0.7240836980795176,6987.419271806513
MPI-ESM1-2-LR,ssp585,medio,2044,366,0.7436863376071382,7196.246933758478
MPI-ESM1-2-LR,ssp585,medio,2045,365,0.6275574891863237,6055.9398115678505
MPI-ESM1-2-LR,ssp585,medio,2046,365,0.7395553562968074,7136.721021149891
MPI-ESM1-2-LR,ssp585,medio,2047,365,0.7441687796069641,7181.2406299076765
MPI-ESM1-2-LR,ssp585,medio,2048,366,0.7659282825717274,7411.470099975633
MPI-ESM1-2-LR,ssp585,medio,2049,365,0.7769481665333923,7497.5622382179
MPI-ESM1-2-LR,ssp585,medio,2050,365,0.7437229686724713,7176.9385472568465
MPI-ESM1-2-LR,ssp585,medio,2051,365,0.7978248921652397,7699.022974592836
MPI-ESM1-2-LR,ssp585,medio,2052,366,0.7617097394022715,7370.649559361963
MPI-ESM1-2-LR,ssp585,medio,2053,365,0.7461794134303023,7200.643278473031
MPI-ESM1-2-LR,ssp585,medio,2054,365,0.6511365659091395,6283.478279208251
MPI-ESM1-2-LR,ssp585,medio,2055,365,0.6747414768333384,6511.266047305345
MPI-ESM1-2-LR,ssp585,medio,2056,366,0.6397183092801161,6190.20504859414
MPI-ESM1-2-LR,ssp585,medio,2057,365,0.6851090538692118,6611.313331582755
MPI-ESM1-2-LR,ssp585,medio,2058,365,0.7776809382756936,7504.633497255456
MPI-ESM1-2-LR,ssp585,medio,2059,365,0.7504705704921114,7242.053012778002
MPI-ESM1-2-LR,ssp585,medio,2060,366,0.7842208229670072,7588.477032970717
MPI-ESM1-2-LR,ssp585,medio,2061,365,0.7696128001590016,7426.775835339167
MPI-ESM1-2-LR,ssp585,medio,2062,365,0.7593230184282037,7327.47927700046
MPI-ESM1-2-LR,ssp585,medio,2063,365,0.6448333178204315,6222.651834300249
MPI-ESM1-2-LR,ssp585,medio,2064,366,0.792906591834848,7672.524479349319
MPI-ESM1-2-LR,ssp585,medio,2065,365,0.7565691804462025,7300.904696412741
MPI-ESM1-2-LR,ssp585,medio,2066,365,0.7489740327058414,7227.611399195892
MPI-ESM1-2-LR,ssp585,medio,2067,365,0.7440655899723597,7180.244848282709
MPI-ESM1-2-LR,ssp585,medio,2068,366,0.7572064873606301,7327.074046329314
MPI-ESM1-2-LR,ssp585,medio,2069,365,0.8420104113765035,8125.413941949839
MPI-ESM1-2-LR,ssp585,lejano,2070,365,0.7365862514364963,7108.069111742211
MPI-ESM1-2-LR,ssp585,lejano,2071,365,0.7496730192809509,7234.356630829484
MPI-ESM1-2-LR,ssp585,lejano,2072,366,0.6643061244054788,6428.127920450342
MPI-ESM1-2-LR,ssp585,lejano,2073,365,0.7290930806314292,7035.759893582582
MPI-ESM1-2-LR,ssp585,lejano,2074,365,0.8068654539785433,7786.264540740205
MPI-ESM1-2-LR,ssp585,lejano,2075,365,0.7570731640293874,7305.768146054212
MPI-ESM1-2-LR,ssp585,lejano,2076,366,0.7632864884998836,7385.906900105247
MPI-ESM1-2-LR,ssp585,lejano,2077,365,0.7010322317679584,6764.972253076506
MPI-ESM1-2-LR,ssp585,lejano,2078,365,0.6700969212084481,6466.446011212263
MPI-ESM1-2-LR,ssp585,lejano,2079,365,0.8176725672308566,7890.553356538841
MPI-ESM1-2-LR,ssp585,lejano,2080,366,0.7427491538693349,7187.178318055202
MPI-ESM1-2-LR,ssp585,lejano,2081,365,0.7390781866264966,7132.116326196677
MPI-ESM1-2-LR,ssp585,lejano,2082,365,0.7767188680094035,7495.349503792631
MPI-ESM1-2-LR,ssp585,lejano,2083,365,0.7783114146734459,7510.717604581388
MPI-ESM1-2-LR,ssp585,lejano,2084,366,0.8003871840491985,7744.910088796476
MPI-ESM1-2-LR,ssp585,lejano,2085,365,0.8034859749935768,7753.652514463615
MPI-ESM1-2-LR,ssp585,lejano,2086,365,0.7277525617084175,7022.823864527215
MPI-ESM1-2-LR,ssp585,lejano,2087,365,0.8446430978288515,8150.819408337981
MPI-ESM1-2-LR,ssp585,lejano,2088,366,0.7303953420417828,7067.637221239714
MPI-ESM1-2-LR,ssp585,lejano,2089,365,0.7603479951567909,7337.370318830953
MPI-ESM1-2-LR,ssp585,lejano,2090,365,0.7295783581518428,7040.442829419013
MPI-ESM1-2-LR,ssp585,lejano,2091,365,0.7866540689744392,7591.2243520684415
MPI-ESM1-2-LR,ssp585,lejano,2092,366,0.7601719141563954,7355.768863495075
MPI-ESM1-2-LR,ssp585,lejano,2093,365,0.7655499901270227,7387.569653525611
MPI-ESM1-2-LR,ssp585,lejano,2094,365,0.7727789935953919,7457.3296526594295
MPI-ESM1-2-LR,ssp585,lejano,2095,365,0.7998208325403446,7718.283831147646
MPI-ESM1-2-LR,ssp585,lejano,2096,366,0.8404626283815387,8132.698298438105
MPI-ESM1-2-LR,ssp585,lejano,2097,365,0.8345079445644362,8053.015017173922
MPI-ESM1-2-LR,ssp585,lejano,2098,365,0.8292270279573409,8002.054087420785
MPI-ESM1-2-LR,ssp585,lejano,2099,365,0.6802437103232589,6564.362688518814
NorESM2-MM,historical,historico,1981,365,0.7064596736985013,6817.347154545316
NorESM2-MM,historical,historico,1982,365,0.696942943831791,6725.510559063884
NorESM2-MM,historical,historico,1983,365,0.6804777565502665,6566.621238354176
NorESM2-MM,historical,historico,1984,365,0.6469685567604175,6243.256924234937
NorESM2-MM,historical,historico,1985,365,0.6486460229095794,6259.444499413807
NorESM2-MM,historical,historico,1986,365,0.4860428976244519,4690.321738762322
NorESM2-MM,historical,historico,1987,365,0.6444718998866925,6219.16414545698
NorESM2-MM,historical,historico,1988,365,0.7135886492878591,6886.141883046228
NorESM2-MM,historical,historico,1989,365,0.7393058499255584,7134.3132806752365
NorESM2-MM,historical,historico,1990,365,0.7247905668849165,6994.240567088514
NorESM2-MM,historical,historico,1991,365,0.6350370095214896,6128.117302474526
NorESM2-MM,historical,historico,1992,365,0.6864388462505383,6624.145849339235
NorESM2-MM,historical,historico,1993,365,0.7415441519516472,7155.912931039827
NorESM2-MM,historical,historico,1994,365,0.7613456988276287,7346.998175217798
NorESM2-MM,historical,historico,1995,365,0.7618984957645035,7352.332674503391
NorESM2-MM,historical,historico,1996,365,0.7591604732866846,7325.910713784078
NorESM2-MM,historical,historico,1997,365,0.615027128069317,5935.021626302958
NorESM2-MM,historical,historico,1998,365,0.6234273326461147,6016.083734872329
NorESM2-MM,historical,historico,1999,365,0.48080667181562536,4639.792075927534
NorESM2-MM,historical,historico,2000,365,0.6570586822966964,6340.626797102036
NorESM2-MM,historical,historico,2001,365,0.662605650313863,6394.155127219182
NorESM2-MM,historical,historico,2002,365,0.6880243448989137,6639.445936664036
NorESM2-MM,historical,historico,2003,365,0.7293412737610332,7038.1549612543495
NorESM2-MM,historical,historico,2004,365,0.7079709539516502,6831.931033168687
NorESM2-MM,historical,historico,2005,365,0.6874641829896642,6634.040365277186
NorESM2-MM,historical,historico,2006,365,0.6223257809618197,6005.453743494055
NorESM2-MM,historical,historico,2007,365,0.6573291787238327,6343.237091951844
NorESM2-MM,historical,historico,2008,365,0.6049675521721399,5837.946557941985
NorESM2-MM,historical,historico,2009,365,0.6245700382543409,6027.110862275002
NorESM2-MM,historical,historico,2010,365,0.6323453518601636,6102.142762976207
NorESM2-MM,historical,historico,2011,365,0.5485806365112789,5293.811919624025
NorESM2-MM,historical,historico,2012,365,0.6570238798117132,6340.2909525651085
NorESM2-MM,historical,historico,2013,365,0.7263809557198353,7009.587844791701
NorESM2-MM,historical,historico,2014,365,0.7611507689688154,7345.117098961372
NorESM2-MM,ssp126,medio,2040,365,0.7170587006865139,6919.62793456407
NorESM2-MM,ssp126,medio,2041,365,0.6768061153743626,6531.1898422604445
NorESM2-MM,ssp126,medio,2042,365,0.6972517426386491,6728.490472490846
NorESM2-MM,ssp126,medio,2043,365,0.7250755199323362,6996.990368555364
NorESM2-MM,ssp126,medio,2044,365,0.6033505920221421,5822.342866623143
NorESM2-MM,ssp126,medio,2045,365,0.6496209537960758,6268.852598067391
NorESM2-MM,ssp126,medio,2046,365,0.7571560997711926,7306.568477289604
NorESM2-MM,ssp126,medio,2047,365,0.699947676936833,6754.50628160327
NorESM2-MM,ssp126,medio,2048,365,0.7279284732670066,7024.521413882186
NorESM2-MM,ssp126,medio,2049,365,0.6777161790203458,6539.9719710052
NorESM2-MM,ssp126,medio,2050,365,0.7572319823849315,7307.300745726306
NorESM2-MM,ssp126,medio,2051,365,0.7366431470385656,7108.618155212511
NorESM2-MM,ssp126,medio,2052,365,0.580632452451354,5603.112456274805
NorESM2-MM,ssp126,medio,2053,365,0.6807092163938879,6568.85482954848
NorESM2-MM,ssp126,medio,2054,365,0.7128297703303429,6878.818688964134
NorESM2-MM,ssp126,medio,2055,365,0.5872146389140837,5666.630660955129
NorESM2-MM,ssp126,medio,2056,365,0.596944192170961,5760.521005556848
NorESM2-MM,ssp126,medio,2057,365,0.7623436764861238,7356.628675589918
NorESM2-MM,ssp126,medio,2058,365,0.668942232318423,6455.303244948498
NorESM2-MM,ssp126,medio,2059,365,0.6478658126635475,6251.9154580562345
NorESM2-MM,ssp126,medio,2060,365,0.7487733971515796,7225.675262887098
NorESM2-MM,ssp126,medio,2061,365,0.7510418480432425,7247.565850286858
NorESM2-MM,ssp126,medio,2062,365,0.7645020496628756,7377.457011279544
NorESM2-MM,ssp126,medio,2063,365,0.7661521455025625,7393.380462534055
NorESM2-MM,ssp126,medio,2064,365,0.5338526485765197,5151.686600405792
NorESM2-MM,ssp126,medio,2065,365,0.5763698583997625,5561.978355475442
NorESM2-MM,ssp126,medio,2066,365,0.7133989061004052,6884.310858251408
NorESM2-MM,ssp126,medio,2067,365,0.606508895613889,5852.820546816359
NorESM2-MM,ssp126,medio,2068,365,0.5966893343306753,5758.0616233203655
NorESM2-MM,ssp126,medio,2069,365,0.6343055882900146,6121.0590758880535
NorESM2-MM,ssp126,lejano,2070,365,0.6908760736493883,6666.965164733775
NorESM2-MM,ssp126,lejano,2071,365,0.6287980432099286,6067.911177744502
NorESM2-MM,ssp126,lejano,2072,365,0.5926382954753275,5718.969033549638
NorESM2-MM,ssp126,lejano,2073,365,0.5856945654123734,5651.96192734245
NorESM2-MM,ssp126,lejano,2074,365,0.5856559667745557,5651.58944986993
NorESM2-MM,ssp126,lejano,2075,365,0.5459314346796598,5268.247079561671
NorESM2-MM,ssp126,lejano,2076,365,0.5811597957992584,5608.201328019576
NorESM2-MM,ssp126,lejano,2077,365,0.6550500735417462,6321.243690479027
NorESM2-MM,ssp126,lejano,2078,365,0.672114072691816,6485.911555301188
NorESM2-MM,ssp126,lejano,2079,365,0.6415247881949626,6190.7244704780005
NorESM2-MM,ssp126,lejano,2080,365,0.6748541374842997,6512.353224389691
NorESM2-MM,ssp126,lejano,2081,365,0.624844500269818,6029.759425115747
NorESM2-MM,ssp126,lejano,2082,365,0.5955533824782241,5747.099669768982
NorESM2-MM,ssp126,lejano,2083,365,0.6060185041545813,5848.088261387776
NorESM2-MM,ssp126,lejano,2084,365,0.5529910806668568,5336.372776292458
NorESM2-MM,ssp126,lejano,2085,365,0.6650090396388457,6417.347872659495
NorESM2-MM,ssp126,lejano,2086,365,0.46977131275888534,4533.300684464247
NorESM2-MM,ssp126,lejano,2087,365,0.5350013658908064,5162.771740868136
NorESM2-MM,ssp126,lejano,2088,365,0.5728125156613304,5527.649941132089
NorESM2-MM,ssp126,lejano,2089,365,0.6277450080737093,6057.749371831423
NorESM2-MM,ssp126,lejano,2090,365,0.6050761995232321,5838.995006618382
NorESM2-MM,ssp126,lejano,2091,365,0.509483005239463,4916.519152288902
NorESM2-MM,ssp126,lejano,2092,365,0.5907818446733283,5701.054253607132
NorESM2-MM,ssp126,lejano,2093,365,0.661471747703191,6383.212948883756
NorESM2-MM,ssp126,lejano,2094,365,0.5665842888672062,5467.547452917162
NorESM2-MM,ssp126,lejano,2095,365,0.6172127965480035,5956.113362092979
NorESM2-MM,ssp126,lejano,2096,365,0.6169294438251405,5953.379003783706
NorESM2-MM,ssp126,lejano,2097,365,0.6079683076144682,5866.903895972539
NorESM2-MM,ssp126,lejano,2098,365,0.608364664039609,5870.728741816852
NorESM2-MM,ssp126,lejano,2099,365,0.5340159848055118,5153.262797628946
NorESM2-MM,ssp245,medio,2040,365,0.671777546762726,6482.664074701054
NorESM2-MM,ssp245,medio,2041,365,0.6796123133342187,6558.269697472223
NorESM2-MM,ssp245,medio,2042,365,0.7948181848290753,7670.008200691534
NorESM2-MM,ssp245,medio,2043,365,0.763928782500863,7371.924973993848
NorESM2-MM,ssp245,medio,2044,365,0.7240777601706824,6987.3619708912465
NorESM2-MM,ssp245,medio,2045,365,0.701136235080016,6765.975886701915
NorESM2-MM,ssp245,medio,2046,365,0.7356176280952799,7098.7218810015
NorESM2-MM,ssp245,medio,2047,365,0.7259974445448711,7005.886955817118
NorESM2-MM,ssp245,medio,2048,365,0.7124622406977849,6875.272022129474
NorESM2-MM,ssp245,medio,2049,365,0.7496113215374522,7233.761246617559
NorESM2-MM,ssp245,medio,2050,365,0.7038589805917859,6792.2504244544225
NorESM2-MM,ssp245,medio,2051,365,0.7569970107702795,7305.033265885369
NorESM2-MM,ssp245,medio,2052,365,0.7275595990606883,7020.961771889227
NorESM2-MM,ssp245,medio,2053,365,0.8021954289362117,7741.198724361304
NorESM2-MM,ssp245,medio,2054,365,0.7821149900015938,7547.42216735522
NorESM2-MM,ssp245,medio,2055,365,0.7548638942942459,7284.448657761782
NorESM2-MM,ssp245,medio,2056,365,0.5605080489654553,5408.911640645427
NorESM2-MM,ssp245,medio,2057,365,0.6714582074405965,6479.5824451330745
NorESM2-MM,ssp245,medio,2058,365,0.6421738775502455,6196.988193141909
NorESM2-MM,ssp245,medio,2059,365,0.74596535798526,7198.577640003486
NorESM2-MM,ssp245,medio,2060,365,0.6819615448745637,6580.939819424258
NorESM2-MM,ssp245,medio,2061,365,0.7572181061321139,7307.166839664597
NorESM2-MM,ssp245,medio,2062,365,0.6989107777396956,6744.5001877605055
NorESM2-MM,ssp245,medio,2063,365,0.5707684404116301,5507.9245822672765
NorESM2-MM,ssp245,medio,2064,365,0.7006854338574957,6761.625647691775
NorESM2-MM,ssp245,medio,2065,365,0.7149310929941443,6899.09648629098
NorESM2-MM,ssp245,medio,2066,365,0.655498334445759,6325.569415374925
NorESM2-MM,ssp245,medio,2067,365,0.6398592181513256,6174.6516929077825
NorESM2-MM,ssp245,medio,2068,365,0.7015134995638528,6769.616495007172
NorESM2-MM,ssp245,medio,2069,365,0.7538108425343203,7274.286691429671
NorESM2-MM,ssp245,lejano,2070,365,0.7432439024810009,7172.315550844098
NorESM2-MM,ssp245,lejano,2071,365,0.6490850115364231,6263.680746686667
NorESM2-MM,ssp245,lejano,2072,365,0.7025615600391559,6779.730295362815
NorESM2-MM,ssp245,lejano,2073,365,0.7483892383647204,7221.968124447364
NorESM2-MM,ssp245,lejano,2074,365,0.714821578462733,6898.039669310628
NorESM2-MM,ssp245,lejano,2075,365,0.6888522370112232,6647.435108794096
NorESM2-MM,ssp245,lejano,2076,365,0.7372038842350265,7114.029278130152
NorESM2-MM,ssp245,lejano,2077,365,0.6888851160509548,6647.7523920535705
NorESM2-MM,ssp245,lejano,2078,365,0.6668555242170171,6435.166478382603
NorESM2-MM,ssp245,lejano,2079,365,0.7480287697904558,7218.489596938215
NorESM2-MM,ssp245,lejano,2080,365,0.736489059286335,7107.131205938081
NorESM2-MM,ssp245,lejano,2081,365,0.6273739892081606,6054.169033842576
NorESM2-MM,ssp245,lejano,2082,365,0.5957949855630654,5749.43114340335
NorESM2-MM,ssp245,lejano,2083,365,0.7376976880595961,7118.794492938111
NorESM2-MM,ssp245,lejano,2084,365,0.6722439169865453,6487.164554822833
NorESM2-MM,ssp245,lejano,2085,365,0.7176722159250755,6925.548366432433
NorESM2-MM,ssp245,lejano,2086,365,0.6917975838973909,6675.857753371163
NorESM2-MM,ssp245,lejano,2087,365,0.7486507285830408,7224.491509238001
NorESM2-MM,ssp245,lejano,2088,365,0.7884470185442296,7608.5263441041125
NorESM2-MM,ssp245,lejano,2089,365,0.6981906399245102,6737.550846321762
NorESM2-MM,ssp245,lejano,2090,365,0.71828754324716,6931.486284935785
NorESM2-MM,ssp245,lejano,2091,365,0.7382183758823788,7123.819138758969
NorESM2-MM,ssp245,lejano,2092,365,0.7078119445052125,6830.396589466412
NorESM2-MM,ssp245,lejano,2093,365,0.710977415631222,6860.943436479942
NorESM2-MM,ssp245,lejano,2094,365,0.7631365937392466,7364.28033976923
NorESM2-MM,ssp245,lejano,2095,365,0.7597977448850647,7332.060394904793
NorESM2-MM,ssp245,lejano,2096,365,0.5949797371309583,5741.563982989541
NorESM2-MM,ssp245,lejano,2097,365,0.6918256130243557,6676.128234894841
NorESM2-MM,ssp245,lejano,2098,365,0.7707476452127344,7437.72710826521
NorESM2-MM,ssp245,lejano,2099,365,0.5778100114725145,5575.8758556699495
NorESM2-MM,ssp585,medio,2040,365,0.722686057892329,6973.9320216379
NorESM2-MM,ssp585,medio,2041,365,0.6088145171227886,5875.069831267184
NorESM2-MM,ssp585,medio,2042,365,0.6134055023868122,5919.372912520776
NorESM2-MM,ssp585,medio,2043,365,0.7522694160613819,7259.411901302991
NorESM2-MM,ssp585,medio,2044,365,0.7861181776632727,7586.052992341423
NorESM2-MM,ssp585,medio,2045,365,0.7129953155080735,6880.416202577957
NorESM2-MM,ssp585,medio,2046,365,0.7971397963808075,7692.4117893115335
NorESM2-MM,ssp585,medio,2047,365,0.7872422123265919,7596.899944827008
NorESM2-MM,ssp585,medio,2048,365,0.8235524097570098,7947.2939309937
NorESM2-MM,ssp585,medio,2049,365,0.6086278965040165,5873.268939310103
NorESM2-MM,ssp585,medio,2050,365,0.6305769407441326,6085.077567411931
NorESM2-MM,ssp585,medio,2051,365,0.792882590263802,7651.329682167133
NorESM2-MM,ssp585,medio,2052,365,0.7872296268628143,7596.778494900187
NorESM2-MM,ssp585,medio,2053,365,0.630486124287747,6084.201187154746
NorESM2-MM,ssp585,medio,2054,365,0.6650329498396351,6417.578606479676
NorESM2-MM,ssp585,medio,2055,365,0.6629794790736924,6397.762580732795
NorESM2-MM,ssp585,medio,2056,365,0.6304879479862429,6084.218785874412
NorESM2-MM,ssp585,medio,2057,365,0.7317633640605438,7061.528171398072
NorESM2-MM,ssp585,medio,2058,365,0.7968532485289593,7689.646597956433
NorESM2-MM,ssp585,medio,2059,365,0.6806974205162154,6568.7409991402055
NorESM2-MM,ssp585,medio,2060,365,0.7054316355704018,6807.426570160545
NorESM2-MM,ssp585,medio,2061,365,0.8032513467633331,7751.388348287712
NorESM2-MM,ssp585,medio,2062,365,0.7755214150113782,7483.794063202439
NorESM2-MM,ssp585,medio,2063,365,0.7910661313765074,7633.800824841398
NorESM2-MM,ssp585,medio,2064,365,0.6300876428804011,6080.3558351981565
NorESM2-MM,ssp585,medio,2065,365,0.7008821385268988,6763.5238508987895
NorESM2-MM,ssp585,medio,2066,365,0.7775174876582118,7503.0561961815465
NorESM2-MM,ssp585,medio,2067,365,0.738981336215254,7131.18171817858
NorESM2-MM,ssp585,medio,2068,365,0.7425064640870895,7165.199258543838
NorESM2-MM,ssp585,medio,2069,365,0.8039806434478577,7758.426072962121
NorESM2-MM,ssp585,lejano,2070,365,0.7607788294568419,7341.527876719795
NorESM2-MM,ssp585,lejano,2071,365,0.6976664332826188,6732.492243840204
NorESM2-MM,ssp585,lejano,2072,365,0.7432524385949055,7172.397924479856
NorESM2-MM,ssp585,lejano,2073,365,0.6396946239530373,6173.063356260794
NorESM2-MM,ssp585,lejano,2074,365,0.6983186843884397,6738.786477447394
NorESM2-MM,ssp585,lejano,2075,365,0.8070535571033588,7788.0797389043255
NorESM2-MM,ssp585,lejano,2076,365,0.8034727567069317,7753.524957785998
NorESM2-MM,ssp585,lejano,2077,365,0.7020335936195582,6774.635410966233
NorESM2-MM,ssp585,lejano,2078,365,0.6604354157929798,6373.212329368907
NorESM2-MM,ssp585,lejano,2079,365,0.8175723003145497,7889.585779192209
NorESM2-MM,ssp585,lejano,2080,365,0.7299168980667851,7043.709745014845
NorESM2-MM,ssp585,lejano,2081,365,0.7413185374939661,7153.7357479133725
NorESM2-MM,ssp585,lejano,2082,365,0.7496045457395686,7233.695860059568
NorESM2-MM,ssp585,lejano,2083,365,0.7312663161138426,7056.731650759639
NorESM2-MM,ssp585,lejano,2084,365,0.728226588938045,7027.398234877557
NorESM2-MM,ssp585,lejano,2085,365,0.7411693503795436,7152.296089872201
NorESM2-MM,ssp585,lejano,2086,365,0.8026682674549673,7745.761623632713
NorESM2-MM,ssp585,lejano,2087,365,0.7641287891239983,7373.855041107208
NorESM2-MM,ssp585,lejano,2088,365,0.7808478415686528,7535.194164702964
NorESM2-MM,ssp585,lejano,2089,365,0.7864142361288424,7588.909961271107
NorESM2-MM,ssp585,lejano,2090,365,0.6500779799143159,6273.262907420826
NorESM2-MM,ssp585,lejano,2091,365,0.6730157972825253,6494.613212029125
NorESM2-MM,ssp585,lejano,2092,365,0.7640351989708049,7372.95189463145
NorESM2-MM,ssp585,lejano,2093,365,0.7665728494413172,7397.440262274302
NorESM2-MM,ssp585,lejano,2094,365,0.6955356086430498,6711.929751975168
NorESM2-MM,ssp585,lejano,2095,365,0.7236594193131622,6983.324974922724
NorESM2-MM,ssp585,lejano,2096,365,0.7462258578725699,7201.091468084025
NorESM2-MM,ssp585,lejano,2097,365,0.7148087452504026,6897.915828606308
NorESM2-MM,ssp585,lejano,2098,365,0.754709765673607,7282.961314106557
NorESM2-MM,ssp585,lejano,2099,365,0.7684101447987882,7415.170191870622
