local_file,source_id,institution_id,activity_id,experiment_id,variable_id,table_id,member_id,grid_label,version,zstore,license_from_source
CMIP6_Guajira/ACCESS-CM2_historical_ps_Amon_r1i1p1f1_guajira.nc,ACCESS-CM2,CSIRO-ARCCSS,CMIP,historical,ps,Amon,r1i1p1f1,gn,20191108,gs://cmip6/CMIP6/CMIP/CSIRO-ARCCSS/ACCESS-CM2/historical/r1i1p1f1/Amon/ps/gn/v20191108/,"CMIP6 model data produced by CSIRO is licensed under a Creative Commons Attribution-ShareAlike 4.0 International License (https://creativecommons.org/licenses/).  Consult https://pcmdi.llnl.gov/CMIP6/TermsOfUse for terms of use governing CMIP6 output, including citation requirements and proper acknowledgment.  Further information about this data, including some limitations, can be found via the further_info_url (recorded as a global attribute in this file).  The data producers and data providers make no warranty, either express or implied, including, but not limited to, warranties of merchantability and fitness for a particular purpose. All liabilities arising from the supply of the information (including any liability arising in negligence) are excluded to the fullest extent permitted by law."
CMIP6_Guajira/ACCESS-CM2_historical_sfcWind_day_r1i1p1f1_guajira.nc,ACCESS-CM2,CSIRO-ARCCSS,CMIP,historical,sfcWind,day,r1i1p1f1,gn,20191108,gs://cmip6/CMIP6/CMIP/CSIRO-ARCCSS/ACCESS-CM2/historical/r1i1p1f1/day/sfcWind/gn/v20191108/,"CMIP6 model data produced by CSIRO is licensed under a Creative Commons Attribution-ShareAlike 4.0 International License (https://creativecommons.org/licenses/).  Consult https://pcmdi.llnl.gov/CMIP6/TermsOfUse for terms of use governing CMIP6 output, including citation requirements and proper acknowledgment.  Further information about this data, including some limitations, can be found via the further_info_url (recorded as a global attribute in this file).  The data producers and data providers make no warranty, either express or implied, including, but not limited to, warranties of merchantability and fitness for a particular purpose. All liabilities arising from the supply of the information (including any liability arising in negligence) are excluded to the fullest extent permitted by law."
CMIP6_Guajira/ACCESS-CM2_historical_tas_day_r1i1p1f1_guajira.nc,ACCESS-CM2,CSIRO-ARCCSS,CMIP,historical,tas,day,r1i1p1f1,gn,20191108,gs://cmip6/CMIP6/CMIP/CSIRO-ARCCSS/ACCESS-CM2/historical/r1i1p1f1/day/tas/gn/v20191108/,"CMIP6 model data produced by CSIRO is licensed under a Creative Commons Attribution-ShareAlike 4.0 International License (https://creativecommons.org/licenses/).  Consult https://pcmdi.llnl.gov/CMIP6/TermsOfUse for terms of use governing CMIP6 output, including citation requirements and proper acknowledgment.  Further information about this data, including some limitations, can be found via the further_info_url (recorded as a global attribute in this file).  The data producers and data providers make no warranty, either express or implied, including, but not limited to, warranties of merchantability and fitness for a particular purpose. All liabilities arising from the supply of the information (including any liability arising in negligence) are excluded to the fullest extent permitted by law."
CMIP6_Guajira/ACCESS-CM2_historical_uas_day_r1i1p1f1_guajira.nc,ACCESS-CM2,CSIRO-ARCCSS,CMIP,historical,uas,day,r1i1p1f1,gn,20191108,gs://cmip6/CMIP6/CMIP/CSIRO-ARCCSS/ACCESS-CM2/historical/r1i1p1f1/day/uas/gn/v20191108/,"CMIP6 model data produced by CSIRO is licensed under a Creative Commons Attribution-ShareAlike 4.0 International License (https://creativecommons.org/licenses/).  Consult https://pcmdi.llnl.gov/CMIP6/TermsOfUse for terms of use governing CMIP6 output, including citation requirements and proper acknowledgment.  Further information about this data, including some limitations, can be found via the further_info_url (recorded as a global attribute in this file).  The data producers and data providers make no warranty, either express or implied, including, but not limited to, warranties of merchantability and fitness for a particular purpose. All liabilities arising from the supply of the information (including any liability arising in negligence) are excluded to the fullest extent permitted by law."
CMIP6_Guajira/ACCESS-CM2_historical_vas_day_r1i1p1f1_guajira.nc,ACCESS-CM2,CSIRO-ARCCSS,CMIP,historical,vas,day,r1i1p1f1,gn,20191108,gs://cmip6/CMIP6/CMIP/CSIRO-ARCCSS/ACCESS-CM2/historical/r1i1p1f1/day/vas/gn/v20191108/,"CMIP6 model data produced by CSIRO is licensed under a Creative Commons Attribution-ShareAlike 4.0 International License (https://creativecommons.org/licenses/).  Consult https://pcmdi.llnl.gov/CMIP6/TermsOfUse for terms of use governing CMIP6 output, including citation requirements and proper acknowledgment.  Further information about this data, including some limitations, can be found via the further_info_url (recorded as a global attribute in this file).  The data producers and data providers make no warranty, either express or implied, including, but not limited to, warranties of merchantability and fitness for a particular purpose. All liabilities arising from the supply of the information (including any liability arising in negligence) are excluded to the fullest extent permitted by law."
CMIP6_Guajira/ACCESS-CM2_ssp126_ps_Amon_r1i1p1f1_guajira.nc,ACCESS-CM2,CSIRO-ARCCSS,ScenarioMIP,ssp126,ps,Amon,r1i1p1f1,gn,20210317,gs://cmip6/CMIP6/ScenarioMIP/CSIRO-ARCCSS/ACCESS-CM2/ssp126/r1i1p1f1/Amon/ps/gn/v20210317/,"CMIP6 model data produced by CSIRO is licensed under a Creative Commons Attribution-ShareAlike 4.0 International License (https://creativecommons.org/licenses/).  Consult https://pcmdi.llnl.gov/CMIP6/TermsOfUse for terms of use governing CMIP6 output, including citation requirements and proper acknowledgment.  Further information about this data, including some limitations, can be found via the further_info_url (recorded as a global attribute in this file).  The data producers and data providers make no warranty, either express or implied, including, but not limited to, warranties of merchantability and fitness for a particular purpose. All liabilities arising from the supply of the information (including any liability arising in negligence) are excluded to the fullest extent permitted by law."
CMIP6_Guajira/ACCESS-CM2_ssp126_sfcWind_day_r1i1p1f1_guajira.nc,ACCESS-CM2,CSIRO-ARCCSS,ScenarioMIP,ssp126,sfcWind,day,r1i1p1f1,gn,20191108,gs://cmip6/CMIP6/ScenarioMIP/CSIRO-ARCCSS/ACCESS-CM2/ssp126/r1i1p1f1/day/sfcWind/gn/v20191108/,"CMIP6 model data produced by CSIRO is licensed under a Creative Commons Attribution-ShareAlike 4.0 International License (https://creativecommons.org/licenses/).  Consult https://pcmdi.llnl.gov/CMIP6/TermsOfUse for terms of use governing CMIP6 output, including citation requirements and proper acknowledgment.  Further information about this data, including some limitations, can be found via the further_info_url (recorded as a global attribute in this file).  The data producers and data providers make no warranty, either express or implied, including, but not limited to, warranties of merchantability and fitness for a particular purpose. All liabilities arising from the supply of the information (including any liability arising in negligence) are excluded to the fullest extent permitted by law."
CMIP6_Guajira/ACCESS-CM2_ssp126_tas_day_r1i1p1f1_guajira.nc,ACCESS-CM2,CSIRO-ARCCSS,ScenarioMIP,ssp126,tas,day,r1i1p1f1,gn,20191108,gs://cmip6/CMIP6/ScenarioMIP/CSIRO-ARCCSS/ACCESS-CM2/ssp126/r1i1p1f1/day/tas/gn/v20191108/,"CMIP6 model data produced by CSIRO is licensed under a Creative Commons Attribution-ShareAlike 4.0 International License (https://creativecommons.org/licenses/).  Consult https://pcmdi.llnl.gov/CMIP6/TermsOfUse for terms of use governing CMIP6 output, including citation requirements and proper acknowledgment.  Further information about this data, including some limitations, can be found via the further_info_url (recorded as a global attribute in this file).  The data producers and data providers make no warranty, either express or implied, including, but not limited to, warranties of merchantability and fitness for a particular purpose. All liabilities arising from the supply of the information (including any liability arising in negligence) are excluded to the fullest extent permitted by law."
CMIP6_Guajira/ACCESS-CM2_ssp126_uas_day_r1i1p1f1_guajira.nc,ACCESS-CM2,CSIRO-ARCCSS,ScenarioMIP,ssp126,uas,day,r1i1p1f1,gn,20191108,gs://cmip6/CMIP6/ScenarioMIP/CSIRO-ARCCSS/ACCESS-CM2/ssp126/r1i1p1f1/day/uas/gn/v20191108/,"CMIP6 model data produced by CSIRO is licensed under a Creative Commons Attribution-ShareAlike 4.0 International License (https://creativecommons.org/licenses/).  Consult https://pcmdi.llnl.gov/CMIP6/TermsOfUse for terms of use governing CMIP6 output, including citation requirements and proper acknowledgment.  Further information about this data, including some limitations, can be found via the further_info_url (recorded as a global attribute in this file).  The data producers and data providers make no warranty, either express or implied, including, but not limited to, warranties of merchantability and fitness for a particular purpose. All liabilities arising from the supply of the information (including any liability arising in negligence) are excluded to the fullest extent permitted by law."
CMIP6_Guajira/ACCESS-CM2_ssp126_vas_day_r1i1p1f1_guajira.nc,ACCESS-CM2,CSIRO-ARCCSS,ScenarioMIP,ssp126,vas,day,r1i1p1f1,gn,20191108,gs://cmip6/CMIP6/ScenarioMIP/CSIRO-ARCCSS/ACCESS-CM2/ssp126/r1i1p1f1/day/vas/gn/v20191108/,"CMIP6 model data produced by CSIRO is licensed under a Creative Commons Attribution-ShareAlike 4.0 International License (https://creativecommons.org/licenses/).  Consult https://pcmdi.llnl.gov/CMIP6/TermsOfUse for terms of use governing CMIP6 output, including citation requirements and proper acknowledgment.  Further information about this data, including some limitations, can be found via the further_info_url (recorded as a global attribute in this file).  The data producers and data providers make no warranty, either express or implied, including, but not limited to, warranties of merchantability and fitness for a particular purpose. All liabilities arising from the supply of the information (including any liability arising in negligence) are excluded to the fullest extent permitted by law."
CMIP6_Guajira/ACCESS-CM2_ssp245_ps_Amon_r1i1p1f1_guajira.nc,ACCESS-CM2,CSIRO-ARCCSS,ScenarioMIP,ssp245,ps,Amon,r1i1p1f1,gn,20191108,gs://cmip6/CMIP6/ScenarioMIP/CSIRO-ARCCSS/ACCESS-CM2/ssp245/r1i1p1f1/Amon/ps/gn/v20191108/,"CMIP6 model data produced by CSIRO is licensed under a Creative Commons Attribution-ShareAlike 4.0 International License (https://creativecommons.org/licenses/).  Consult https://pcmdi.llnl.gov/CMIP6/TermsOfUse for terms of use governing CMIP6 output, including citation requirements and proper acknowledgment.  Further information about this data, including some limitations, can be found via the further_info_url (recorded as a global attribute in this file).  The data producers and data providers make no warranty, either express or implied, including, but not limited to, warranties of merchantability and fitness for a particular purpose. All liabilities arising from the supply of the information (including any liability arising in negligence) are excluded to the fullest extent permitted by law."
CMIP6_Guajira/ACCESS-CM2_ssp245_sfcWind_day_r1i1p1f1_guajira.nc,ACCESS-CM2,CSIRO-ARCCSS,ScenarioMIP,ssp245,sfcWind,day,r1i1p1f1,gn,20191108,gs://cmip6/CMIP6/ScenarioMIP/CSIRO-ARCCSS/ACCESS-CM2/ssp245/r1i1p1f1/day/sfcWind/gn/v20191108/,"CMIP6 model data produced by CSIRO is licensed under a Creative Commons Attribution-ShareAlike 4.0 International License (https://creativecommons.org/licenses/).  Consult https://pcmdi.llnl.gov/CMIP6/TermsOfUse for terms of use governing CMIP6 output, including citation requirements and proper acknowledgment.  Further information about this data, including some limitations, can be found via the further_info_url (recorded as a global attribute in this file).  The data producers and data providers make no warranty, either express or implied, including, but not limited to, warranties of merchantability and fitness for a particular purpose. All liabilities arising from the supply of the information (including any liability arising in negligence) are excluded to the fullest extent permitted by law."
CMIP6_Guajira/ACCESS-CM2_ssp245_tas_day_r1i1p1f1_guajira.nc,ACCESS-CM2,CSIRO-ARCCSS,ScenarioMIP,ssp245,tas,day,r1i1p1f1,gn,20191108,gs://cmip6/CMIP6/ScenarioMIP/CSIRO-ARCCSS/ACCESS-CM2/ssp245/r1i1p1f1/day/tas/gn/v20191108/,"CMIP6 model data produced by CSIRO is licensed under a Creative Commons Attribution-ShareAlike 4.0 International License (https://creativecommons.org/licenses/).  Consult https://pcmdi.llnl.gov/CMIP6/TermsOfUse for terms of use governing CMIP6 output, including citation requirements and proper acknowledgment.  Further information about this data, including some limitations, can be found via the further_info_url (recorded as a global attribute in this file).  The data producers and data providers make no warranty, either express or implied, including, but not limited to, warranties of merchantability and fitness for a particular purpose. All liabilities arising from the supply of the information (including any liability arising in negligence) are excluded to the fullest extent permitted by law."
CMIP6_Guajira/ACCESS-CM2_ssp245_uas_day_r1i1p1f1_guajira.nc,ACCESS-CM2,CSIRO-ARCCSS,ScenarioMIP,ssp245,uas,day,r1i1p1f1,gn,20191108,gs://cmip6/CMIP6/ScenarioMIP/CSIRO-ARCCSS/ACCESS-CM2/ssp245/r1i1p1f1/day/uas/gn/v20191108/,"CMIP6 model data produced by CSIRO is licensed under a Creative Commons Attribution-ShareAlike 4.0 International License (https://creativecommons.org/licenses/).  Consult https://pcmdi.llnl.gov/CMIP6/TermsOfUse for terms of use governing CMIP6 output, including citation requirements and proper acknowledgment.  Further information about this data, including some limitations, can be found via the further_info_url (recorded as a global attribute in this file).  The data producers and data providers make no warranty, either express or implied, including, but not limited to, warranties of merchantability and fitness for a particular purpose. All liabilities arising from the supply of the information (including any liability arising in negligence) are excluded to the fullest extent permitted by law."
CMIP6_Guajira/ACCESS-CM2_ssp245_vas_day_r1i1p1f1_guajira.nc,ACCESS-CM2,CSIRO-ARCCSS,ScenarioMIP,ssp245,vas,day,r1i1p1f1,gn,20191108,gs://cmip6/CMIP6/ScenarioMIP/CSIRO-ARCCSS/ACCESS-CM2/ssp245/r1i1p1f1/day/vas/gn/v20191108/,"CMIP6 model data produced by CSIRO is licensed under a Creative Commons Attribution-ShareAlike 4.0 International License (https://creativecommons.org/licenses/).  Consult https://pcmdi.llnl.gov/CMIP6/TermsOfUse for terms of use governing CMIP6 output, including citation requirements and proper acknowledgment.  Further information about this data, including some limitations, can be found via the further_info_url (recorded as a global attribute in this file).  The data producers and data providers make no warranty, either express or implied, including, but not limited to, warranties of merchantability and fitness for a particular purpose. All liabilities arising from the supply of the information (including any liability arising in negligence) are excluded to the fullest extent permitted by law."
CMIP6_Guajira/ACCESS-CM2_ssp585_ps_Amon_r1i1p1f1_guajira.nc,ACCESS-CM2,CSIRO-ARCCSS,ScenarioMIP,ssp585,ps,Amon,r1i1p1f1,gn,20210317,gs://cmip6/CMIP6/ScenarioMIP/CSIRO-ARCCSS/ACCESS-CM2/ssp585/r1i1p1f1/Amon/ps/gn/v20210317/,"CMIP6 model data produced by CSIRO is licensed under a Creative Commons Attribution-ShareAlike 4.0 International License (https://creativecommons.org/licenses/).  Consult https://pcmdi.llnl.gov/CMIP6/TermsOfUse for terms of use governing CMIP6 output, including citation requirements and proper acknowledgment.  Further information about this data, including some limitations, can be found via the further_info_url (recorded as a global attribute in this file).  The data producers and data providers make no warranty, either express or implied, including, but not limited to, warranties of merchantability and fitness for a particular purpose. All liabilities arising from the supply of the information (including any liability arising in negligence) are excluded to the fullest extent permitted by law."
CMIP6_Guajira/ACCESS-CM2_ssp585_sfcWind_day_r1i1p1f1_guajira.nc,ACCESS-CM2,CSIRO-ARCCSS,ScenarioMIP,ssp585,sfcWind,day,r1i1p1f1,gn,20210317,gs://cmip6/CMIP6/ScenarioMIP/CSIRO-ARCCSS/ACCESS-CM2/ssp585/r1i1p1f1/day/sfcWind/gn/v20210317/,"CMIP6 model data produced by CSIRO is licensed under a Creative Commons Attribution-ShareAlike 4.0 International License (https://creativecommons.org/licenses/).  Consult https://pcmdi.llnl.gov/CMIP6/TermsOfUse for terms of use governing CMIP6 output, including citation requirements and proper acknowledgment.  Further information about this data, including some limitations, can be found via the further_info_url (recorded as a global attribute in this file).  The data producers and data providers make no warranty, either express or implied, including, but not limited to, warranties of merchantability and fitness for a particular purpose. All liabilities arising from the supply of the information (including any liability arising in negligence) are excluded to the fullest extent permitted by law."
CMIP6_Guajira/ACCESS-CM2_ssp585_tas_day_r1i1p1f1_guajira.nc,ACCESS-CM2,CSIRO-ARCCSS,ScenarioMIP,ssp585,tas,day,r1i1p1f1,gn,v20210317,gs://cmip6/CMIP6/ScenarioMIP/CSIRO-ARCCSS/ACCESS-CM2/ssp585/r1i1p1f1/day/tas/gn/v20210317/,"CMIP6 model data produced by CSIRO is licensed under a Creative Commons Attribution-ShareAlike 4.0 International License (https://creativecommons.org/licenses/). Consult https://pcmdi.llnl.gov/CMIP6/TermsOfUse for terms of use governing CMIP6 output, including citation requirements and proper acknowledgment.  Further information about this data, including some limitations, can be found via the further_info_url (recorded as a global attribute in this file). The data producers and data providers make no warranty, either express or implied, including, but not limited to, warranties of merchantability and fitness for a particular purpose. All liabilities arising from the supply of the information (including any liability arising in negligence) are excluded to the fullest extent permitted by law."
CMIP6_Guajira/ACCESS-CM2_ssp585_uas_day_r1i1p1f1_guajira.nc,ACCESS-CM2,CSIRO-ARCCSS,ScenarioMIP,ssp585,uas,day,r1i1p1f1,gn,20191108,gs://cmip6/CMIP6/ScenarioMIP/CSIRO-ARCCSS/ACCESS-CM2/ssp585/r1i1p1f1/day/uas/gn/v20191108/,"CMIP6 model data produced by CSIRO is licensed under a Creative Commons Attribution-ShareAlike 4.0 International License (https://creativecommons.org/licenses/).  Consult https://pcmdi.llnl.gov/CMIP6/TermsOfUse for terms of use governing CMIP6 output, including citation requirements and proper acknowledgment.  Further information about this data, including some limitations, can be found via the further_info_url (recorded as a global attribute in this file).  The data producers and data providers make no warranty, either express or implied, including, but not limited to, warranties of merchantability and fitness for a particular purpose. All liabilities arising from the supply of the information (including any liability arising in negligence) are excluded to the fullest extent permitted by law."
CMIP6_Guajira/ACCESS-CM2_ssp585_vas_day_r1i1p1f1_guajira.nc,ACCESS-CM2,CSIRO-ARCCSS,ScenarioMIP,ssp585,vas,day,r1i1p1f1,gn,20191108,gs://cmip6/CMIP6/ScenarioMIP/CSIRO-ARCCSS/ACCESS-CM2/ssp585/r1i1p1f1/day/vas/gn/v20191108/,"CMIP6 model data produced by CSIRO is licensed under a Creative Commons Attribution-ShareAlike 4.0 International License (https://creativecommons.org/licenses/).  Consult https://pcmdi.llnl.gov/CMIP6/TermsOfUse for terms of use governing CMIP6 output, including citation requirements and proper acknowledgment.  Further information about this data, including some limitations, can be found via the further_info_url (recorded as a global attribute in this file).  The data producers and data providers make no warranty, either express or implied, including, but not limited to, warranties of merchantability and fitness for a particular purpose. All liabilities arising from the supply of the information (including any liability arising in negligence) are excluded to the fullest extent permitted by law."
CMIP6_Guajira/CanESM5_historical_ps_Amon_r1i1p1f1_guajira.nc,CanESM5,CCCma,CMIP,historical,ps,Amon,r1i1p1f1,gn,20190429,gs://cmip6/CMIP6/CMIP/CCCma/CanESM5/historical/r1i1p1f1/Amon/ps/gn/v20190429/,"CMIP6 model data produced by The Government of Canada (Canadian Centre for Climate Modelling and Analysis, Environment and Climate Change Canada) is licensed under a Creative Commons Attribution ShareAlike 4.0 International License (https://creativecommons.org/licenses). Consult https://pcmdi.llnl.gov/CMIP6/TermsOfUse for terms of use governing CMIP6 output, including citation requirements and proper acknowledgment. Further information about this data, including some limitations, can be found via the further_info_url (recorded as a global attribute in this file) and at https:///pcmdi.llnl.gov/. The data producers and data providers make no warranty, either express or implied, including, but not limited to, warranties of merchantability and fitness for a particular purpose. All liabilities arising from the supply of the information (including any liability arising in negligence) are excluded to the fullest extent permitted by law."
CMIP6_Guajira/CanESM5_historical_sfcWind_day_r1i1p1f1_guajira.nc,CanESM5,CCCma,CMIP,historical,sfcWind,day,r1i1p1f1,gn,20190429,gs://cmip6/CMIP6/CMIP/CCCma/CanESM5/historical/r1i1p1f1/day/sfcWind/gn/v20190429/,"CMIP6 model data produced by The Government of Canada (Canadian Centre for Climate Modelling and Analysis, Environment and Climate Change Canada) is licensed under a Creative Commons Attribution ShareAlike 4.0 International License (https://creativecommons.org/licenses). Consult https://pcmdi.llnl.gov/CMIP6/TermsOfUse for terms of use governing CMIP6 output, including citation requirements and proper acknowledgment. Further information about this data, including some limitations, can be found via the further_info_url (recorded as a global attribute in this file) and at https:///pcmdi.llnl.gov/. The data producers and data providers make no warranty, either express or implied, including, but not limited to, warranties of merchantability and fitness for a particular purpose. All liabilities arising from the supply of the information (including any liability arising in negligence) are excluded to the fullest extent permitted by law."
CMIP6_Guajira/CanESM5_historical_tas_day_r1i1p1f1_guajira.nc,CanESM5,CCCma,CMIP,historical,tas,day,r1i1p1f1,gn,20190429,gs://cmip6/CMIP6/CMIP/CCCma/CanESM5/historical/r1i1p1f1/day/tas/gn/v20190429/,"CMIP6 model data produced by The Government of Canada (Canadian Centre for Climate Modelling and Analysis, Environment and Climate Change Canada) is licensed under a Creative Commons Attribution ShareAlike 4.0 International License (https://creativecommons.org/licenses). Consult https://pcmdi.llnl.gov/CMIP6/TermsOfUse for terms of use governing CMIP6 output, including citation requirements and proper acknowledgment. Further information about this data, including some limitations, can be found via the further_info_url (recorded as a global attribute in this file) and at https:///pcmdi.llnl.gov/. The data producers and data providers make no warranty, either express or implied, including, but not limited to, warranties of merchantability and fitness for a particular purpose. All liabilities arising from the supply of the information (including any liability arising in negligence) are excluded to the fullest extent permitted by law."
CMIP6_Guajira/CanESM5_historical_uas_day_r1i1p1f1_guajira.nc,CanESM5,CCCma,CMIP,historical,uas,day,r1i1p1f1,gn,20190429,gs://cmip6/CMIP6/CMIP/CCCma/CanESM5/historical/r1i1p1f1/day/uas/gn/v20190429/,"CMIP6 model data produced by The Government of Canada (Canadian Centre for Climate Modelling and Analysis, Environment and Climate Change Canada) is licensed under a Creative Commons Attribution ShareAlike 4.0 International License (https://creativecommons.org/licenses). Consult https://pcmdi.llnl.gov/CMIP6/TermsOfUse for terms of use governing CMIP6 output, including citation requirements and proper acknowledgment. Further information about this data, including some limitations, can be found via the further_info_url (recorded as a global attribute in this file) and at https:///pcmdi.llnl.gov/. The data producers and data providers make no warranty, either express or implied, including, but not limited to, warranties of merchantability and fitness for a particular purpose. All liabilities arising from the supply of the information (including any liability arising in negligence) are excluded to the fullest extent permitted by law."
CMIP6_Guajira/CanESM5_historical_vas_day_r1i1p1f1_guajira.nc,CanESM5,CCCma,CMIP,historical,vas,day,r1i1p1f1,gn,20190429,gs://cmip6/CMIP6/CMIP/CCCma/CanESM5/historical/r1i1p1f1/day/vas/gn/v20190429/,"CMIP6 model data produced by The Government of Canada (Canadian Centre for Climate Modelling and Analysis, Environment and Climate Change Canada) is licensed under a Creative Commons Attribution ShareAlike 4.0 International License (https://creativecommons.org/licenses). Consult https://pcmdi.llnl.gov/CMIP6/TermsOfUse for terms of use governing CMIP6 output, including citation requirements and proper acknowledgment. Further information about this data, including some limitations, can be found via the further_info_url (recorded as a global attribute in this file) and at https:///pcmdi.llnl.gov/. The data producers and data providers make no warranty, either express or implied, including, but not limited to, warranties of merchantability and fitness for a particular purpose. All liabilities arising from the supply of the information (including any liability arising in negligence) are excluded to the fullest extent permitted by law."
CMIP6_Guajira/CanESM5_ssp126_ps_Amon_r1i1p1f1_guajira.nc,CanESM5,CCCma,ScenarioMIP,ssp126,ps,Amon,r1i1p1f1,gn,20190429,gs://cmip6/CMIP6/ScenarioMIP/CCCma/CanESM5/ssp126/r1i1p1f1/Amon/ps/gn/v20190429/,"CMIP6 model data produced by The Government of Canada (Canadian Centre for Climate Modelling and Analysis, Environment and Climate Change Canada) is licensed under a Creative Commons Attribution ShareAlike 4.0 International License (https://creativecommons.org/licenses). Consult https://pcmdi.llnl.gov/CMIP6/TermsOfUse for terms of use governing CMIP6 output, including citation requirements and proper acknowledgment. Further information about this data, including some limitations, can be found via the further_info_url (recorded as a global attribute in this file) and at https:///pcmdi.llnl.gov/. The data producers and data providers make no warranty, either express or implied, including, but not limited to, warranties of merchantability and fitness for a particular purpose. All liabilities arising from the supply of the information (including any liability arising in negligence) are excluded to the fullest extent permitted by law."
CMIP6_Guajira/CanESM5_ssp126_sfcWind_day_r1i1p1f1_guajira.nc,CanESM5,CCCma,ScenarioMIP,ssp126,sfcWind,day,r1i1p1f1,gn,20190429,gs://cmip6/CMIP6/ScenarioMIP/CCCma/CanESM5/ssp126/r1i1p1f1/day/sfcWind/gn/v20190429/,"CMIP6 model data produced by The Government of Canada (Canadian Centre for Climate Modelling and Analysis, Environment and Climate Change Canada) is licensed under a Creative Commons Attribution ShareAlike 4.0 International License (https://creativecommons.org/licenses). Consult https://pcmdi.llnl.gov/CMIP6/TermsOfUse for terms of use governing CMIP6 output, including citation requirements and proper acknowledgment. Further information about this data, including some limitations, can be found via the further_info_url (recorded as a global attribute in this file) and at https:///pcmdi.llnl.gov/. The data producers and data providers make no warranty, either express or implied, including, but not limited to, warranties of merchantability and fitness for a particular purpose. All liabilities arising from the supply of the information (including any liability arising in negligence) are excluded to the fullest extent permitted by law."
CMIP6_Guajira/CanESM5_ssp126_tas_day_r1i1p1f1_guajira.nc,CanESM5,CCCma,ScenarioMIP,ssp126,tas,day,r1i1p1f1,gn,v20190429,gs://cmip6/CMIP6/ScenarioMIP/CCCma/CanESM5/ssp126/r1i1p1f1/day/tas/gn/v20190429/,"CMIP6 model data produced by The Government of Canada (Canadian Centre for Climate Modelling and Analysis, Environment and Climate Change Canada) is licensed under a Creative Commons Attribution ShareAlike 4.0 International License (https://creativecommons.org/licenses). Consult https://pcmdi.llnl.gov/CMIP6/TermsOfUse for terms of use governing CMIP6 output, including citation requirements and proper acknowledgment. Further information about this data, including some limitations, can be found via the further_info_url (recorded as a global attribute in this file) and at https:///pcmdi.llnl.gov/. The data producers and data providers make no warranty, either express or implied, including, but not limited to, warranties of merchantability and fitness for a particular purpose. All liabilities arising from the supply of the information (including any liability arising in negligence) are excluded to the fullest extent permitted by law."
CMIP6_Guajira/CanESM5_ssp126_uas_day_r1i1p1f1_guajira.nc,CanESM5,CCCma,ScenarioMIP,ssp126,uas,day,r1i1p1f1,gn,20190429,gs://cmip6/CMIP6/ScenarioMIP/CCCma/CanESM5/ssp126/r1i1p1f1/day/uas/gn/v20190429/,"CMIP6 model data produced by The Government of Canada (Canadian Centre for Climate Modelling and Analysis, Environment and Climate Change Canada) is licensed under a Creative Commons Attribution ShareAlike 4.0 International License (https://creativecommons.org/licenses). Consult https://pcmdi.llnl.gov/CMIP6/TermsOfUse for terms of use governing CMIP6 output, including citation requirements and proper acknowledgment. Further information about this data, including some limitations, can be found via the further_info_url (recorded as a global attribute in this file) and at https:///pcmdi.llnl.gov/. The data producers and data providers make no warranty, either express or implied, including, but not limited to, warranties of merchantability and fitness for a particular purpose. All liabilities arising from the supply of the information (including any liability arising in negligence) are excluded to the fullest extent permitted by law."
CMIP6_Guajira/CanESM5_ssp126_vas_day_r1i1p1f1_guajira.nc,CanESM5,CCCma,ScenarioMIP,ssp126,vas,day,r1i1p1f1,gn,20190429,gs://cmip6/CMIP6/ScenarioMIP/CCCma/CanESM5/ssp126/r1i1p1f1/day/vas/gn/v20190429/,"CMIP6 model data produced by The Government of Canada (Canadian Centre for Climate Modelling and Analysis, Environment and Climate Change Canada) is licensed under a Creative Commons Attribution ShareAlike 4.0 International License (https://creativecommons.org/licenses). Consult https://pcmdi.llnl.gov/CMIP6/TermsOfUse for terms of use governing CMIP6 output, including citation requirements and proper acknowledgment. Further information about this data, including some limitations, can be found via the further_info_url (recorded as a global attribute in this file) and at https:///pcmdi.llnl.gov/. The data producers and data providers make no warranty, either express or implied, including, but not limited to, warranties of merchantability and fitness for a particular purpose. All liabilities arising from the supply of the information (including any liability arising in negligence) are excluded to the fullest extent permitted by law."
CMIP6_Guajira/CanESM5_ssp245_ps_Amon_r1i1p1f1_guajira.nc,CanESM5,CCCma,ScenarioMIP,ssp245,ps,Amon,r1i1p1f1,gn,20190429,gs://cmip6/CMIP6/ScenarioMIP/CCCma/CanESM5/ssp245/r1i1p1f1/Amon/ps/gn/v20190429/,"CMIP6 model data produced by The Government of Canada (Canadian Centre for Climate Modelling and Analysis, Environment and Climate Change Canada) is licensed under a Creative Commons Attribution ShareAlike 4.0 International License (https://creativecommons.org/licenses). Consult https://pcmdi.llnl.gov/CMIP6/TermsOfUse for terms of use governing CMIP6 output, including citation requirements and proper acknowledgment. Further information about this data, including some limitations, can be found via the further_info_url (recorded as a global attribute in this file) and at https:///pcmdi.llnl.gov/. The data producers and data providers make no warranty, either express or implied, including, but not limited to, warranties of merchantability and fitness for a particular purpose. All liabilities arising from the supply of the information (including any liability arising in negligence) are excluded to the fullest extent permitted by law."
CMIP6_Guajira/CanESM5_ssp245_sfcWind_day_r1i1p1f1_guajira.nc,CanESM5,CCCma,ScenarioMIP,ssp245,sfcWind,day,r1i1p1f1,gn,20190429,gs://cmip6/CMIP6/ScenarioMIP/CCCma/CanESM5/ssp245/r1i1p1f1/day/sfcWind/gn/v20190429/,"CMIP6 model data produced by The Government of Canada (Canadian Centre for Climate Modelling and Analysis, Environment and Climate Change Canada) is licensed under a Creative Commons Attribution ShareAlike 4.0 International License (https://creativecommons.org/licenses). Consult https://pcmdi.llnl.gov/CMIP6/TermsOfUse for terms of use governing CMIP6 output, including citation requirements and proper acknowledgment. Further information about this data, including some limitations, can be found via the further_info_url (recorded as a global attribute in this file) and at https:///pcmdi.llnl.gov/. The data producers and data providers make no warranty, either express or implied, including, but not limited to, warranties of merchantability and fitness for a particular purpose. All liabilities arising from the supply of the information (including any liability arising in negligence) are excluded to the fullest extent permitted by law."
CMIP6_Guajira/CanESM5_ssp245_tas_day_r1i1p1f1_guajira.nc,CanESM5,CCCma,ScenarioMIP,ssp245,tas,day,r1i1p1f1,gn,20190429,gs://cmip6/CMIP6/ScenarioMIP/CCCma/CanESM5/ssp245/r1i1p1f1/day/tas/gn/v20190429/,"CMIP6 model data produced by The Government of Canada (Canadian Centre for Climate Modelling and Analysis, Environment and Climate Change Canada) is licensed under a Creative Commons Attribution ShareAlike 4.0 International License (https://creativecommons.org/licenses). Consult https://pcmdi.llnl.gov/CMIP6/TermsOfUse for terms of use governing CMIP6 output, including citation requirements and proper acknowledgment. Further information about this data, including some limitations, can be found via the further_info_url (recorded as a global attribute in this file) and at https:///pcmdi.llnl.gov/. The data producers and data providers make no warranty, either express or implied, including, but not limited to, warranties of merchantability and fitness for a particular purpose. All liabilities arising from the supply of the information (including any liability arising in negligence) are excluded to the fullest extent permitted by law."
CMIP6_Guajira/CanESM5_ssp245_uas_day_r1i1p1f1_guajira.nc,CanESM5,CCCma,ScenarioMIP,ssp245,uas,day,r1i1p1f1,gn,20190429,gs://cmip6/CMIP6/ScenarioMIP/CCCma/CanESM5/ssp245/r1i1p1f1/day/uas/gn/v20190429/,"CMIP6 model data produced by The Government of Canada (Canadian Centre for Climate Modelling and Analysis, Environment and Climate Change Canada) is licensed under a Creative Commons Attribution ShareAlike 4.0 International License (https://creativecommons.org/licenses). Consult https://pcmdi.llnl.gov/CMIP6/TermsOfUse for terms of use governing CMIP6 output, including citation requirements and proper acknowledgment. Further information about this data, including some limitations, can be found via the further_info_url (recorded as a global attribute in this file) and at https:///pcmdi.llnl.gov/. The data producers and data providers make no warranty, either express or implied, including, but not limited to, warranties of merchantability and fitness for a particular purpose. All liabilities arising from the supply of the information (including any liability arising in negligence) are excluded to the fullest extent permitted by law."
CMIP6_Guajira/CanESM5_ssp245_vas_day_r1i1p1f1_guajira.nc,CanESM5,CCCma,ScenarioMIP,ssp245,vas,day,r1i1p1f1,gn,20190429,gs://cmip6/CMIP6/ScenarioMIP/CCCma/CanESM5/ssp245/r1i1p1f1/day/vas/gn/v20190429/,"CMIP6 model data produced by The Government of Canada (Canadian Centre for Climate Modelling and Analysis, Environment and Climate Change Canada) is licensed under a Creative Commons Attribution ShareAlike 4.0 International License (https://creativecommons.org/licenses). Consult https://pcmdi.llnl.gov/CMIP6/TermsOfUse for terms of use governing CMIP6 output, including citation requirements and proper acknowledgment. Further information about this data, including some limitations, can be found via the further_info_url (recorded as a global attribute in this file) and at https:///pcmdi.llnl.gov/. The data producers and data providers make no warranty, either express or implied, including, but not limited to, warranties of merchantability and fitness for a particular purpose. All liabilities arising from the supply of the information (including any liability arising in negligence) are excluded to the fullest extent permitted by law."
CMIP6_Guajira/CanESM5_ssp585_ps_Amon_r1i1p1f1_guajira.nc,CanESM5,CCCma,ScenarioMIP,ssp585,ps,Amon,r1i1p1f1,gn,20190429,gs://cmip6/CMIP6/ScenarioMIP/CCCma/CanESM5/ssp585/r1i1p1f1/Amon/ps/gn/v20190429/,"CMIP6 model data produced by The Government of Canada (Canadian Centre for Climate Modelling and Analysis, Environment and Climate Change Canada) is licensed under a Creative Commons Attribution ShareAlike 4.0 International License (https://creativecommons.org/licenses). Consult https://pcmdi.llnl.gov/CMIP6/TermsOfUse for terms of use governing CMIP6 output, including citation requirements and proper acknowledgment. Further information about this data, including some limitations, can be found via the further_info_url (recorded as a global attribute in this file) and at https:///pcmdi.llnl.gov/. The data producers and data providers make no warranty, either express or implied, including, but not limited to, warranties of merchantability and fitness for a particular purpose. All liabilities arising from the supply of the information (including any liability arising in negligence) are excluded to the fullest extent permitted by law."
CMIP6_Guajira/CanESM5_ssp585_sfcWind_day_r1i1p1f1_guajira.nc,CanESM5,CCCma,ScenarioMIP,ssp585,sfcWind,day,r1i1p1f1,gn,20190429,gs://cmip6/CMIP6/ScenarioMIP/CCCma/CanESM5/ssp585/r1i1p1f1/day/sfcWind/gn/v20190429/,"CMIP6 model data produced by The Government of Canada (Canadian Centre for Climate Modelling and Analysis, Environment and Climate Change Canada) is licensed under a Creative Commons Attribution ShareAlike 4.0 International License (https://creativecommons.org/licenses). Consult https://pcmdi.llnl.gov/CMIP6/TermsOfUse for terms of use governing CMIP6 output, including citation requirements and proper acknowledgment. Further information about this data, including some limitations, can be found via the further_info_url (recorded as a global attribute in this file) and at https:///pcmdi.llnl.gov/. The data producers and data providers make no warranty, either express or implied, including, but not limited to, warranties of merchantability and fitness for a particular purpose. All liabilities arising from the supply of the information (including any liability arising in negligence) are excluded to the fullest extent permitted by law."
CMIP6_Guajira/CanESM5_ssp585_tas_day_r1i1p1f1_guajira.nc,CanESM5,CCCma,ScenarioMIP,ssp585,tas,day,r1i1p1f1,gn,20190429,gs://cmip6/CMIP6/ScenarioMIP/CCCma/CanESM5/ssp585/r1i1p1f1/day/tas/gn/v20190429/,"CMIP6 model data produced by The Government of Canada (Canadian Centre for Climate Modelling and Analysis, Environment and Climate Change Canada) is licensed under a Creative Commons Attribution ShareAlike 4.0 International License (https://creativecommons.org/licenses). Consult https://pcmdi.llnl.gov/CMIP6/TermsOfUse for terms of use governing CMIP6 output, including citation requirements and proper acknowledgment. Further information about this data, including some limitations, can be found via the further_info_url (recorded as a global attribute in this file) and at https:///pcmdi.llnl.gov/. The data producers and data providers make no warranty, either express or implied, including, but not limited to, warranties of merchantability and fitness for a particular purpose. All liabilities arising from the supply of the information (including any liability arising in negligence) are excluded to the fullest extent permitted by law."
CMIP6_Guajira/CanESM5_ssp585_uas_day_r1i1p1f1_guajira.nc,CanESM5,CCCma,ScenarioMIP,ssp585,uas,day,r1i1p1f1,gn,20190429,gs://cmip6/CMIP6/ScenarioMIP/CCCma/CanESM5/ssp585/r1i1p1f1/day/uas/gn/v20190429/,"CMIP6 model data produced by The Government of Canada (Canadian Centre for Climate Modelling and Analysis, Environment and Climate Change Canada) is licensed under a Creative Commons Attribution ShareAlike 4.0 International License (https://creativecommons.org/licenses). Consult https://pcmdi.llnl.gov/CMIP6/TermsOfUse for terms of use governing CMIP6 output, including citation requirements and proper acknowledgment. Further information about this data, including some limitations, can be found via the further_info_url (recorded as a global attribute in this file) and at https:///pcmdi.llnl.gov/. The data producers and data providers make no warranty, either express or implied, including, but not limited to, warranties of merchantability and fitness for a particular purpose. All liabilities arising from the supply of the information (including any liability arising in negligence) are excluded to the fullest extent permitted by law."
CMIP6_Guajira/CanESM5_ssp585_vas_day_r1i1p1f1_guajira.nc,CanESM5,CCCma,ScenarioMIP,ssp585,vas,day,r1i1p1f1,gn,20190429,gs://cmip6/CMIP6/ScenarioMIP/CCCma/CanESM5/ssp585/r1i1p1f1/day/vas/gn/v20190429/,"CMIP6 model data produced by The Government of Canada (Canadian Centre for Climate Modelling and Analysis, Environment and Climate Change Canada) is licensed under a Creative Commons Attribution ShareAlike 4.0 International License (https://creativecommons.org/licenses). Consult https://pcmdi.llnl.gov/CMIP6/TermsOfUse for terms of use governing CMIP6 output, including citation requirements and proper acknowledgment. Further information about this data, including some limitations, can be found via the further_info_url (recorded as a global attribute in this file) and at https:///pcmdi.llnl.gov/. The data producers and data providers make no warranty, either express or implied, including, but not limited to, warranties of merchantability and fitness for a particular purpose. All liabilities arising from the supply of the information (including any liability arising in negligence) are excluded to the fullest extent permitted by law."
CMIP6_Guajira/CESM2-WACCM_historical_ps_Amon_r1i1p1f1_guajira.nc,CESM2-WACCM,NCAR,CMIP,historical,ps,Amon,r1i1p1f1,gn,20190227,gs://cmip6/CMIP6/CMIP/NCAR/CESM2-WACCM/historical/r1i1p1f1/Amon/ps/gn/v20190227/,"CMIP6 model data produced by <The National Center for Atmospheric Research> is licensed under a Creative Commons Attribution-[]ShareAlike 4.0 International License (https://creativecommons.org/licenses/). Consult https://pcmdi.llnl.gov/CMIP6/TermsOfUse for terms of use governing CMIP6 output, including citation requirements and proper acknowledgment. Further information about this data, including some limitations, can be found via the further_info_url (recorded as a global attribute in this file)[]. The data producers and data providers make no warranty, either express or implied, including, but not limited to, warranties of merchantability and fitness for a particular purpose. All liabilities arising from the supply of the information (including any liability arising in negligence) are excluded to the fullest extent permitted by law."
CMIP6_Guajira/CESM2-WACCM_historical_sfcWind_day_r1i1p1f1_guajira.nc,CESM2-WACCM,NCAR,CMIP,historical,sfcWind,day,r1i1p1f1,gn,20190227,gs://cmip6/CMIP6/CMIP/NCAR/CESM2-WACCM/historical/r1i1p1f1/day/sfcWind/gn/v20190227/,"CMIP6 model data produced by <The National Center for Atmospheric Research> is licensed under a Creative Commons Attribution-[]ShareAlike 4.0 International License (https://creativecommons.org/licenses/). Consult https://pcmdi.llnl.gov/CMIP6/TermsOfUse for terms of use governing CMIP6 output, including citation requirements and proper acknowledgment. Further information about this data, including some limitations, can be found via the further_info_url (recorded as a global attribute in this file)[]. The data producers and data providers make no warranty, either express or implied, including, but not limited to, warranties of merchantability and fitness for a particular purpose. All liabilities arising from the supply of the information (including any liability arising in negligence) are excluded to the fullest extent permitted by law."
CMIP6_Guajira/CESM2-WACCM_historical_tas_day_r1i1p1f1_guajira.nc,CESM2-WACCM,NCAR,CMIP,historical,tas,day,r1i1p1f1,gn,20190227,gs://cmip6/CMIP6/CMIP/NCAR/CESM2-WACCM/historical/r1i1p1f1/day/tas/gn/v20190227/,"CMIP6 model data produced by <The National Center for Atmospheric Research> is licensed under a Creative Commons Attribution-[]ShareAlike 4.0 International License (https://creativecommons.org/licenses/). Consult https://pcmdi.llnl.gov/CMIP6/TermsOfUse for terms of use governing CMIP6 output, including citation requirements and proper acknowledgment. Further information about this data, including some limitations, can be found via the further_info_url (recorded as a global attribute in this file)[]. The data producers and data providers make no warranty, either express or implied, including, but not limited to, warranties of merchantability and fitness for a particular purpose. All liabilities arising from the supply of the information (including any liability arising in negligence) are excluded to the fullest extent permitted by law."
CMIP6_Guajira/CESM2-WACCM_ssp126_ps_Amon_r1i1p1f1_guajira.nc,CESM2-WACCM,NCAR,ScenarioMIP,ssp126,ps,Amon,r1i1p1f1,gn,20210211,gs://cmip6/CMIP6/ScenarioMIP/NCAR/CESM2-WACCM/ssp126/r1i1p1f1/Amon/ps/gn/v20210211/,"CMIP6 model data produced by <The National Center for Atmospheric Research> is licensed under a Creative Commons Attribution-[]ShareAlike 4.0 International License (https://creativecommons.org/licenses/). Consult https://pcmdi.llnl.gov/CMIP6/TermsOfUse for terms of use governing CMIP6 output, including citation requirements and proper acknowledgment. Further information about this data, including some limitations, can be found via the further_info_url (recorded as a global attribute in this file)[]. The data producers and data providers make no warranty, either express or implied, including, but not limited to, warranties of merchantability and fitness for a particular purpose. All liabilities arising from the supply of the information (including any liability arising in negligence) are excluded to the fullest extent permitted by law."
CMIP6_Guajira/CESM2-WACCM_ssp126_sfcWind_day_r1i1p1f1_guajira.nc,CESM2-WACCM,NCAR,ScenarioMIP,ssp126,sfcWind,day,r1i1p1f1,gn,20210211,gs://cmip6/CMIP6/ScenarioMIP/NCAR/CESM2-WACCM/ssp126/r1i1p1f1/day/sfcWind/gn/v20210211/,"CMIP6 model data produced by <The National Center for Atmospheric Research> is licensed under a Creative Commons Attribution-[]ShareAlike 4.0 International License (https://creativecommons.org/licenses/). Consult https://pcmdi.llnl.gov/CMIP6/TermsOfUse for terms of use governing CMIP6 output, including citation requirements and proper acknowledgment. Further information about this data, including some limitations, can be found via the further_info_url (recorded as a global attribute in this file)[]. The data producers and data providers make no warranty, either express or implied, including, but not limited to, warranties of merchantability and fitness for a particular purpose. All liabilities arising from the supply of the information (including any liability arising in negligence) are excluded to the fullest extent permitted by law."
CMIP6_Guajira/CESM2-WACCM_ssp126_tas_day_r1i1p1f1_guajira.nc,CESM2-WACCM,NCAR,ScenarioMIP,ssp126,tas,day,r1i1p1f1,gn,20210211,gs://cmip6/CMIP6/ScenarioMIP/NCAR/CESM2-WACCM/ssp126/r1i1p1f1/day/tas/gn/v20210211/,"CMIP6 model data produced by <The National Center for Atmospheric Research> is licensed under a Creative Commons Attribution-[]ShareAlike 4.0 International License (https://creativecommons.org/licenses/). Consult https://pcmdi.llnl.gov/CMIP6/TermsOfUse for terms of use governing CMIP6 output, including citation requirements and proper acknowledgment. Further information about this data, including some limitations, can be found via the further_info_url (recorded as a global attribute in this file)[]. The data producers and data providers make no warranty, either express or implied, including, but not limited to, warranties of merchantability and fitness for a particular purpose. All liabilities arising from the supply of the information (including any liability arising in negligence) are excluded to the fullest extent permitted by law."
CMIP6_Guajira/CESM2-WACCM_ssp245_ps_Amon_r1i1p1f1_guajira.nc,CESM2-WACCM,NCAR,ScenarioMIP,ssp245,ps,Amon,r1i1p1f1,gn,20190815,gs://cmip6/CMIP6/ScenarioMIP/NCAR/CESM2-WACCM/ssp245/r1i1p1f1/Amon/ps/gn/v20190815/,"CMIP6 model data produced by <The National Center for Atmospheric Research> is licensed under a Creative Commons Attribution-[]ShareAlike 4.0 International License (https://creativecommons.org/licenses/). Consult https://pcmdi.llnl.gov/CMIP6/TermsOfUse for terms of use governing CMIP6 output, including citation requirements and proper acknowledgment. Further information about this data, including some limitations, can be found via the further_info_url (recorded as a global attribute in this file)[]. The data producers and data providers make no warranty, either express or implied, including, but not limited to, warranties of merchantability and fitness for a particular purpose. All liabilities arising from the supply of the information (including any liability arising in negligence) are excluded to the fullest extent permitted by law."
CMIP6_Guajira/CESM2-WACCM_ssp245_sfcWind_day_r1i1p1f1_guajira.nc,CESM2-WACCM,NCAR,ScenarioMIP,ssp245,sfcWind,day,r1i1p1f1,gn,20190815,gs://cmip6/CMIP6/ScenarioMIP/NCAR/CESM2-WACCM/ssp245/r1i1p1f1/day/sfcWind/gn/v20190815/,"CMIP6 model data produced by <The National Center for Atmospheric Research> is licensed under a Creative Commons Attribution-[]ShareAlike 4.0 International License (https://creativecommons.org/licenses/). Consult https://pcmdi.llnl.gov/CMIP6/TermsOfUse for terms of use governing CMIP6 output, including citation requirements and proper acknowledgment. Further information about this data, including some limitations, can be found via the further_info_url (recorded as a global attribute in this file)[]. The data producers and data providers make no warranty, either express or implied, including, but not limited to, warranties of merchantability and fitness for a particular purpose. All liabilities arising from the supply of the information (including any liability arising in negligence) are excluded to the fullest extent permitted by law."
CMIP6_Guajira/CESM2-WACCM_ssp245_tas_day_r1i1p1f1_guajira.nc,CESM2-WACCM,NCAR,ScenarioMIP,ssp245,tas,day,r1i1p1f1,gn,20190815,gs://cmip6/CMIP6/ScenarioMIP/NCAR/CESM2-WACCM/ssp245/r1i1p1f1/day/tas/gn/v20190815/,"CMIP6 model data produced by <The National Center for Atmospheric Research> is licensed under a Creative Commons Attribution-[]ShareAlike 4.0 International License (https://creativecommons.org/licenses/). Consult https://pcmdi.llnl.gov/CMIP6/TermsOfUse for terms of use governing CMIP6 output, including citation requirements and proper acknowledgment. Further information about this data, including some limitations, can be found via the further_info_url (recorded as a global attribute in this file)[]. The data producers and data providers make no warranty, either express or implied, including, but not limited to, warranties of merchantability and fitness for a particular purpose. All liabilities arising from the supply of the information (including any liability arising in negligence) are excluded to the fullest extent permitted by law."
CMIP6_Guajira/CESM2-WACCM_ssp585_ps_Amon_r1i1p1f1_guajira.nc,CESM2-WACCM,NCAR,ScenarioMIP,ssp585,ps,Amon,r1i1p1f1,gn,20200702,gs://cmip6/CMIP6/ScenarioMIP/NCAR/CESM2-WACCM/ssp585/r1i1p1f1/Amon/ps/gn/v20200702/,"CMIP6 model data produced by <The National Center for Atmospheric Research> is licensed under a Creative Commons Attribution-[]ShareAlike 4.0 International License (https://creativecommons.org/licenses/). Consult https://pcmdi.llnl.gov/CMIP6/TermsOfUse for terms of use governing CMIP6 output, including citation requirements and proper acknowledgment. Further information about this data, including some limitations, can be found via the further_info_url (recorded as a global attribute in this file)[]. The data producers and data providers make no warranty, either express or implied, including, but not limited to, warranties of merchantability and fitness for a particular purpose. All liabilities arising from the supply of the information (including any liability arising in negligence) are excluded to the fullest extent permitted by law."
CMIP6_Guajira/CESM2-WACCM_ssp585_sfcWind_day_r1i1p1f1_guajira.nc,CESM2-WACCM,NCAR,ScenarioMIP,ssp585,sfcWind,day,r1i1p1f1,gn,20200702,gs://cmip6/CMIP6/ScenarioMIP/NCAR/CESM2-WACCM/ssp585/r1i1p1f1/day/sfcWind/gn/v20200702/,"CMIP6 model data produced by <The National Center for Atmospheric Research> is licensed under a Creative Commons Attribution-[]ShareAlike 4.0 International License (https://creativecommons.org/licenses/). Consult https://pcmdi.llnl.gov/CMIP6/TermsOfUse for terms of use governing CMIP6 output, including citation requirements and proper acknowledgment. Further information about this data, including some limitations, can be found via the further_info_url (recorded as a global attribute in this file)[]. The data producers and data providers make no warranty, either express or implied, including, but not limited to, warranties of merchantability and fitness for a particular purpose. All liabilities arising from the supply of the information (including any liability arising in negligence) are excluded to the fullest extent permitted by law."
CMIP6_Guajira/CESM2-WACCM_ssp585_tas_day_r1i1p1f1_guajira.nc,CESM2-WACCM,NCAR,ScenarioMIP,ssp585,tas,day,r1i1p1f1,gn,20200702,gs://cmip6/CMIP6/ScenarioMIP/NCAR/CESM2-WACCM/ssp585/r1i1p1f1/day/tas/gn/v20200702/,"CMIP6 model data produced by <The National Center for Atmospheric Research> is licensed under a Creative Commons Attribution-[]ShareAlike 4.0 International License (https://creativecommons.org/licenses/). Consult https://pcmdi.llnl.gov/CMIP6/TermsOfUse for terms of use governing CMIP6 output, including citation requirements and proper acknowledgment. Further information about this data, including some limitations, can be found via the further_info_url (recorded as a global attribute in this file)[]. The data producers and data providers make no warranty, either express or implied, including, but not limited to, warranties of merchantability and fitness for a particular purpose. All liabilities arising from the supply of the information (including any liability arising in negligence) are excluded to the fullest extent permitted by law."
CMIP6_Guajira/CESM2_historical_ps_Amon_r1i1p1f1_guajira.nc,CESM2,NCAR,CMIP,historical,ps,Amon,r1i1p1f1,gn,20190308,gs://cmip6/CMIP6/CMIP/NCAR/CESM2/historical/r1i1p1f1/Amon/ps/gn/v20190308/,"CMIP6 model data produced by <The National Center for Atmospheric Research> is licensed under a Creative Commons Attribution-[]ShareAlike 4.0 International License (https://creativecommons.org/licenses/). Consult https://pcmdi.llnl.gov/CMIP6/TermsOfUse for terms of use governing CMIP6 output, including citation requirements and proper acknowledgment. Further information about this data, including some limitations, can be found via the further_info_url (recorded as a global attribute in this file)[]. The data producers and data providers make no warranty, either express or implied, including, but not limited to, warranties of merchantability and fitness for a particular purpose. All liabilities arising from the supply of the information (including any liability arising in negligence) are excluded to the fullest extent permitted by law."
CMIP6_Guajira/CESM2_historical_sfcWind_day_r1i1p1f1_guajira.nc,CESM2,NCAR,CMIP,historical,sfcWind,day,r1i1p1f1,gn,20190308,gs://cmip6/CMIP6/CMIP/NCAR/CESM2/historical/r1i1p1f1/day/sfcWind/gn/v20190308/,"CMIP6 model data produced by <The National Center for Atmospheric Research> is licensed under a Creative Commons Attribution-[]ShareAlike 4.0 International License (https://creativecommons.org/licenses/). Consult https://pcmdi.llnl.gov/CMIP6/TermsOfUse for terms of use governing CMIP6 output, including citation requirements and proper acknowledgment. Further information about this data, including some limitations, can be found via the further_info_url (recorded as a global attribute in this file)[]. The data producers and data providers make no warranty, either express or implied, including, but not limited to, warranties of merchantability and fitness for a particular purpose. All liabilities arising from the supply of the information (including any liability arising in negligence) are excluded to the fullest extent permitted by law."
CMIP6_Guajira/CESM2_historical_tas_day_r1i1p1f1_guajira.nc,CESM2,NCAR,CMIP,historical,tas,day,r1i1p1f1,gn,20190308,gs://cmip6/CMIP6/CMIP/NCAR/CESM2/historical/r1i1p1f1/day/tas/gn/v20190308/,"CMIP6 model data produced by <The National Center for Atmospheric Research> is licensed under a Creative Commons Attribution-[]ShareAlike 4.0 International License (https://creativecommons.org/licenses/). Consult https://pcmdi.llnl.gov/CMIP6/TermsOfUse for terms of use governing CMIP6 output, including citation requirements and proper acknowledgment. Further information about this data, including some limitations, can be found via the further_info_url (recorded as a global attribute in this file)[]. The data producers and data providers make no warranty, either express or implied, including, but not limited to, warranties of merchantability and fitness for a particular purpose. All liabilities arising from the supply of the information (including any liability arising in negligence) are excluded to the fullest extent permitted by law."
CMIP6_Guajira/CESM2_ssp126_ps_Amon_r10i1p1f1_guajira.nc,CESM2,NCAR,ScenarioMIP,ssp126,ps,Amon,r10i1p1f1,gn,20200528,gs://cmip6/CMIP6/ScenarioMIP/NCAR/CESM2/ssp126/r10i1p1f1/Amon/ps/gn/v20200528/,"CMIP6 model data produced by <The National Center for Atmospheric Research> is licensed under a Creative Commons Attribution-[]ShareAlike 4.0 International License (https://creativecommons.org/licenses/). Consult https://pcmdi.llnl.gov/CMIP6/TermsOfUse for terms of use governing CMIP6 output, including citation requirements and proper acknowledgment. Further information about this data, including some limitations, can be found via the further_info_url (recorded as a global attribute in this file)[]. The data producers and data providers make no warranty, either express or implied, including, but not limited to, warranties of merchantability and fitness for a particular purpose. All liabilities arising from the supply of the information (including any liability arising in negligence) are excluded to the fullest extent permitted by law."
CMIP6_Guajira/CESM2_ssp126_sfcWind_day_r10i1p1f1_guajira.nc,CESM2,NCAR,ScenarioMIP,ssp126,sfcWind,day,r10i1p1f1,gn,20200528,gs://cmip6/CMIP6/ScenarioMIP/NCAR/CESM2/ssp126/r10i1p1f1/day/sfcWind/gn/v20200528/,"CMIP6 model data produced by <The National Center for Atmospheric Research> is licensed under a Creative Commons Attribution-[]ShareAlike 4.0 International License (https://creativecommons.org/licenses/). Consult https://pcmdi.llnl.gov/CMIP6/TermsOfUse for terms of use governing CMIP6 output, including citation requirements and proper acknowledgment. Further information about this data, including some limitations, can be found via the further_info_url (recorded as a global attribute in this file)[]. The data producers and data providers make no warranty, either express or implied, including, but not limited to, warranties of merchantability and fitness for a particular purpose. All liabilities arising from the supply of the information (including any liability arising in negligence) are excluded to the fullest extent permitted by law."
CMIP6_Guajira/CESM2_ssp126_tas_day_r10i1p1f1_guajira.nc,CESM2,NCAR,ScenarioMIP,ssp126,tas,day,r10i1p1f1,gn,20200528,gs://cmip6/CMIP6/ScenarioMIP/NCAR/CESM2/ssp126/r10i1p1f1/day/tas/gn/v20200528/,"CMIP6 model data produced by <The National Center for Atmospheric Research> is licensed under a Creative Commons Attribution-[]ShareAlike 4.0 International License (https://creativecommons.org/licenses/). Consult https://pcmdi.llnl.gov/CMIP6/TermsOfUse for terms of use governing CMIP6 output, including citation requirements and proper acknowledgment. Further information about this data, including some limitations, can be found via the further_info_url (recorded as a global attribute in this file)[]. The data producers and data providers make no warranty, either express or implied, including, but not limited to, warranties of merchantability and fitness for a particular purpose. All liabilities arising from the supply of the information (including any liability arising in negligence) are excluded to the fullest extent permitted by law."
CMIP6_Guajira/CESM2_ssp245_ps_Amon_r10i1p1f1_guajira.nc,CESM2,NCAR,ScenarioMIP,ssp245,ps,Amon,r10i1p1f1,gn,20200528,gs://cmip6/CMIP6/ScenarioMIP/NCAR/CESM2/ssp245/r10i1p1f1/Amon/ps/gn/v20200528/,"CMIP6 model data produced by <The National Center for Atmospheric Research> is licensed under a Creative Commons Attribution-[]ShareAlike 4.0 International License (https://creativecommons.org/licenses/). Consult https://pcmdi.llnl.gov/CMIP6/TermsOfUse for terms of use governing CMIP6 output, including citation requirements and proper acknowledgment. Further information about this data, including some limitations, can be found via the further_info_url (recorded as a global attribute in this file)[]. The data producers and data providers make no warranty, either express or implied, including, but not limited to, warranties of merchantability and fitness for a particular purpose. All liabilities arising from the supply of the information (including any liability arising in negligence) are excluded to the fullest extent permitted by law."
CMIP6_Guajira/CESM2_ssp245_sfcWind_day_r10i1p1f1_guajira.nc,CESM2,NCAR,ScenarioMIP,ssp245,sfcWind,day,r10i1p1f1,gn,20200528,gs://cmip6/CMIP6/ScenarioMIP/NCAR/CESM2/ssp245/r10i1p1f1/day/sfcWind/gn/v20200528/,"CMIP6 model data produced by <The National Center for Atmospheric Research> is licensed under a Creative Commons Attribution-[]ShareAlike 4.0 International License (https://creativecommons.org/licenses/). Consult https://pcmdi.llnl.gov/CMIP6/TermsOfUse for terms of use governing CMIP6 output, including citation requirements and proper acknowledgment. Further information about this data, including some limitations, can be found via the further_info_url (recorded as a global attribute in this file)[]. The data producers and data providers make no warranty, either express or implied, including, but not limited to, warranties of merchantability and fitness for a particular purpose. All liabilities arising from the supply of the information (including any liability arising in negligence) are excluded to the fullest extent permitted by law."
CMIP6_Guajira/CESM2_ssp245_tas_day_r10i1p1f1_guajira.nc,CESM2,NCAR,ScenarioMIP,ssp245,tas,day,r10i1p1f1,gn,20200528,gs://cmip6/CMIP6/ScenarioMIP/NCAR/CESM2/ssp245/r10i1p1f1/day/tas/gn/v20200528/,"CMIP6 model data produced by <The National Center for Atmospheric Research> is licensed under a Creative Commons Attribution-[]ShareAlike 4.0 International License (https://creativecommons.org/licenses/). Consult https://pcmdi.llnl.gov/CMIP6/TermsOfUse for terms of use governing CMIP6 output, including citation requirements and proper acknowledgment. Further information about this data, including some limitations, can be found via the further_info_url (recorded as a global attribute in this file)[]. The data producers and data providers make no warranty, either express or implied, including, but not limited to, warranties of merchantability and fitness for a particular purpose. All liabilities arising from the supply of the information (including any liability arising in negligence) are excluded to the fullest extent permitted by law."
CMIP6_Guajira/CESM2_ssp585_ps_Amon_r10i1p1f1_guajira.nc,CESM2,NCAR,ScenarioMIP,ssp585,ps,Amon,r10i1p1f1,gn,20200528,gs://cmip6/CMIP6/ScenarioMIP/NCAR/CESM2/ssp585/r10i1p1f1/Amon/ps/gn/v20200528/,"CMIP6 model data produced by <The National Center for Atmospheric Research> is licensed under a Creative Commons Attribution-[]ShareAlike 4.0 International License (https://creativecommons.org/licenses/). Consult https://pcmdi.llnl.gov/CMIP6/TermsOfUse for terms of use governing CMIP6 output, including citation requirements and proper acknowledgment. Further information about this data, including some limitations, can be found via the further_info_url (recorded as a global attribute in this file)[]. The data producers and data providers make no warranty, either express or implied, including, but not limited to, warranties of merchantability and fitness for a particular purpose. All liabilities arising from the supply of the information (including any liability arising in negligence) are excluded to the fullest extent permitted by law."
CMIP6_Guajira/CESM2_ssp585_sfcWind_day_r10i1p1f1_guajira.nc,CESM2,NCAR,ScenarioMIP,ssp585,sfcWind,day,r10i1p1f1,gn,20200528,gs://cmip6/CMIP6/ScenarioMIP/NCAR/CESM2/ssp585/r10i1p1f1/day/sfcWind/gn/v20200528/,"CMIP6 model data produced by <The National Center for Atmospheric Research> is licensed under a Creative Commons Attribution-[]ShareAlike 4.0 International License (https://creativecommons.org/licenses/). Consult https://pcmdi.llnl.gov/CMIP6/TermsOfUse for terms of use governing CMIP6 output, including citation requirements and proper acknowledgment. Further information about this data, including some limitations, can be found via the further_info_url (recorded as a global attribute in this file)[]. The data producers and data providers make no warranty, either express or implied, including, but not limited to, warranties of merchantability and fitness for a particular purpose. All liabilities arising from the supply of the information (including any liability arising in negligence) are excluded to the fullest extent permitted by law."
CMIP6_Guajira/CESM2_ssp585_tas_day_r10i1p1f1_guajira.nc,CESM2,NCAR,ScenarioMIP,ssp585,tas,day,r10i1p1f1,gn,20200528,gs://cmip6/CMIP6/ScenarioMIP/NCAR/CESM2/ssp585/r10i1p1f1/day/tas/gn/v20200528/,"CMIP6 model data produced by <The National Center for Atmospheric Research> is licensed under a Creative Commons Attribution-[]ShareAlike 4.0 International License (https://creativecommons.org/licenses/). Consult https://pcmdi.llnl.gov/CMIP6/TermsOfUse for terms of use governing CMIP6 output, including citation requirements and proper acknowledgment. Further information about this data, including some limitations, can be found via the further_info_url (recorded as a global attribute in this file)[]. The data producers and data providers make no warranty, either express or implied, including, but not limited to, warranties of merchantability and fitness for a particular purpose. All liabilities arising from the supply of the information (including any liability arising in negligence) are excluded to the fullest extent permitted by law."
CMIP6_Guajira/CMCC-CM2-SR5_historical_ps_Amon_r1i1p1f1_guajira.nc,CMCC-CM2-SR5,CMCC,CMIP,historical,ps,Amon,r1i1p1f1,gn,20200616,gs://cmip6/CMIP6/CMIP/CMCC/CMCC-CM2-SR5/historical/r1i1p1f1/Amon/ps/gn/v20200616/,"CMIP6 model data produced by CMCC is licensed under a Creative Commons Attribution ShareAlike 4.0 International License (https://creativecommons.org/licenses). Consult https://pcmdi.llnl.gov/CMIP6/TermsOfUse for terms of use governing CMIP6 output, including citation requirements and proper acknowledgment. Further information about this data, including some limitations, can be found via the further_info_url (recorded as a global attribute in this file) and at https:///pcmdi.llnl.gov/. The data producers and data providers make no warranty, either express or implied, including, but not limited to, warranties of merchantability and fitness for a particular purpose. All liabilities arising from the supply of the information (including any liability arising in negligence) are excluded to the fullest extent permitted by law."
CMIP6_Guajira/CMCC-CM2-SR5_historical_sfcWind_day_r1i1p1f1_guajira.nc,CMCC-CM2-SR5,CMCC,CMIP,historical,sfcWind,day,r1i1p1f1,gn,20200616,gs://cmip6/CMIP6/CMIP/CMCC/CMCC-CM2-SR5/historical/r1i1p1f1/day/sfcWind/gn/v20200616/,"CMIP6 model data produced by CMCC is licensed under a Creative Commons Attribution ShareAlike 4.0 International License (https://creativecommons.org/licenses). Consult https://pcmdi.llnl.gov/CMIP6/TermsOfUse for terms of use governing CMIP6 output, including citation requirements and proper acknowledgment. Further information about this data, including some limitations, can be found via the further_info_url (recorded as a global attribute in this file) and at https:///pcmdi.llnl.gov/. The data producers and data providers make no warranty, either express or implied, including, but not limited to, warranties of merchantability and fitness for a particular purpose. All liabilities arising from the supply of the information (including any liability arising in negligence) are excluded to the fullest extent permitted by law."
CMIP6_Guajira/CMCC-CM2-SR5_historical_tas_day_r1i1p1f1_guajira.nc,CMCC-CM2-SR5,CMCC,CMIP,historical,tas,day,r1i1p1f1,gn,20200616,gs://cmip6/CMIP6/CMIP/CMCC/CMCC-CM2-SR5/historical/r1i1p1f1/day/tas/gn/v20200616/,"CMIP6 model data produced by CMCC is licensed under a Creative Commons Attribution ShareAlike 4.0 International License (https://creativecommons.org/licenses). Consult https://pcmdi.llnl.gov/CMIP6/TermsOfUse for terms of use governing CMIP6 output, including citation requirements and proper acknowledgment. Further information about this data, including some limitations, can be found via the further_info_url (recorded as a global attribute in this file) and at https:///pcmdi.llnl.gov/. The data producers and data providers make no warranty, either express or implied, including, but not limited to, warranties of merchantability and fitness for a particular purpose. All liabilities arising from the supply of the information (including any liability arising in negligence) are excluded to the fullest extent permitted by law."
CMIP6_Guajira/CMCC-CM2-SR5_historical_uas_day_r1i1p1f1_guajira.nc,CMCC-CM2-SR5,CMCC,CMIP,historical,uas,day,r1i1p1f1,gn,20200616,gs://cmip6/CMIP6/CMIP/CMCC/CMCC-CM2-SR5/historical/r1i1p1f1/day/uas/gn/v20200616/,"CMIP6 model data produced by CMCC is licensed under a Creative Commons Attribution ShareAlike 4.0 International License (https://creativecommons.org/licenses). Consult https://pcmdi.llnl.gov/CMIP6/TermsOfUse for terms of use governing CMIP6 output, including citation requirements and proper acknowledgment. Further information about this data, including some limitations, can be found via the further_info_url (recorded as a global attribute in this file) and at https:///pcmdi.llnl.gov/. The data producers and data providers make no warranty, either express or implied, including, but not limited to, warranties of merchantability and fitness for a particular purpose. All liabilities arising from the supply of the information (including any liability arising in negligence) are excluded to the fullest extent permitted by law."
CMIP6_Guajira/CMCC-CM2-SR5_historical_vas_day_r1i1p1f1_guajira.nc,CMCC-CM2-SR5,CMCC,CMIP,historical,vas,day,r1i1p1f1,gn,20200616,gs://cmip6/CMIP6/CMIP/CMCC/CMCC-CM2-SR5/historical/r1i1p1f1/day/vas/gn/v20200616/,"CMIP6 model data produced by CMCC is licensed under a Creative Commons Attribution ShareAlike 4.0 International License (https://creativecommons.org/licenses). Consult https://pcmdi.llnl.gov/CMIP6/TermsOfUse for terms of use governing CMIP6 output, including citation requirements and proper acknowledgment. Further information about this data, including some limitations, can be found via the further_info_url (recorded as a global attribute in this file) and at https:///pcmdi.llnl.gov/. The data producers and data providers make no warranty, either express or implied, including, but not limited to, warranties of merchantability and fitness for a particular purpose. All liabilities arising from the supply of the information (including any liability arising in negligence) are excluded to the fullest extent permitted by law."
CMIP6_Guajira/CMCC-CM2-SR5_ssp126_ps_Amon_r1i1p1f1_guajira.nc,CMCC-CM2-SR5,CMCC,ScenarioMIP,ssp126,ps,Amon,r1i1p1f1,gn,20200717,gs://cmip6/CMIP6/ScenarioMIP/CMCC/CMCC-CM2-SR5/ssp126/r1i1p1f1/Amon/ps/gn/v20200717/,"CMIP6 model data produced by CMCC is licensed under a Creative Commons Attribution ShareAlike 4.0 International License (https://creativecommons.org/licenses). Consult https://pcmdi.llnl.gov/CMIP6/TermsOfUse for terms of use governing CMIP6 output, including citation requirements and proper acknowledgment. Further information about this data, including some limitations, can be found via the further_info_url (recorded as a global attribute in this file) and at https:///pcmdi.llnl.gov/. The data producers and data providers make no warranty, either express or implied, including, but not limited to, warranties of merchantability and fitness for a particular purpose. All liabilities arising from the supply of the information (including any liability arising in negligence) are excluded to the fullest extent permitted by law."
CMIP6_Guajira/CMCC-CM2-SR5_ssp126_sfcWind_day_r1i1p1f1_guajira.nc,CMCC-CM2-SR5,CMCC,ScenarioMIP,ssp126,sfcWind,day,r1i1p1f1,gn,20200717,gs://cmip6/CMIP6/ScenarioMIP/CMCC/CMCC-CM2-SR5/ssp126/r1i1p1f1/day/sfcWind/gn/v20200717/,"CMIP6 model data produced by CMCC is licensed under a Creative Commons Attribution ShareAlike 4.0 International License (https://creativecommons.org/licenses). Consult https://pcmdi.llnl.gov/CMIP6/TermsOfUse for terms of use governing CMIP6 output, including citation requirements and proper acknowledgment. Further information about this data, including some limitations, can be found via the further_info_url (recorded as a global attribute in this file) and at https:///pcmdi.llnl.gov/. The data producers and data providers make no warranty, either express or implied, including, but not limited to, warranties of merchantability and fitness for a particular purpose. All liabilities arising from the supply of the information (including any liability arising in negligence) are excluded to the fullest extent permitted by law."
CMIP6_Guajira/CMCC-CM2-SR5_ssp126_tas_day_r1i1p1f1_guajira.nc,CMCC-CM2-SR5,CMCC,ScenarioMIP,ssp126,tas,day,r1i1p1f1,gn,20200717,gs://cmip6/CMIP6/ScenarioMIP/CMCC/CMCC-CM2-SR5/ssp126/r1i1p1f1/day/tas/gn/v20200717/,"CMIP6 model data produced by CMCC is licensed under a Creative Commons Attribution ShareAlike 4.0 International License (https://creativecommons.org/licenses). Consult https://pcmdi.llnl.gov/CMIP6/TermsOfUse for terms of use governing CMIP6 output, including citation requirements and proper acknowledgment. Further information about this data, including some limitations, can be found via the further_info_url (recorded as a global attribute in this file) and at https:///pcmdi.llnl.gov/. The data producers and data providers make no warranty, either express or implied, including, but not limited to, warranties of merchantability and fitness for a particular purpose. All liabilities arising from the supply of the information (including any liability arising in negligence) are excluded to the fullest extent permitted by law."
CMIP6_Guajira/CMCC-CM2-SR5_ssp126_vas_day_r1i1p1f1_guajira.nc,CMCC-CM2-SR5,CMCC,ScenarioMIP,ssp126,vas,day,r1i1p1f1,gn,20200717,gs://cmip6/CMIP6/ScenarioMIP/CMCC/CMCC-CM2-SR5/ssp126/r1i1p1f1/day/vas/gn/v20200717/,"CMIP6 model data produced by CMCC is licensed under a Creative Commons Attribution ShareAlike 4.0 International License (https://creativecommons.org/licenses). Consult https://pcmdi.llnl.gov/CMIP6/TermsOfUse for terms of use governing CMIP6 output, including citation requirements and proper acknowledgment. Further information about this data, including some limitations, can be found via the further_info_url (recorded as a global attribute in this file) and at https:///pcmdi.llnl.gov/. The data producers and data providers make no warranty, either express or implied, including, but not limited to, warranties of merchantability and fitness for a particular purpose. All liabilities arising from the supply of the information (including any liability arising in negligence) are excluded to the fullest extent permitted by law."
CMIP6_Guajira/CMCC-CM2-SR5_ssp245_ps_Amon_r1i1p1f1_guajira.nc,CMCC-CM2-SR5,CMCC,ScenarioMIP,ssp245,ps,Amon,r1i1p1f1,gn,20200617,gs://cmip6/CMIP6/ScenarioMIP/CMCC/CMCC-CM2-SR5/ssp245/r1i1p1f1/Amon/ps/gn/v20200617/,"CMIP6 model data produced by CMCC is licensed under a Creative Commons Attribution ShareAlike 4.0 International License (https://creativecommons.org/licenses). Consult https://pcmdi.llnl.gov/CMIP6/TermsOfUse for terms of use governing CMIP6 output, including citation requirements and proper acknowledgment. Further information about this data, including some limitations, can be found via the further_info_url (recorded as a global attribute in this file) and at https:///pcmdi.llnl.gov/. The data producers and data providers make no warranty, either express or implied, including, but not limited to, warranties of merchantability and fitness for a particular purpose. All liabilities arising from the supply of the information (including any liability arising in negligence) are excluded to the fullest extent permitted by law."
CMIP6_Guajira/CMCC-CM2-SR5_ssp245_sfcWind_day_r1i1p1f1_guajira.nc,CMCC-CM2-SR5,CMCC,ScenarioMIP,ssp245,sfcWind,day,r1i1p1f1,gn,20200617,gs://cmip6/CMIP6/ScenarioMIP/CMCC/CMCC-CM2-SR5/ssp245/r1i1p1f1/day/sfcWind/gn/v20200617/,"CMIP6 model data produced by CMCC is licensed under a Creative Commons Attribution ShareAlike 4.0 International License (https://creativecommons.org/licenses). Consult https://pcmdi.llnl.gov/CMIP6/TermsOfUse for terms of use governing CMIP6 output, including citation requirements and proper acknowledgment. Further information about this data, including some limitations, can be found via the further_info_url (recorded as a global attribute in this file) and at https:///pcmdi.llnl.gov/. The data producers and data providers make no warranty, either express or implied, including, but not limited to, warranties of merchantability and fitness for a particular purpose. All liabilities arising from the supply of the information (including any liability arising in negligence) are excluded to the fullest extent permitted by law."
CMIP6_Guajira/CMCC-CM2-SR5_ssp245_tas_day_r1i1p1f1_guajira.nc,CMCC-CM2-SR5,CMCC,ScenarioMIP,ssp245,tas,day,r1i1p1f1,gn,20200617,gs://cmip6/CMIP6/ScenarioMIP/CMCC/CMCC-CM2-SR5/ssp245/r1i1p1f1/day/tas/gn/v20200617/,"CMIP6 model data produced by CMCC is licensed under a Creative Commons Attribution ShareAlike 4.0 International License (https://creativecommons.org/licenses). Consult https://pcmdi.llnl.gov/CMIP6/TermsOfUse for terms of use governing CMIP6 output, including citation requirements and proper acknowledgment. Further information about this data, including some limitations, can be found via the further_info_url (recorded as a global attribute in this file) and at https:///pcmdi.llnl.gov/. The data producers and data providers make no warranty, either express or implied, including, but not limited to, warranties of merchantability and fitness for a particular purpose. All liabilities arising from the supply of the information (including any liability arising in negligence) are excluded to the fullest extent permitted by law."
CMIP6_Guajira/CMCC-CM2-SR5_ssp245_uas_day_r1i1p1f1_guajira.nc,CMCC-CM2-SR5,CMCC,ScenarioMIP,ssp245,uas,day,r1i1p1f1,gn,20200617,gs://cmip6/CMIP6/ScenarioMIP/CMCC/CMCC-CM2-SR5/ssp245/r1i1p1f1/day/uas/gn/v20200617/,"CMIP6 model data produced by CMCC is licensed under a Creative Commons Attribution ShareAlike 4.0 International License (https://creativecommons.org/licenses). Consult https://pcmdi.llnl.gov/CMIP6/TermsOfUse for terms of use governing CMIP6 output, including citation requirements and proper acknowledgment. Further information about this data, including some limitations, can be found via the further_info_url (recorded as a global attribute in this file) and at https:///pcmdi.llnl.gov/. The data producers and data providers make no warranty, either express or implied, including, but not limited to, warranties of merchantability and fitness for a particular purpose. All liabilities arising from the supply of the information (including any liability arising in negligence) are excluded to the fullest extent permitted by law."
CMIP6_Guajira/CMCC-CM2-SR5_ssp245_vas_day_r1i1p1f1_guajira.nc,CMCC-CM2-SR5,CMCC,ScenarioMIP,ssp245,vas,day,r1i1p1f1,gn,20200617,gs://cmip6/CMIP6/ScenarioMIP/CMCC/CMCC-CM2-SR5/ssp245/r1i1p1f1/day/vas/gn/v20200617/,"CMIP6 model data produced by CMCC is licensed under a Creative Commons Attribution ShareAlike 4.0 International License (https://creativecommons.org/licenses). Consult https://pcmdi.llnl.gov/CMIP6/TermsOfUse for terms of use governing CMIP6 output, including citation requirements and proper acknowledgment. Further information about this data, including some limitations, can be found via the further_info_url (recorded as a global attribute in this file) and at https:///pcmdi.llnl.gov/. The data producers and data providers make no warranty, either express or implied, including, but not limited to, warranties of merchantability and fitness for a particular purpose. All liabilities arising from the supply of the information (including any liability arising in negligence) are excluded to the fullest extent permitted by law."
CMIP6_Guajira/CMCC-CM2-SR5_ssp585_ps_Amon_r1i1p1f1_guajira.nc,CMCC-CM2-SR5,CMCC,ScenarioMIP,ssp585,ps,Amon,r1i1p1f1,gn,20200622,gs://cmip6/CMIP6/ScenarioMIP/CMCC/CMCC-CM2-SR5/ssp585/r1i1p1f1/Amon/ps/gn/v20200622/,"CMIP6 model data produced by CMCC is licensed under a Creative Commons Attribution ShareAlike 4.0 International License (https://creativecommons.org/licenses). Consult https://pcmdi.llnl.gov/CMIP6/TermsOfUse for terms of use governing CMIP6 output, including citation requirements and proper acknowledgment. Further information about this data, including some limitations, can be found via the further_info_url (recorded as a global attribute in this file) and at https:///pcmdi.llnl.gov/. The data producers and data providers make no warranty, either express or implied, including, but not limited to, warranties of merchantability and fitness for a particular purpose. All liabilities arising from the supply of the information (including any liability arising in negligence) are excluded to the fullest extent permitted by law."
CMIP6_Guajira/CMCC-CM2-SR5_ssp585_sfcWind_day_r1i1p1f1_guajira.nc,CMCC-CM2-SR5,CMCC,ScenarioMIP,ssp585,sfcWind,day,r1i1p1f1,gn,20200622,gs://cmip6/CMIP6/ScenarioMIP/CMCC/CMCC-CM2-SR5/ssp585/r1i1p1f1/day/sfcWind/gn/v20200622/,"CMIP6 model data produced by CMCC is licensed under a Creative Commons Attribution ShareAlike 4.0 International License (https://creativecommons.org/licenses). Consult https://pcmdi.llnl.gov/CMIP6/TermsOfUse for terms of use governing CMIP6 output, including citation requirements and proper acknowledgment. Further information about this data, including some limitations, can be found via the further_info_url (recorded as a global attribute in this file) and at https:///pcmdi.llnl.gov/. The data producers and data providers make no warranty, either express or implied, including, but not limited to, warranties of merchantability and fitness for a particular purpose. All liabilities arising from the supply of the information (including any liability arising in negligence) are excluded to the fullest extent permitted by law."
CMIP6_Guajira/CMCC-CM2-SR5_ssp585_tas_day_r1i1p1f1_guajira.nc,CMCC-CM2-SR5,CMCC,ScenarioMIP,ssp585,tas,day,r1i1p1f1,gn,20200622,gs://cmip6/CMIP6/ScenarioMIP/CMCC/CMCC-CM2-SR5/ssp585/r1i1p1f1/day/tas/gn/v20200622/,"CMIP6 model data produced by CMCC is licensed under a Creative Commons Attribution ShareAlike 4.0 International License (https://creativecommons.org/licenses). Consult https://pcmdi.llnl.gov/CMIP6/TermsOfUse for terms of use governing CMIP6 output, including citation requirements and proper acknowledgment. Further information about this data, including some limitations, can be found via the further_info_url (recorded as a global attribute in this file) and at https:///pcmdi.llnl.gov/. The data producers and data providers make no warranty, either express or implied, including, but not limited to, warranties of merchantability and fitness for a particular purpose. All liabilities arising from the supply of the information (including any liability arising in negligence) are excluded to the fullest extent permitted by law."
CMIP6_Guajira/CMCC-CM2-SR5_ssp585_uas_day_r1i1p1f1_guajira.nc,CMCC-CM2-SR5,CMCC,ScenarioMIP,ssp585,uas,day,r1i1p1f1,gn,20200622,gs://cmip6/CMIP6/ScenarioMIP/CMCC/CMCC-CM2-SR5/ssp585/r1i1p1f1/day/uas/gn/v20200622/,"CMIP6 model data produced by CMCC is licensed under a Creative Commons Attribution ShareAlike 4.0 International License (https://creativecommons.org/licenses). Consult https://pcmdi.llnl.gov/CMIP6/TermsOfUse for terms of use governing CMIP6 output, including citation requirements and proper acknowledgment. Further information about this data, including some limitations, can be found via the further_info_url (recorded as a global attribute in this file) and at https:///pcmdi.llnl.gov/. The data producers and data providers make no warranty, either express or implied, including, but not limited to, warranties of merchantability and fitness for a particular purpose. All liabilities arising from the supply of the information (including any liability arising in negligence) are excluded to the fullest extent permitted by law."
CMIP6_Guajira/CMCC-CM2-SR5_ssp585_vas_day_r1i1p1f1_guajira.nc,CMCC-CM2-SR5,CMCC,ScenarioMIP,ssp585,vas,day,r1i1p1f1,gn,20200622,gs://cmip6/CMIP6/ScenarioMIP/CMCC/CMCC-CM2-SR5/ssp585/r1i1p1f1/day/vas/gn/v20200622/,"CMIP6 model data produced by CMCC is licensed under a Creative Commons Attribution ShareAlike 4.0 International License (https://creativecommons.org/licenses). Consult https://pcmdi.llnl.gov/CMIP6/TermsOfUse for terms of use governing CMIP6 output, including citation requirements and proper acknowledgment. Further information about this data, including some limitations, can be found via the further_info_url (recorded as a global attribute in this file) and at https:///pcmdi.llnl.gov/. The data producers and data providers make no warranty, either express or implied, including, but not limited to, warranties of merchantability and fitness for a particular purpose. All liabilities arising from the supply of the information (including any liability arising in negligence) are excluded to the fullest extent permitted by law."
CMIP6_Guajira/CMCC-ESM2_historical_ps_Amon_r1i1p1f1_guajira.nc,CMCC-ESM2,CMCC,CMIP,historical,ps,Amon,r1i1p1f1,gn,20210114,gs://cmip6/CMIP6/CMIP/CMCC/CMCC-ESM2/historical/r1i1p1f1/Amon/ps/gn/v20210114/,"CMIP6 model data produced by CMCC is licensed under a Creative Commons Attribution ShareAlike 4.0 International License (https://creativecommons.org/licenses). Consult https://pcmdi.llnl.gov/CMIP6/TermsOfUse for terms of use governing CMIP6 output, including citation requirements and proper acknowledgment. Further information about this data, including some limitations, can be found via the further_info_url (recorded as a global attribute in this file) and at https:///pcmdi.llnl.gov/. The data producers and data providers make no warranty, either express or implied, including, but not limited to, warranties of merchantability and fitness for a particular purpose. All liabilities arising from the supply of the information (including any liability arising in negligence) are excluded to the fullest extent permitted by law."
CMIP6_Guajira/CMCC-ESM2_historical_sfcWind_day_r1i1p1f1_guajira.nc,CMCC-ESM2,CMCC,CMIP,historical,sfcWind,day,r1i1p1f1,gn,20210114,gs://cmip6/CMIP6/CMIP/CMCC/CMCC-ESM2/historical/r1i1p1f1/day/sfcWind/gn/v20210114/,"CMIP6 model data produced by CMCC is licensed under a Creative Commons Attribution ShareAlike 4.0 International License (https://creativecommons.org/licenses). Consult https://pcmdi.llnl.gov/CMIP6/TermsOfUse for terms of use governing CMIP6 output, including citation requirements and proper acknowledgment. Further information about this data, including some limitations, can be found via the further_info_url (recorded as a global attribute in this file) and at https:///pcmdi.llnl.gov/. The data producers and data providers make no warranty, either express or implied, including, but not limited to, warranties of merchantability and fitness for a particular purpose. All liabilities arising from the supply of the information (including any liability arising in negligence) are excluded to the fullest extent permitted by law."
CMIP6_Guajira/CMCC-ESM2_historical_tas_day_r1i1p1f1_guajira.nc,CMCC-ESM2,CMCC,CMIP,historical,tas,day,r1i1p1f1,gn,20210114,gs://cmip6/CMIP6/CMIP/CMCC/CMCC-ESM2/historical/r1i1p1f1/day/tas/gn/v20210114/,"CMIP6 model data produced by CMCC is licensed under a Creative Commons Attribution ShareAlike 4.0 International License (https://creativecommons.org/licenses). Consult https://pcmdi.llnl.gov/CMIP6/TermsOfUse for terms of use governing CMIP6 output, including citation requirements and proper acknowledgment. Further information about this data, including some limitations, can be found via the further_info_url (recorded as a global attribute in this file) and at https:///pcmdi.llnl.gov/. The data producers and data providers make no warranty, either express or implied, including, but not limited to, warranties of merchantability and fitness for a particular purpose. All liabilities arising from the supply of the information (including any liability arising in negligence) are excluded to the fullest extent permitted by law."
CMIP6_Guajira/CMCC-ESM2_historical_uas_day_r1i1p1f1_guajira.nc,CMCC-ESM2,CMCC,CMIP,historical,uas,day,r1i1p1f1,gn,20210114,gs://cmip6/CMIP6/CMIP/CMCC/CMCC-ESM2/historical/r1i1p1f1/day/uas/gn/v20210114/,"CMIP6 model data produced by CMCC is licensed under a Creative Commons Attribution ShareAlike 4.0 International License (https://creativecommons.org/licenses). Consult https://pcmdi.llnl.gov/CMIP6/TermsOfUse for terms of use governing CMIP6 output, including citation requirements and proper acknowledgment. Further information about this data, including some limitations, can be found via the further_info_url (recorded as a global attribute in this file) and at https:///pcmdi.llnl.gov/. The data producers and data providers make no warranty, either express or implied, including, but not limited to, warranties of merchantability and fitness for a particular purpose. All liabilities arising from the supply of the information (including any liability arising in negligence) are excluded to the fullest extent permitted by law."
CMIP6_Guajira/CMCC-ESM2_historical_vas_day_r1i1p1f1_guajira.nc,CMCC-ESM2,CMCC,CMIP,historical,vas,day,r1i1p1f1,gn,20210114,gs://cmip6/CMIP6/CMIP/CMCC/CMCC-ESM2/historical/r1i1p1f1/day/vas/gn/v20210114/,"CMIP6 model data produced by CMCC is licensed under a Creative Commons Attribution ShareAlike 4.0 International License (https://creativecommons.org/licenses). Consult https://pcmdi.llnl.gov/CMIP6/TermsOfUse for terms of use governing CMIP6 output, including citation requirements and proper acknowledgment. Further information about this data, including some limitations, can be found via the further_info_url (recorded as a global attribute in this file) and at https:///pcmdi.llnl.gov/. The data producers and data providers make no warranty, either express or implied, including, but not limited to, warranties of merchantability and fitness for a particular purpose. All liabilities arising from the supply of the information (including any liability arising in negligence) are excluded to the fullest extent permitted by law."
CMIP6_Guajira/CMCC-ESM2_ssp126_ps_Amon_r1i1p1f1_guajira.nc,CMCC-ESM2,CMCC,ScenarioMIP,ssp126,ps,Amon,r1i1p1f1,gn,20210126,gs://cmip6/CMIP6/ScenarioMIP/CMCC/CMCC-ESM2/ssp126/r1i1p1f1/Amon/ps/gn/v20210126/,"CMIP6 model data produced by CMCC is licensed under a Creative Commons Attribution ShareAlike 4.0 International License (https://creativecommons.org/licenses). Consult https://pcmdi.llnl.gov/CMIP6/TermsOfUse for terms of use governing CMIP6 output, including citation requirements and proper acknowledgment. Further information about this data, including some limitations, can be found via the further_info_url (recorded as a global attribute in this file) and at https:///pcmdi.llnl.gov/. The data producers and data providers make no warranty, either express or implied, including, but not limited to, warranties of merchantability and fitness for a particular purpose. All liabilities arising from the supply of the information (including any liability arising in negligence) are excluded to the fullest extent permitted by law."
CMIP6_Guajira/CMCC-ESM2_ssp126_sfcWind_day_r1i1p1f1_guajira.nc,CMCC-ESM2,CMCC,ScenarioMIP,ssp126,sfcWind,day,r1i1p1f1,gn,20210126,gs://cmip6/CMIP6/ScenarioMIP/CMCC/CMCC-ESM2/ssp126/r1i1p1f1/day/sfcWind/gn/v20210126/,"CMIP6 model data produced by CMCC is licensed under a Creative Commons Attribution ShareAlike 4.0 International License (https://creativecommons.org/licenses). Consult https://pcmdi.llnl.gov/CMIP6/TermsOfUse for terms of use governing CMIP6 output, including citation requirements and proper acknowledgment. Further information about this data, including some limitations, can be found via the further_info_url (recorded as a global attribute in this file) and at https:///pcmdi.llnl.gov/. The data producers and data providers make no warranty, either express or implied, including, but not limited to, warranties of merchantability and fitness for a particular purpose. All liabilities arising from the supply of the information (including any liability arising in negligence) are excluded to the fullest extent permitted by law."
CMIP6_Guajira/CMCC-ESM2_ssp126_tas_day_r1i1p1f1_guajira.nc,CMCC-ESM2,CMCC,ScenarioMIP,ssp126,tas,day,r1i1p1f1,gn,20210126,gs://cmip6/CMIP6/ScenarioMIP/CMCC/CMCC-ESM2/ssp126/r1i1p1f1/day/tas/gn/v20210126/,"CMIP6 model data produced by CMCC is licensed under a Creative Commons Attribution ShareAlike 4.0 International License (https://creativecommons.org/licenses). Consult https://pcmdi.llnl.gov/CMIP6/TermsOfUse for terms of use governing CMIP6 output, including citation requirements and proper acknowledgment. Further information about this data, including some limitations, can be found via the further_info_url (recorded as a global attribute in this file) and at https:///pcmdi.llnl.gov/. The data producers and data providers make no warranty, either express or implied, including, but not limited to, warranties of merchantability and fitness for a particular purpose. All liabilities arising from the supply of the information (including any liability arising in negligence) are excluded to the fullest extent permitted by law."
CMIP6_Guajira/CMCC-ESM2_ssp126_uas_day_r1i1p1f1_guajira.nc,CMCC-ESM2,CMCC,ScenarioMIP,ssp126,uas,day,r1i1p1f1,gn,20210126,gs://cmip6/CMIP6/ScenarioMIP/CMCC/CMCC-ESM2/ssp126/r1i1p1f1/day/uas/gn/v20210126/,"CMIP6 model data produced by CMCC is licensed under a Creative Commons Attribution ShareAlike 4.0 International License (https://creativecommons.org/licenses). Consult https://pcmdi.llnl.gov/CMIP6/TermsOfUse for terms of use governing CMIP6 output, including citation requirements and proper acknowledgment. Further information about this data, including some limitations, can be found via the further_info_url (recorded as a global attribute in this file) and at https:///pcmdi.llnl.gov/. The data producers and data providers make no warranty, either express or implied, including, but not limited to, warranties of merchantability and fitness for a particular purpose. All liabilities arising from the supply of the information (including any liability arising in negligence) are excluded to the fullest extent permitted by law."
CMIP6_Guajira/CMCC-ESM2_ssp126_vas_day_r1i1p1f1_guajira.nc,CMCC-ESM2,CMCC,ScenarioMIP,ssp126,vas,day,r1i1p1f1,gn,20210126,gs://cmip6/CMIP6/ScenarioMIP/CMCC/CMCC-ESM2/ssp126/r1i1p1f1/day/vas/gn/v20210126/,"CMIP6 model data produced by CMCC is licensed under a Creative Commons Attribution ShareAlike 4.0 International License (https://creativecommons.org/licenses). Consult https://pcmdi.llnl.gov/CMIP6/TermsOfUse for terms of use governing CMIP6 output, including citation requirements and proper acknowledgment. Further information about this data, including some limitations, can be found via the further_info_url (recorded as a global attribute in this file) and at https:///pcmdi.llnl.gov/. The data producers and data providers make no warranty, either express or implied, including, but not limited to, warranties of merchantability and fitness for a particular purpose. All liabilities arising from the supply of the information (including any liability arising in negligence) are excluded to the fullest extent permitted by law."
CMIP6_Guajira/CMCC-ESM2_ssp245_ps_Amon_r1i1p1f1_guajira.nc,CMCC-ESM2,CMCC,ScenarioMIP,ssp245,ps,Amon,r1i1p1f1,gn,20210129,gs://cmip6/CMIP6/ScenarioMIP/CMCC/CMCC-ESM2/ssp245/r1i1p1f1/Amon/ps/gn/v20210129/,"CMIP6 model data produced by CMCC is licensed under a Creative Commons Attribution ShareAlike 4.0 International License (https://creativecommons.org/licenses). Consult https://pcmdi.llnl.gov/CMIP6/TermsOfUse for terms of use governing CMIP6 output, including citation requirements and proper acknowledgment. Further information about this data, including some limitations, can be found via the further_info_url (recorded as a global attribute in this file) and at https:///pcmdi.llnl.gov/. The data producers and data providers make no warranty, either express or implied, including, but not limited to, warranties of merchantability and fitness for a particular purpose. All liabilities arising from the supply of the information (including any liability arising in negligence) are excluded to the fullest extent permitted by law."
CMIP6_Guajira/CMCC-ESM2_ssp245_sfcWind_day_r1i1p1f1_guajira.nc,CMCC-ESM2,CMCC,ScenarioMIP,ssp245,sfcWind,day,r1i1p1f1,gn,20210129,gs://cmip6/CMIP6/ScenarioMIP/CMCC/CMCC-ESM2/ssp245/r1i1p1f1/day/sfcWind/gn/v20210129/,"CMIP6 model data produced by CMCC is licensed under a Creative Commons Attribution ShareAlike 4.0 International License (https://creativecommons.org/licenses). Consult https://pcmdi.llnl.gov/CMIP6/TermsOfUse for terms of use governing CMIP6 output, including citation requirements and proper acknowledgment. Further information about this data, including some limitations, can be found via the further_info_url (recorded as a global attribute in this file) and at https:///pcmdi.llnl.gov/. The data producers and data providers make no warranty, either express or implied, including, but not limited to, warranties of merchantability and fitness for a particular purpose. All liabilities arising from the supply of the information (including any liability arising in negligence) are excluded to the fullest extent permitted by law."
CMIP6_Guajira/CMCC-ESM2_ssp245_tas_day_r1i1p1f1_guajira.nc,CMCC-ESM2,CMCC,ScenarioMIP,ssp245,tas,day,r1i1p1f1,gn,20210129,gs://cmip6/CMIP6/ScenarioMIP/CMCC/CMCC-ESM2/ssp245/r1i1p1f1/day/tas/gn/v20210129/,"CMIP6 model data produced by CMCC is licensed under a Creative Commons Attribution ShareAlike 4.0 International License (https://creativecommons.org/licenses). Consult https://pcmdi.llnl.gov/CMIP6/TermsOfUse for terms of use governing CMIP6 output, including citation requirements and proper acknowledgment. Further information about this data, including some limitations, can be found via the further_info_url (recorded as a global attribute in this file) and at https:///pcmdi.llnl.gov/. The data producers and data providers make no warranty, either express or implied, including, but not limited to, warranties of merchantability and fitness for a particular purpose. All liabilities arising from the supply of the information (including any liability arising in negligence) are excluded to the fullest extent permitted by law."
CMIP6_Guajira/CMCC-ESM2_ssp245_uas_day_r1i1p1f1_guajira.nc,CMCC-ESM2,CMCC,ScenarioMIP,ssp245,uas,day,r1i1p1f1,gn,20210129,gs://cmip6/CMIP6/ScenarioMIP/CMCC/CMCC-ESM2/ssp245/r1i1p1f1/day/uas/gn/v20210129/,"CMIP6 model data produced by CMCC is licensed under a Creative Commons Attribution ShareAlike 4.0 International License (https://creativecommons.org/licenses). Consult https://pcmdi.llnl.gov/CMIP6/TermsOfUse for terms of use governing CMIP6 output, including citation requirements and proper acknowledgment. Further information about this data, including some limitations, can be found via the further_info_url (recorded as a global attribute in this file) and at https:///pcmdi.llnl.gov/. The data producers and data providers make no warranty, either express or implied, including, but not limited to, warranties of merchantability and fitness for a particular purpose. All liabilities arising from the supply of the information (including any liability arising in negligence) are excluded to the fullest extent permitted by law."
CMIP6_Guajira/CMCC-ESM2_ssp245_vas_day_r1i1p1f1_guajira.nc,CMCC-ESM2,CMCC,ScenarioMIP,ssp245,vas,day,r1i1p1f1,gn,20210129,gs://cmip6/CMIP6/ScenarioMIP/CMCC/CMCC-ESM2/ssp245/r1i1p1f1/day/vas/gn/v20210129/,"CMIP6 model data produced by CMCC is licensed under a Creative Commons Attribution ShareAlike 4.0 International License (https://creativecommons.org/licenses). Consult https://pcmdi.llnl.gov/CMIP6/TermsOfUse for terms of use governing CMIP6 output, including citation requirements and proper acknowledgment. Further information about this data, including some limitations, can be found via the further_info_url (recorded as a global attribute in this file) and at https:///pcmdi.llnl.gov/. The data producers and data providers make no warranty, either express or implied, including, but not limited to, warranties of merchantability and fitness for a particular purpose. All liabilities arising from the supply of the information (including any liability arising in negligence) are excluded to the fullest extent permitted by law."
CMIP6_Guajira/CMCC-ESM2_ssp585_ps_Amon_r1i1p1f1_guajira.nc,CMCC-ESM2,CMCC,ScenarioMIP,ssp585,ps,Amon,r1i1p1f1,gn,20210126,gs://cmip6/CMIP6/ScenarioMIP/CMCC/CMCC-ESM2/ssp585/r1i1p1f1/Amon/ps/gn/v20210126/,"CMIP6 model data produced by CMCC is licensed under a Creative Commons Attribution ShareAlike 4.0 International License (https://creativecommons.org/licenses). Consult https://pcmdi.llnl.gov/CMIP6/TermsOfUse for terms of use governing CMIP6 output, including citation requirements and proper acknowledgment. Further information about this data, including some limitations, can be found via the further_info_url (recorded as a global attribute in this file) and at https:///pcmdi.llnl.gov/. The data producers and data providers make no warranty, either express or implied, including, but not limited to, warranties of merchantability and fitness for a particular purpose. All liabilities arising from the supply of the information (including any liability arising in negligence) are excluded to the fullest extent permitted by law."
CMIP6_Guajira/CMCC-ESM2_ssp585_sfcWind_day_r1i1p1f1_guajira.nc,CMCC-ESM2,CMCC,ScenarioMIP,ssp585,sfcWind,day,r1i1p1f1,gn,20210126,gs://cmip6/CMIP6/ScenarioMIP/CMCC/CMCC-ESM2/ssp585/r1i1p1f1/day/sfcWind/gn/v20210126/,"CMIP6 model data produced by CMCC is licensed under a Creative Commons Attribution ShareAlike 4.0 International License (https://creativecommons.org/licenses). Consult https://pcmdi.llnl.gov/CMIP6/TermsOfUse for terms of use governing CMIP6 output, including citation requirements and proper acknowledgment. Further information about this data, including some limitations, can be found via the further_info_url (recorded as a global attribute in this file) and at https:///pcmdi.llnl.gov/. The data producers and data providers make no warranty, either express or implied, including, but not limited to, warranties of merchantability and fitness for a particular purpose. All liabilities arising from the supply of the information (including any liability arising in negligence) are excluded to the fullest extent permitted by law."
CMIP6_Guajira/CMCC-ESM2_ssp585_tas_day_r1i1p1f1_guajira.nc,CMCC-ESM2,CMCC,ScenarioMIP,ssp585,tas,day,r1i1p1f1,gn,20210126,gs://cmip6/CMIP6/ScenarioMIP/CMCC/CMCC-ESM2/ssp585/r1i1p1f1/day/tas/gn/v20210126/,"CMIP6 model data produced by CMCC is licensed under a Creative Commons Attribution ShareAlike 4.0 International License (https://creativecommons.org/licenses). Consult https://pcmdi.llnl.gov/CMIP6/TermsOfUse for terms of use governing CMIP6 output, including citation requirements and proper acknowledgment. Further information about this data, including some limitations, can be found via the further_info_url (recorded as a global attribute in this file) and at https:///pcmdi.llnl.gov/. The data producers and data providers make no warranty, either express or implied, including, but not limited to, warranties of merchantability and fitness for a particular purpose. All liabilities arising from the supply of the information (including any liability arising in negligence) are excluded to the fullest extent permitted by law."
CMIP6_Guajira/CMCC-ESM2_ssp585_uas_day_r1i1p1f1_guajira.nc,CMCC-ESM2,CMCC,ScenarioMIP,ssp585,uas,day,r1i1p1f1,gn,20210126,gs://cmip6/CMIP6/ScenarioMIP/CMCC/CMCC-ESM2/ssp585/r1i1p1f1/day/uas/gn/v20210126/,"CMIP6 model data produced by CMCC is licensed under a Creative Commons Attribution ShareAlike 4.0 International License (https://creativecommons.org/licenses). Consult https://pcmdi.llnl.gov/CMIP6/TermsOfUse for terms of use governing CMIP6 output, including citation requirements and proper acknowledgment. Further information about this data, including some limitations, can be found via the further_info_url (recorded as a global attribute in this file) and at https:///pcmdi.llnl.gov/. The data producers and data providers make no warranty, either express or implied, including, but not limited to, warranties of merchantability and fitness for a particular purpose. All liabilities arising from the supply of the information (including any liability arising in negligence) are excluded to the fullest extent permitted by law."
CMIP6_Guajira/CMCC-ESM2_ssp585_vas_day_r1i1p1f1_guajira.nc,CMCC-ESM2,CMCC,ScenarioMIP,ssp585,vas,day,r1i1p1f1,gn,20210126,gs://cmip6/CMIP6/ScenarioMIP/CMCC/CMCC-ESM2/ssp585/r1i1p1f1/day/vas/gn/v20210126/,"CMIP6 model data produced by CMCC is licensed under a Creative Commons Attribution ShareAlike 4.0 International License (https://creativecommons.org/licenses). Consult https://pcmdi.llnl.gov/CMIP6/TermsOfUse for terms of use governing CMIP6 output, including citation requirements and proper acknowledgment. Further information about this data, including some limitations, can be found via the further_info_url (recorded as a global attribute in this file) and at https:///pcmdi.llnl.gov/. The data producers and data providers make no warranty, either express or implied, including, but not limited to, warranties of merchantability and fitness for a particular purpose. All liabilities arising from the supply of the information (including any liability arising in negligence) are excluded to the fullest extent permitted by law."
CMIP6_Guajira/EC-Earth3_historical_ps_Amon_r1i1p1f1_guajira.nc,EC-Earth3,EC-Earth-Consortium,CMIP,historical,ps,Amon,r1i1p1f1,gr,20200310,gs://cmip6/CMIP6/CMIP/EC-Earth-Consortium/EC-Earth3/historical/r1i1p1f1/Amon/ps/gr/v20200310/,"CMIP6 model data produced by EC-Earth-Consortium is licensed under a Creative Commons Attribution-ShareAlike 4.0 International License (https://creativecommons.org/licenses). Consult https://pcmdi.llnl.gov/CMIP6/TermsOfUse for terms of use governing CMIP6 output, including citation requirements and proper acknowledgment. Further information about this data, including some limitations, can be found via the further_info_url (recorded as a global attribute in this file) and at http://www.ec-earth.org. The data producers and data providers make no warranty, either express or implied, including, but not limited to, warranties of merchantability and fitness for a particular purpose. All liabilities arising from the supply of the information (including any liability arising in negligence) are excluded to the fullest extent permitted by law."
CMIP6_Guajira/EC-Earth3_historical_sfcWind_day_r1i1p1f1_guajira.nc,EC-Earth3,EC-Earth-Consortium,CMIP,historical,sfcWind,day,r1i1p1f1,gr,20200310,gs://cmip6/CMIP6/CMIP/EC-Earth-Consortium/EC-Earth3/historical/r1i1p1f1/day/sfcWind/gr/v20200310/,"CMIP6 model data produced by EC-Earth-Consortium is licensed under a Creative Commons Attribution-ShareAlike 4.0 International License (https://creativecommons.org/licenses). Consult https://pcmdi.llnl.gov/CMIP6/TermsOfUse for terms of use governing CMIP6 output, including citation requirements and proper acknowledgment. Further information about this data, including some limitations, can be found via the further_info_url (recorded as a global attribute in this file) and at http://www.ec-earth.org. The data producers and data providers make no warranty, either express or implied, including, but not limited to, warranties of merchantability and fitness for a particular purpose. All liabilities arising from the supply of the information (including any liability arising in negligence) are excluded to the fullest extent permitted by law."
CMIP6_Guajira/EC-Earth3_historical_tas_day_r1i1p1f1_guajira.nc,EC-Earth3,EC-Earth-Consortium,CMIP,historical,tas,day,r1i1p1f1,gr,20200310,gs://cmip6/CMIP6/CMIP/EC-Earth-Consortium/EC-Earth3/historical/r1i1p1f1/day/tas/gr/v20200310/,"CMIP6 model data produced by EC-Earth-Consortium is licensed under a Creative Commons Attribution-ShareAlike 4.0 International License (https://creativecommons.org/licenses). Consult https://pcmdi.llnl.gov/CMIP6/TermsOfUse for terms of use governing CMIP6 output, including citation requirements and proper acknowledgment. Further information about this data, including some limitations, can be found via the further_info_url (recorded as a global attribute in this file) and at http://www.ec-earth.org. The data producers and data providers make no warranty, either express or implied, including, but not limited to, warranties of merchantability and fitness for a particular purpose. All liabilities arising from the supply of the information (including any liability arising in negligence) are excluded to the fullest extent permitted by law."
CMIP6_Guajira/EC-Earth3_historical_uas_day_r1i1p1f1_guajira.nc,EC-Earth3,EC-Earth-Consortium,CMIP,historical,uas,day,r1i1p1f1,gr,20200310,gs://cmip6/CMIP6/CMIP/EC-Earth-Consortium/EC-Earth3/historical/r1i1p1f1/day/uas/gr/v20200310/,"CMIP6 model data produced by EC-Earth-Consortium is licensed under a Creative Commons Attribution-ShareAlike 4.0 International License (https://creativecommons.org/licenses). Consult https://pcmdi.llnl.gov/CMIP6/TermsOfUse for terms of use governing CMIP6 output, including citation requirements and proper acknowledgment. Further information about this data, including some limitations, can be found via the further_info_url (recorded as a global attribute in this file) and at http://www.ec-earth.org. The data producers and data providers make no warranty, either express or implied, including, but not limited to, warranties of merchantability and fitness for a particular purpose. All liabilities arising from the supply of the information (including any liability arising in negligence) are excluded to the fullest extent permitted by law."
CMIP6_Guajira/EC-Earth3_historical_vas_day_r1i1p1f1_guajira.nc,EC-Earth3,EC-Earth-Consortium,CMIP,historical,vas,day,r1i1p1f1,gr,20200310,gs://cmip6/CMIP6/CMIP/EC-Earth-Consortium/EC-Earth3/historical/r1i1p1f1/day/vas/gr/v20200310/,"CMIP6 model data produced by EC-Earth-Consortium is licensed under a Creative Commons Attribution-ShareAlike 4.0 International License (https://creativecommons.org/licenses). Consult https://pcmdi.llnl.gov/CMIP6/TermsOfUse for terms of use governing CMIP6 output, including citation requirements and proper acknowledgment. Further information about this data, including some limitations, can be found via the further_info_url (recorded as a global attribute in this file) and at http://www.ec-earth.org. The data producers and data providers make no warranty, either express or implied, including, but not limited to, warranties of merchantability and fitness for a particular purpose. All liabilities arising from the supply of the information (including any liability arising in negligence) are excluded to the fullest extent permitted by law."
CMIP6_Guajira/EC-Earth3_ssp126_ps_Amon_r1i1p1f1_guajira.nc,EC-Earth3,EC-Earth-Consortium,ScenarioMIP,ssp126,ps,Amon,r1i1p1f1,gr,20200310,gs://cmip6/CMIP6/ScenarioMIP/EC-Earth-Consortium/EC-Earth3/ssp126/r1i1p1f1/Amon/ps/gr/v20200310/,"CMIP6 model data produced by EC-Earth-Consortium is licensed under a Creative Commons Attribution-ShareAlike 4.0 International License (https://creativecommons.org/licenses). Consult https://pcmdi.llnl.gov/CMIP6/TermsOfUse for terms of use governing CMIP6 output, including citation requirements and proper acknowledgment. Further information about this data, including some limitations, can be found via the further_info_url (recorded as a global attribute in this file) and at http://www.ec-earth.org. The data producers and data providers make no warranty, either express or implied, including, but not limited to, warranties of merchantability and fitness for a particular purpose. All liabilities arising from the supply of the information (including any liability arising in negligence) are excluded to the fullest extent permitted by law."
CMIP6_Guajira/EC-Earth3_ssp126_sfcWind_day_r1i1p1f1_guajira.nc,EC-Earth3,EC-Earth-Consortium,ScenarioMIP,ssp126,sfcWind,day,r1i1p1f1,gr,20200310,gs://cmip6/CMIP6/ScenarioMIP/EC-Earth-Consortium/EC-Earth3/ssp126/r1i1p1f1/day/sfcWind/gr/v20200310/,"CMIP6 model data produced by EC-Earth-Consortium is licensed under a Creative Commons Attribution-ShareAlike 4.0 International License (https://creativecommons.org/licenses). Consult https://pcmdi.llnl.gov/CMIP6/TermsOfUse for terms of use governing CMIP6 output, including citation requirements and proper acknowledgment. Further information about this data, including some limitations, can be found via the further_info_url (recorded as a global attribute in this file) and at http://www.ec-earth.org. The data producers and data providers make no warranty, either express or implied, including, but not limited to, warranties of merchantability and fitness for a particular purpose. All liabilities arising from the supply of the information (including any liability arising in negligence) are excluded to the fullest extent permitted by law."
CMIP6_Guajira/EC-Earth3_ssp126_tas_day_r1i1p1f1_guajira.nc,EC-Earth3,EC-Earth-Consortium,ScenarioMIP,ssp126,tas,day,r1i1p1f1,gr,20200310,gs://cmip6/CMIP6/ScenarioMIP/EC-Earth-Consortium/EC-Earth3/ssp126/r1i1p1f1/day/tas/gr/v20200310/,"CMIP6 model data produced by EC-Earth-Consortium is licensed under a Creative Commons Attribution-ShareAlike 4.0 International License (https://creativecommons.org/licenses). Consult https://pcmdi.llnl.gov/CMIP6/TermsOfUse for terms of use governing CMIP6 output, including citation requirements and proper acknowledgment. Further information about this data, including some limitations, can be found via the further_info_url (recorded as a global attribute in this file) and at http://www.ec-earth.org. The data producers and data providers make no warranty, either express or implied, including, but not limited to, warranties of merchantability and fitness for a particular purpose. All liabilities arising from the supply of the information (including any liability arising in negligence) are excluded to the fullest extent permitted by law."
CMIP6_Guajira/EC-Earth3_ssp126_uas_day_r107i1p1f1_guajira.nc,EC-Earth3,EC-Earth-Consortium,ScenarioMIP,ssp126,uas,day,r107i1p1f1,gr,v20210615,gs://cmip6/CMIP6/ScenarioMIP/EC-Earth-Consortium/EC-Earth3/ssp126/r107i1p1f1/day/uas/gr/v20210615/,"CMIP6 model data produced by EC-Earth-Consortium is licensed under a Creative Commons Attribution-ShareAlike 4.0 International License (https://creativecommons.org/licenses). Consult https://pcmdi.llnl.gov/CMIP6/TermsOfUse for terms of use governing CMIP6 output, including citation requirements and proper acknowledgment. Further information about this data, including some limitations, can be found via the further_info_url (recorded as a global attribute in this file) and at http://www.ec-earth.org. The data producers and data providers make no warranty, either express or implied, including, but not limited to, warranties of merchantability and fitness for a particular purpose. All liabilities arising from the supply of the information (including any liability arising in negligence) are excluded to the fullest extent permitted by law."
CMIP6_Guajira/EC-Earth3_ssp126_vas_day_r1i1p1f1_guajira.nc,EC-Earth3,EC-Earth-Consortium,ScenarioMIP,ssp126,vas,day,r1i1p1f1,gr,20200310,gs://cmip6/CMIP6/ScenarioMIP/EC-Earth-Consortium/EC-Earth3/ssp126/r1i1p1f1/day/vas/gr/v20200310/,"CMIP6 model data produced by EC-Earth-Consortium is licensed under a Creative Commons Attribution-ShareAlike 4.0 International License (https://creativecommons.org/licenses). Consult https://pcmdi.llnl.gov/CMIP6/TermsOfUse for terms of use governing CMIP6 output, including citation requirements and proper acknowledgment. Further information about this data, including some limitations, can be found via the further_info_url (recorded as a global attribute in this file) and at http://www.ec-earth.org. The data producers and data providers make no warranty, either express or implied, including, but not limited to, warranties of merchantability and fitness for a particular purpose. All liabilities arising from the supply of the information (including any liability arising in negligence) are excluded to the fullest extent permitted by law."
CMIP6_Guajira/EC-Earth3_ssp245_ps_Amon_r1i1p1f1_guajira.nc,EC-Earth3,EC-Earth-Consortium,ScenarioMIP,ssp245,ps,Amon,r1i1p1f1,gr,20200310,gs://cmip6/CMIP6/ScenarioMIP/EC-Earth-Consortium/EC-Earth3/ssp245/r1i1p1f1/Amon/ps/gr/v20200310/,"CMIP6 model data produced by EC-Earth-Consortium is licensed under a Creative Commons Attribution-ShareAlike 4.0 International License (https://creativecommons.org/licenses). Consult https://pcmdi.llnl.gov/CMIP6/TermsOfUse for terms of use governing CMIP6 output, including citation requirements and proper acknowledgment. Further information about this data, including some limitations, can be found via the further_info_url (recorded as a global attribute in this file) and at http://www.ec-earth.org. The data producers and data providers make no warranty, either express or implied, including, but not limited to, warranties of merchantability and fitness for a particular purpose. All liabilities arising from the supply of the information (including any liability arising in negligence) are excluded to the fullest extent permitted by law."
CMIP6_Guajira/EC-Earth3_ssp245_sfcWind_day_r1i1p1f1_guajira.nc,EC-Earth3,EC-Earth-Consortium,ScenarioMIP,ssp245,sfcWind,day,r1i1p1f1,gr,20200310,gs://cmip6/CMIP6/ScenarioMIP/EC-Earth-Consortium/EC-Earth3/ssp245/r1i1p1f1/day/sfcWind/gr/v20200310/,"CMIP6 model data produced by EC-Earth-Consortium is licensed under a Creative Commons Attribution-ShareAlike 4.0 International License (https://creativecommons.org/licenses). Consult https://pcmdi.llnl.gov/CMIP6/TermsOfUse for terms of use governing CMIP6 output, including citation requirements and proper acknowledgment. Further information about this data, including some limitations, can be found via the further_info_url (recorded as a global attribute in this file) and at http://www.ec-earth.org. The data producers and data providers make no warranty, either express or implied, including, but not limited to, warranties of merchantability and fitness for a particular purpose. All liabilities arising from the supply of the information (including any liability arising in negligence) are excluded to the fullest extent permitted by law."
CMIP6_Guajira/EC-Earth3_ssp245_tas_day_r1i1p1f1_guajira.nc,EC-Earth3,EC-Earth-Consortium,ScenarioMIP,ssp245,tas,day,r1i1p1f1,gr,20200310,gs://cmip6/CMIP6/ScenarioMIP/EC-Earth-Consortium/EC-Earth3/ssp245/r1i1p1f1/day/tas/gr/v20200310/,"CMIP6 model data produced by EC-Earth-Consortium is licensed under a Creative Commons Attribution-ShareAlike 4.0 International License (https://creativecommons.org/licenses). Consult https://pcmdi.llnl.gov/CMIP6/TermsOfUse for terms of use governing CMIP6 output, including citation requirements and proper acknowledgment. Further information about this data, including some limitations, can be found via the further_info_url (recorded as a global attribute in this file) and at http://www.ec-earth.org. The data producers and data providers make no warranty, either express or implied, including, but not limited to, warranties of merchantability and fitness for a particular purpose. All liabilities arising from the supply of the information (including any liability arising in negligence) are excluded to the fullest extent permitted by law."
CMIP6_Guajira/EC-Earth3_ssp245_uas_day_r1i1p1f1_guajira.nc,EC-Earth3,EC-Earth-Consortium,ScenarioMIP,ssp245,uas,day,r1i1p1f1,gr,20200310,gs://cmip6/CMIP6/ScenarioMIP/EC-Earth-Consortium/EC-Earth3/ssp245/r1i1p1f1/day/uas/gr/v20200310/,"CMIP6 model data produced by EC-Earth-Consortium is licensed under a Creative Commons Attribution-ShareAlike 4.0 International License (https://creativecommons.org/licenses). Consult https://pcmdi.llnl.gov/CMIP6/TermsOfUse for terms of use governing CMIP6 output, including citation requirements and proper acknowledgment. Further information about this data, including some limitations, can be found via the further_info_url (recorded as a global attribute in this file) and at http://www.ec-earth.org. The data producers and data providers make no warranty, either express or implied, including, but not limited to, warranties of merchantability and fitness for a particular purpose. All liabilities arising from the supply of the information (including any liability arising in negligence) are excluded to the fullest extent permitted by law."
CMIP6_Guajira/EC-Earth3_ssp245_vas_day_r1i1p1f1_guajira.nc,EC-Earth3,EC-Earth-Consortium,ScenarioMIP,ssp245,vas,day,r1i1p1f1,gr,20200310,gs://cmip6/CMIP6/ScenarioMIP/EC-Earth-Consortium/EC-Earth3/ssp245/r1i1p1f1/day/vas/gr/v20200310/,"CMIP6 model data produced by EC-Earth-Consortium is licensed under a Creative Commons Attribution-ShareAlike 4.0 International License (https://creativecommons.org/licenses). Consult https://pcmdi.llnl.gov/CMIP6/TermsOfUse for terms of use governing CMIP6 output, including citation requirements and proper acknowledgment. Further information about this data, including some limitations, can be found via the further_info_url (recorded as a global attribute in this file) and at http://www.ec-earth.org. The data producers and data providers make no warranty, either express or implied, including, but not limited to, warranties of merchantability and fitness for a particular purpose. All liabilities arising from the supply of the information (including any liability arising in negligence) are excluded to the fullest extent permitted by law."
CMIP6_Guajira/EC-Earth3_ssp585_ps_Amon_r1i1p1f1_guajira.nc,EC-Earth3,EC-Earth-Consortium,ScenarioMIP,ssp585,ps,Amon,r1i1p1f1,gr,20200310,gs://cmip6/CMIP6/ScenarioMIP/EC-Earth-Consortium/EC-Earth3/ssp585/r1i1p1f1/Amon/ps/gr/v20200310/,"CMIP6 model data produced by EC-Earth-Consortium is licensed under a Creative Commons Attribution-ShareAlike 4.0 International License (https://creativecommons.org/licenses). Consult https://pcmdi.llnl.gov/CMIP6/TermsOfUse for terms of use governing CMIP6 output, including citation requirements and proper acknowledgment. Further information about this data, including some limitations, can be found via the further_info_url (recorded as a global attribute in this file) and at http://www.ec-earth.org. The data producers and data providers make no warranty, either express or implied, including, but not limited to, warranties of merchantability and fitness for a particular purpose. All liabilities arising from the supply of the information (including any liability arising in negligence) are excluded to the fullest extent permitted by law."
CMIP6_Guajira/EC-Earth3_ssp585_sfcWind_day_r1i1p1f1_guajira.nc,EC-Earth3,EC-Earth-Consortium,ScenarioMIP,ssp585,sfcWind,day,r1i1p1f1,gr,20200310,gs://cmip6/CMIP6/ScenarioMIP/EC-Earth-Consortium/EC-Earth3/ssp585/r1i1p1f1/day/sfcWind/gr/v20200310/,"CMIP6 model data produced by EC-Earth-Consortium is licensed under a Creative Commons Attribution-ShareAlike 4.0 International License (https://creativecommons.org/licenses). Consult https://pcmdi.llnl.gov/CMIP6/TermsOfUse for terms of use governing CMIP6 output, including citation requirements and proper acknowledgment. Further information about this data, including some limitations, can be found via the further_info_url (recorded as a global attribute in this file) and at http://www.ec-earth.org. The data producers and data providers make no warranty, either express or implied, including, but not limited to, warranties of merchantability and fitness for a particular purpose. All liabilities arising from the supply of the information (including any liability arising in negligence) are excluded to the fullest extent permitted by law."
CMIP6_Guajira/EC-Earth3_ssp585_tas_day_r1i1p1f1_guajira.nc,EC-Earth3,EC-Earth-Consortium,ScenarioMIP,ssp585,tas,day,r1i1p1f1,gr,20200310,gs://cmip6/CMIP6/ScenarioMIP/EC-Earth-Consortium/EC-Earth3/ssp585/r1i1p1f1/day/tas/gr/v20200310/,"CMIP6 model data produced by EC-Earth-Consortium is licensed under a Creative Commons Attribution-ShareAlike 4.0 International License (https://creativecommons.org/licenses). Consult https://pcmdi.llnl.gov/CMIP6/TermsOfUse for terms of use governing CMIP6 output, including citation requirements and proper acknowledgment. Further information about this data, including some limitations, can be found via the further_info_url (recorded as a global attribute in this file) and at http://www.ec-earth.org. The data producers and data providers make no warranty, either express or implied, including, but not limited to, warranties of merchantability and fitness for a particular purpose. All liabilities arising from the supply of the information (including any liability arising in negligence) are excluded to the fullest extent permitted by law."
CMIP6_Guajira/EC-Earth3_ssp585_uas_day_r1i1p1f1_guajira.nc,EC-Earth3,EC-Earth-Consortium,ScenarioMIP,ssp585,uas,day,r1i1p1f1,gr,20200310,gs://cmip6/CMIP6/ScenarioMIP/EC-Earth-Consortium/EC-Earth3/ssp585/r1i1p1f1/day/uas/gr/v20200310/,"CMIP6 model data produced by EC-Earth-Consortium is licensed under a Creative Commons Attribution-ShareAlike 4.0 International License (https://creativecommons.org/licenses). Consult https://pcmdi.llnl.gov/CMIP6/TermsOfUse for terms of use governing CMIP6 output, including citation requirements and proper acknowledgment. Further information about this data, including some limitations, can be found via the further_info_url (recorded as a global attribute in this file) and at http://www.ec-earth.org. The data producers and data providers make no warranty, either express or implied, including, but not limited to, warranties of merchantability and fitness for a particular purpose. All liabilities arising from the supply of the information (including any liability arising in negligence) are excluded to the fullest extent permitted by law."
CMIP6_Guajira/EC-Earth3_ssp585_vas_day_r1i1p1f1_guajira.nc,EC-Earth3,EC-Earth-Consortium,ScenarioMIP,ssp585,vas,day,r1i1p1f1,gr,20200310,gs://cmip6/CMIP6/ScenarioMIP/EC-Earth-Consortium/EC-Earth3/ssp585/r1i1p1f1/day/vas/gr/v20200310/,"CMIP6 model data produced by EC-Earth-Consortium is licensed under a Creative Commons Attribution-ShareAlike 4.0 International License (https://creativecommons.org/licenses). Consult https://pcmdi.llnl.gov/CMIP6/TermsOfUse for terms of use governing CMIP6 output, including citation requirements and proper acknowledgment. Further information about this data, including some limitations, can be found via the further_info_url (recorded as a global attribute in this file) and at http://www.ec-earth.org. The data producers and data providers make no warranty, either express or implied, including, but not limited to, warranties of merchantability and fitness for a particular purpose. All liabilities arising from the supply of the information (including any liability arising in negligence) are excluded to the fullest extent permitted by law."
CMIP6_Guajira/IPSL-CM6A-LR_historical_ps_Amon_r1i1p1f1_guajira.nc,IPSL-CM6A-LR,IPSL,CMIP,historical,ps,Amon,r1i1p1f1,gr,20180803,gs://cmip6/CMIP6/CMIP/IPSL/IPSL-CM6A-LR/historical/r1i1p1f1/Amon/ps/gr/v20180803/,"CMIP6 model data produced by IPSL is licensed under a Creative Commons Attribution-NonCommercial-ShareAlike 4.0 International License (https://creativecommons.org/licenses). Consult https://pcmdi.llnl.gov/CMIP6/TermsOfUse for terms of use governing CMIP6 output, including citation requirements and proper acknowledgment. Further information about this data, including some limitations, can be found via the further_info_url (recorded as a global attribute in this file) and at https://cmc.ipsl.fr/. The data producers and data providers make no warranty, either express or implied, including, but not limited to, warranties of merchantability and fitness for a particular purpose. All liabilities arising from the supply of the information (including any liability arising in negligence) are excluded to the fullest extent permitted by law."
CMIP6_Guajira/IPSL-CM6A-LR_historical_sfcWind_day_r1i1p1f1_guajira.nc,IPSL-CM6A-LR,IPSL,CMIP,historical,sfcWind,day,r1i1p1f1,gr,20180803,gs://cmip6/CMIP6/CMIP/IPSL/IPSL-CM6A-LR/historical/r1i1p1f1/day/sfcWind/gr/v20180803/,"CMIP6 model data produced by IPSL is licensed under a Creative Commons Attribution-NonCommercial-ShareAlike 4.0 International License (https://creativecommons.org/licenses). Consult https://pcmdi.llnl.gov/CMIP6/TermsOfUse for terms of use governing CMIP6 output, including citation requirements and proper acknowledgment. Further information about this data, including some limitations, can be found via the further_info_url (recorded as a global attribute in this file) and at https://cmc.ipsl.fr/. The data producers and data providers make no warranty, either express or implied, including, but not limited to, warranties of merchantability and fitness for a particular purpose. All liabilities arising from the supply of the information (including any liability arising in negligence) are excluded to the fullest extent permitted by law."
CMIP6_Guajira/IPSL-CM6A-LR_historical_tas_day_r1i1p1f1_guajira.nc,IPSL-CM6A-LR,IPSL,CMIP,historical,tas,day,r1i1p1f1,gr,20190614,gs://cmip6/CMIP6/CMIP/IPSL/IPSL-CM6A-LR/historical/r1i1p1f1/day/tas/gr/v20190614/,"CMIP6 model data produced by IPSL is licensed under a Creative Commons Attribution-NonCommercial-ShareAlike 4.0 International License (https://creativecommons.org/licenses). Consult https://pcmdi.llnl.gov/CMIP6/TermsOfUse for terms of use governing CMIP6 output, including citation requirements and proper acknowledgment. Further information about this data, including some limitations, can be found via the further_info_url (recorded as a global attribute in this file) and at https://cmc.ipsl.fr/. The data producers and data providers make no warranty, either express or implied, including, but not limited to, warranties of merchantability and fitness for a particular purpose. All liabilities arising from the supply of the information (including any liability arising in negligence) are excluded to the fullest extent permitted by law."
CMIP6_Guajira/IPSL-CM6A-LR_historical_uas_day_r1i1p1f1_guajira.nc,IPSL-CM6A-LR,IPSL,CMIP,historical,uas,day,r1i1p1f1,gr,20180803,gs://cmip6/CMIP6/CMIP/IPSL/IPSL-CM6A-LR/historical/r1i1p1f1/day/uas/gr/v20180803/,"CMIP6 model data produced by IPSL is licensed under a Creative Commons Attribution-NonCommercial-ShareAlike 4.0 International License (https://creativecommons.org/licenses). Consult https://pcmdi.llnl.gov/CMIP6/TermsOfUse for terms of use governing CMIP6 output, including citation requirements and proper acknowledgment. Further information about this data, including some limitations, can be found via the further_info_url (recorded as a global attribute in this file) and at https://cmc.ipsl.fr/. The data producers and data providers make no warranty, either express or implied, including, but not limited to, warranties of merchantability and fitness for a particular purpose. All liabilities arising from the supply of the information (including any liability arising in negligence) are excluded to the fullest extent permitted by law."
CMIP6_Guajira/IPSL-CM6A-LR_historical_vas_day_r1i1p1f1_guajira.nc,IPSL-CM6A-LR,IPSL,CMIP,historical,vas,day,r1i1p1f1,gr,20180803,gs://cmip6/CMIP6/CMIP/IPSL/IPSL-CM6A-LR/historical/r1i1p1f1/day/vas/gr/v20180803/,"CMIP6 model data produced by IPSL is licensed under a Creative Commons Attribution-NonCommercial-ShareAlike 4.0 International License (https://creativecommons.org/licenses). Consult https://pcmdi.llnl.gov/CMIP6/TermsOfUse for terms of use governing CMIP6 output, including citation requirements and proper acknowledgment. Further information about this data, including some limitations, can be found via the further_info_url (recorded as a global attribute in this file) and at https://cmc.ipsl.fr/. The data producers and data providers make no warranty, either express or implied, including, but not limited to, warranties of merchantability and fitness for a particular purpose. All liabilities arising from the supply of the information (including any liability arising in negligence) are excluded to the fullest extent permitted by law."
CMIP6_Guajira/IPSL-CM6A-LR_ssp126_ps_Amon_r1i1p1f1_guajira.nc,IPSL-CM6A-LR,IPSL,ScenarioMIP,ssp126,ps,Amon,r1i1p1f1,gr,20190903,gs://cmip6/CMIP6/ScenarioMIP/IPSL/IPSL-CM6A-LR/ssp126/r1i1p1f1/Amon/ps/gr/v20190903/,"CMIP6 model data produced by IPSL is licensed under a Creative Commons Attribution-NonCommercial-ShareAlike 4.0 International License (https://creativecommons.org/licenses). Consult https://pcmdi.llnl.gov/CMIP6/TermsOfUse for terms of use governing CMIP6 output, including citation requirements and proper acknowledgment. Further information about this data, including some limitations, can be found via the further_info_url (recorded as a global attribute in this file) and at https://cmc.ipsl.fr/. The data producers and data providers make no warranty, either express or implied, including, but not limited to, warranties of merchantability and fitness for a particular purpose. All liabilities arising from the supply of the information (including any liability arising in negligence) are excluded to the fullest extent permitted by law."
CMIP6_Guajira/IPSL-CM6A-LR_ssp126_sfcWind_day_r1i1p1f1_guajira.nc,IPSL-CM6A-LR,IPSL,ScenarioMIP,ssp126,sfcWind,day,r1i1p1f1,gr,20190903,gs://cmip6/CMIP6/ScenarioMIP/IPSL/IPSL-CM6A-LR/ssp126/r1i1p1f1/day/sfcWind/gr/v20190903/,"CMIP6 model data produced by IPSL is licensed under a Creative Commons Attribution-NonCommercial-ShareAlike 4.0 International License (https://creativecommons.org/licenses). Consult https://pcmdi.llnl.gov/CMIP6/TermsOfUse for terms of use governing CMIP6 output, including citation requirements and proper acknowledgment. Further information about this data, including some limitations, can be found via the further_info_url (recorded as a global attribute in this file) and at https://cmc.ipsl.fr/. The data producers and data providers make no warranty, either express or implied, including, but not limited to, warranties of merchantability and fitness for a particular purpose. All liabilities arising from the supply of the information (including any liability arising in negligence) are excluded to the fullest extent permitted by law."
CMIP6_Guajira/IPSL-CM6A-LR_ssp126_tas_day_r1i1p1f1_guajira.nc,IPSL-CM6A-LR,IPSL,ScenarioMIP,ssp126,tas,day,r1i1p1f1,gr,20190903,gs://cmip6/CMIP6/ScenarioMIP/IPSL/IPSL-CM6A-LR/ssp126/r1i1p1f1/day/tas/gr/v20190903/,"CMIP6 model data produced by IPSL is licensed under a Creative Commons Attribution-NonCommercial-ShareAlike 4.0 International License (https://creativecommons.org/licenses). Consult https://pcmdi.llnl.gov/CMIP6/TermsOfUse for terms of use governing CMIP6 output, including citation requirements and proper acknowledgment. Further information about this data, including some limitations, can be found via the further_info_url (recorded as a global attribute in this file) and at https://cmc.ipsl.fr/. The data producers and data providers make no warranty, either express or implied, including, but not limited to, warranties of merchantability and fitness for a particular purpose. All liabilities arising from the supply of the information (including any liability arising in negligence) are excluded to the fullest extent permitted by law."
CMIP6_Guajira/IPSL-CM6A-LR_ssp126_uas_day_r1i1p1f1_guajira.nc,IPSL-CM6A-LR,IPSL,ScenarioMIP,ssp126,uas,day,r1i1p1f1,gr,20190903,gs://cmip6/CMIP6/ScenarioMIP/IPSL/IPSL-CM6A-LR/ssp126/r1i1p1f1/day/uas/gr/v20190903/,"CMIP6 model data produced by IPSL is licensed under a Creative Commons Attribution-NonCommercial-ShareAlike 4.0 International License (https://creativecommons.org/licenses). Consult https://pcmdi.llnl.gov/CMIP6/TermsOfUse for terms of use governing CMIP6 output, including citation requirements and proper acknowledgment. Further information about this data, including some limitations, can be found via the further_info_url (recorded as a global attribute in this file) and at https://cmc.ipsl.fr/. The data producers and data providers make no warranty, either express or implied, including, but not limited to, warranties of merchantability and fitness for a particular purpose. All liabilities arising from the supply of the information (including any liability arising in negligence) are excluded to the fullest extent permitted by law."
CMIP6_Guajira/IPSL-CM6A-LR_ssp126_vas_day_r1i1p1f1_guajira.nc,IPSL-CM6A-LR,IPSL,ScenarioMIP,ssp126,vas,day,r1i1p1f1,gr,20190903,gs://cmip6/CMIP6/ScenarioMIP/IPSL/IPSL-CM6A-LR/ssp126/r1i1p1f1/day/vas/gr/v20190903/,"CMIP6 model data produced by IPSL is licensed under a Creative Commons Attribution-NonCommercial-ShareAlike 4.0 International License (https://creativecommons.org/licenses). Consult https://pcmdi.llnl.gov/CMIP6/TermsOfUse for terms of use governing CMIP6 output, including citation requirements and proper acknowledgment. Further information about this data, including some limitations, can be found via the further_info_url (recorded as a global attribute in this file) and at https://cmc.ipsl.fr/. The data producers and data providers make no warranty, either express or implied, including, but not limited to, warranties of merchantability and fitness for a particular purpose. All liabilities arising from the supply of the information (including any liability arising in negligence) are excluded to the fullest extent permitted by law."
CMIP6_Guajira/IPSL-CM6A-LR_ssp245_ps_Amon_r1i1p1f1_guajira.nc,IPSL-CM6A-LR,IPSL,ScenarioMIP,ssp245,ps,Amon,r1i1p1f1,gr,20190119,gs://cmip6/CMIP6/ScenarioMIP/IPSL/IPSL-CM6A-LR/ssp245/r1i1p1f1/Amon/ps/gr/v20190119/,"CMIP6 model data produced by IPSL is licensed under a Creative Commons Attribution-NonCommercial-ShareAlike 4.0 International License (https://creativecommons.org/licenses). Consult https://pcmdi.llnl.gov/CMIP6/TermsOfUse for terms of use governing CMIP6 output, including citation requirements and proper acknowledgment. Further information about this data, including some limitations, can be found via the further_info_url (recorded as a global attribute in this file) and at https://cmc.ipsl.fr/. The data producers and data providers make no warranty, either express or implied, including, but not limited to, warranties of merchantability and fitness for a particular purpose. All liabilities arising from the supply of the information (including any liability arising in negligence) are excluded to the fullest extent permitted by law."
CMIP6_Guajira/IPSL-CM6A-LR_ssp245_sfcWind_day_r1i1p1f1_guajira.nc,IPSL-CM6A-LR,IPSL,ScenarioMIP,ssp245,sfcWind,day,r1i1p1f1,gr,20190119,gs://cmip6/CMIP6/ScenarioMIP/IPSL/IPSL-CM6A-LR/ssp245/r1i1p1f1/day/sfcWind/gr/v20190119/,"CMIP6 model data produced by IPSL is licensed under a Creative Commons Attribution-NonCommercial-ShareAlike 4.0 International License (https://creativecommons.org/licenses). Consult https://pcmdi.llnl.gov/CMIP6/TermsOfUse for terms of use governing CMIP6 output, including citation requirements and proper acknowledgment. Further information about this data, including some limitations, can be found via the further_info_url (recorded as a global attribute in this file) and at https://cmc.ipsl.fr/. The data producers and data providers make no warranty, either express or implied, including, but not limited to, warranties of merchantability and fitness for a particular purpose. All liabilities arising from the supply of the information (including any liability arising in negligence) are excluded to the fullest extent permitted by law."
CMIP6_Guajira/IPSL-CM6A-LR_ssp245_tas_day_r1i1p1f1_guajira.nc,IPSL-CM6A-LR,IPSL,ScenarioMIP,ssp245,tas,day,r1i1p1f1,gr,20190614,gs://cmip6/CMIP6/ScenarioMIP/IPSL/IPSL-CM6A-LR/ssp245/r1i1p1f1/day/tas/gr/v20190614/,"CMIP6 model data produced by IPSL is licensed under a Creative Commons Attribution-NonCommercial-ShareAlike 4.0 International License (https://creativecommons.org/licenses). Consult https://pcmdi.llnl.gov/CMIP6/TermsOfUse for terms of use governing CMIP6 output, including citation requirements and proper acknowledgment. Further information about this data, including some limitations, can be found via the further_info_url (recorded as a global attribute in this file) and at https://cmc.ipsl.fr/. The data producers and data providers make no warranty, either express or implied, including, but not limited to, warranties of merchantability and fitness for a particular purpose. All liabilities arising from the supply of the information (including any liability arising in negligence) are excluded to the fullest extent permitted by law."
CMIP6_Guajira/IPSL-CM6A-LR_ssp245_uas_day_r1i1p1f1_guajira.nc,IPSL-CM6A-LR,IPSL,ScenarioMIP,ssp245,uas,day,r1i1p1f1,gr,20190119,gs://cmip6/CMIP6/ScenarioMIP/IPSL/IPSL-CM6A-LR/ssp245/r1i1p1f1/day/uas/gr/v20190119/,"CMIP6 model data produced by IPSL is licensed under a Creative Commons Attribution-NonCommercial-ShareAlike 4.0 International License (https://creativecommons.org/licenses). Consult https://pcmdi.llnl.gov/CMIP6/TermsOfUse for terms of use governing CMIP6 output, including citation requirements and proper acknowledgment. Further information about this data, including some limitations, can be found via the further_info_url (recorded as a global attribute in this file) and at https://cmc.ipsl.fr/. The data producers and data providers make no warranty, either express or implied, including, but not limited to, warranties of merchantability and fitness for a particular purpose. All liabilities arising from the supply of the information (including any liability arising in negligence) are excluded to the fullest extent permitted by law."
CMIP6_Guajira/IPSL-CM6A-LR_ssp245_vas_day_r1i1p1f1_guajira.nc,IPSL-CM6A-LR,IPSL,ScenarioMIP,ssp245,vas,day,r1i1p1f1,gr,20190119,gs://cmip6/CMIP6/ScenarioMIP/IPSL/IPSL-CM6A-LR/ssp245/r1i1p1f1/day/vas/gr/v20190119/,"CMIP6 model data produced by IPSL is licensed under a Creative Commons Attribution-NonCommercial-ShareAlike 4.0 International License (https://creativecommons.org/licenses). Consult https://pcmdi.llnl.gov/CMIP6/TermsOfUse for terms of use governing CMIP6 output, including citation requirements and proper acknowledgment. Further information about this data, including some limitations, can be found via the further_info_url (recorded as a global attribute in this file) and at https://cmc.ipsl.fr/. The data producers and data providers make no warranty, either express or implied, including, but not limited to, warranties of merchantability and fitness for a particular purpose. All liabilities arising from the supply of the information (including any liability arising in negligence) are excluded to the fullest extent permitted by law."
CMIP6_Guajira/IPSL-CM6A-LR_ssp585_ps_Amon_r1i1p1f1_guajira.nc,IPSL-CM6A-LR,IPSL,ScenarioMIP,ssp585,ps,Amon,r1i1p1f1,gr,20190903,gs://cmip6/CMIP6/ScenarioMIP/IPSL/IPSL-CM6A-LR/ssp585/r1i1p1f1/Amon/ps/gr/v20190903/,"CMIP6 model data produced by IPSL is licensed under a Creative Commons Attribution-NonCommercial-ShareAlike 4.0 International License (https://creativecommons.org/licenses). Consult https://pcmdi.llnl.gov/CMIP6/TermsOfUse for terms of use governing CMIP6 output, including citation requirements and proper acknowledgment. Further information about this data, including some limitations, can be found via the further_info_url (recorded as a global attribute in this file) and at https://cmc.ipsl.fr/. The data producers and data providers make no warranty, either express or implied, including, but not limited to, warranties of merchantability and fitness for a particular purpose. All liabilities arising from the supply of the information (including any liability arising in negligence) are excluded to the fullest extent permitted by law."
CMIP6_Guajira/IPSL-CM6A-LR_ssp585_sfcWind_day_r1i1p1f1_guajira.nc,IPSL-CM6A-LR,IPSL,ScenarioMIP,ssp585,sfcWind,day,r1i1p1f1,gr,20190903,gs://cmip6/CMIP6/ScenarioMIP/IPSL/IPSL-CM6A-LR/ssp585/r1i1p1f1/day/sfcWind/gr/v20190903/,"CMIP6 model data produced by IPSL is licensed under a Creative Commons Attribution-NonCommercial-ShareAlike 4.0 International License (https://creativecommons.org/licenses). Consult https://pcmdi.llnl.gov/CMIP6/TermsOfUse for terms of use governing CMIP6 output, including citation requirements and proper acknowledgment. Further information about this data, including some limitations, can be found via the further_info_url (recorded as a global attribute in this file) and at https://cmc.ipsl.fr/. The data producers and data providers make no warranty, either express or implied, including, but not limited to, warranties of merchantability and fitness for a particular purpose. All liabilities arising from the supply of the information (including any liability arising in negligence) are excluded to the fullest extent permitted by law."
CMIP6_Guajira/IPSL-CM6A-LR_ssp585_tas_day_r1i1p1f1_guajira.nc,IPSL-CM6A-LR,IPSL,ScenarioMIP,ssp585,tas,day,r1i1p1f1,gr,20190903,gs://cmip6/CMIP6/ScenarioMIP/IPSL/IPSL-CM6A-LR/ssp585/r1i1p1f1/day/tas/gr/v20190903/,"CMIP6 model data produced by IPSL is licensed under a Creative Commons Attribution-NonCommercial-ShareAlike 4.0 International License (https://creativecommons.org/licenses). Consult https://pcmdi.llnl.gov/CMIP6/TermsOfUse for terms of use governing CMIP6 output, including citation requirements and proper acknowledgment. Further information about this data, including some limitations, can be found via the further_info_url (recorded as a global attribute in this file) and at https://cmc.ipsl.fr/. The data producers and data providers make no warranty, either express or implied, including, but not limited to, warranties of merchantability and fitness for a particular purpose. All liabilities arising from the supply of the information (including any liability arising in negligence) are excluded to the fullest extent permitted by law."
CMIP6_Guajira/IPSL-CM6A-LR_ssp585_uas_day_r1i1p1f1_guajira.nc,IPSL-CM6A-LR,IPSL,ScenarioMIP,ssp585,uas,day,r1i1p1f1,gr,20190903,gs://cmip6/CMIP6/ScenarioMIP/IPSL/IPSL-CM6A-LR/ssp585/r1i1p1f1/day/uas/gr/v20190903/,"CMIP6 model data produced by IPSL is licensed under a Creative Commons Attribution-NonCommercial-ShareAlike 4.0 International License (https://creativecommons.org/licenses). Consult https://pcmdi.llnl.gov/CMIP6/TermsOfUse for terms of use governing CMIP6 output, including citation requirements and proper acknowledgment. Further information about this data, including some limitations, can be found via the further_info_url (recorded as a global attribute in this file) and at https://cmc.ipsl.fr/. The data producers and data providers make no warranty, either express or implied, including, but not limited to, warranties of merchantability and fitness for a particular purpose. All liabilities arising from the supply of the information (including any liability arising in negligence) are excluded to the fullest extent permitted by law."
CMIP6_Guajira/IPSL-CM6A-LR_ssp585_vas_day_r1i1p1f1_guajira.nc,IPSL-CM6A-LR,IPSL,ScenarioMIP,ssp585,vas,day,r1i1p1f1,gr,20190903,gs://cmip6/CMIP6/ScenarioMIP/IPSL/IPSL-CM6A-LR/ssp585/r1i1p1f1/day/vas/gr/v20190903/,"CMIP6 model data produced by IPSL is licensed under a Creative Commons Attribution-NonCommercial-ShareAlike 4.0 International License (https://creativecommons.org/licenses). Consult https://pcmdi.llnl.gov/CMIP6/TermsOfUse for terms of use governing CMIP6 output, including citation requirements and proper acknowledgment. Further information about this data, including some limitations, can be found via the further_info_url (recorded as a global attribute in this file) and at https://cmc.ipsl.fr/. The data producers and data providers make no warranty, either express or implied, including, but not limited to, warranties of merchantability and fitness for a particular purpose. All liabilities arising from the supply of the information (including any liability arising in negligence) are excluded to the fullest extent permitted by law."
CMIP6_Guajira/MIROC6_historical_ps_Amon_r1i1p1f1_guajira.nc,MIROC6,MIROC,CMIP,historical,ps,Amon,r1i1p1f1,gn,20181212,gs://cmip6/CMIP6/CMIP/MIROC/MIROC6/historical/r1i1p1f1/Amon/ps/gn/v20181212/,"CMIP6 model data produced by MIROC is licensed under a Creative Commons Attribution ShareAlike 4.0 International License (https://creativecommons.org/licenses/). Consult https://pcmdi.llnl.gov/CMIP6/TermsOfUse for terms of use governing CMIP6 output, including citation requirements and proper acknowledgment. Further information about this data, including some limitations, can be found via the further_info_url (recorded as a global attribute in this file). The data producers and data providers make no warranty, either express or implied, including, but not limited to, warranties of merchantability and fitness for a particular purpose. All liabilities arising from the supply of the information (including any liability arising in negligence) are excluded to the fullest extent permitted by law."
CMIP6_Guajira/MIROC6_historical_sfcWind_day_r1i1p1f1_guajira.nc,MIROC6,MIROC,CMIP,historical,sfcWind,day,r1i1p1f1,gn,20200804,gs://cmip6/CMIP6/CMIP/MIROC/MIROC6/historical/r1i1p1f1/day/sfcWind/gn/v20200804/,"CMIP6 model data produced by MIROC is licensed under a Creative Commons Attribution ShareAlike 4.0 International License (https://creativecommons.org/licenses/). Consult https://pcmdi.llnl.gov/CMIP6/TermsOfUse for terms of use governing CMIP6 output, including citation requirements and proper acknowledgment. Further information about this data, including some limitations, can be found via the further_info_url (recorded as a global attribute in this file). The data producers and data providers make no warranty, either express or implied, including, but not limited to, warranties of merchantability and fitness for a particular purpose. All liabilities arising from the supply of the information (including any liability arising in negligence) are excluded to the fullest extent permitted by law."
CMIP6_Guajira/MIROC6_historical_tas_day_r1i1p1f1_guajira.nc,MIROC6,MIROC,CMIP,historical,tas,day,r1i1p1f1,gn,20191016,gs://cmip6/CMIP6/CMIP/MIROC/MIROC6/historical/r1i1p1f1/day/tas/gn/v20191016/,"CMIP6 model data produced by MIROC is licensed under a Creative Commons Attribution ShareAlike 4.0 International License (https://creativecommons.org/licenses/). Consult https://pcmdi.llnl.gov/CMIP6/TermsOfUse for terms of use governing CMIP6 output, including citation requirements and proper acknowledgment. Further information about this data, including some limitations, can be found via the further_info_url (recorded as a global attribute in this file). The data producers and data providers make no warranty, either express or implied, including, but not limited to, warranties of merchantability and fitness for a particular purpose. All liabilities arising from the supply of the information (including any liability arising in negligence) are excluded to the fullest extent permitted by law."
CMIP6_Guajira/MIROC6_historical_uas_day_r1i1p1f1_guajira.nc,MIROC6,MIROC,CMIP,historical,uas,day,r1i1p1f1,gn,20191016,gs://cmip6/CMIP6/CMIP/MIROC/MIROC6/historical/r1i1p1f1/day/uas/gn/v20191016/,"CMIP6 model data produced by MIROC is licensed under a Creative Commons Attribution ShareAlike 4.0 International License (https://creativecommons.org/licenses/). Consult https://pcmdi.llnl.gov/CMIP6/TermsOfUse for terms of use governing CMIP6 output, including citation requirements and proper acknowledgment. Further information about this data, including some limitations, can be found via the further_info_url (recorded as a global attribute in this file). The data producers and data providers make no warranty, either express or implied, including, but not limited to, warranties of merchantability and fitness for a particular purpose. All liabilities arising from the supply of the information (including any liability arising in negligence) are excluded to the fullest extent permitted by law."
CMIP6_Guajira/MIROC6_historical_vas_day_r1i1p1f1_guajira.nc,MIROC6,MIROC,CMIP,historical,vas,day,r1i1p1f1,gn,20191016,gs://cmip6/CMIP6/CMIP/MIROC/MIROC6/historical/r1i1p1f1/day/vas/gn/v20191016/,"CMIP6 model data produced by MIROC is licensed under a Creative Commons Attribution ShareAlike 4.0 International License (https://creativecommons.org/licenses/). Consult https://pcmdi.llnl.gov/CMIP6/TermsOfUse for terms of use governing CMIP6 output, including citation requirements and proper acknowledgment. Further information about this data, including some limitations, can be found via the further_info_url (recorded as a global attribute in this file). The data producers and data providers make no warranty, either express or implied, including, but not limited to, warranties of merchantability and fitness for a particular purpose. All liabilities arising from the supply of the information (including any liability arising in negligence) are excluded to the fullest extent permitted by law."
CMIP6_Guajira/MIROC6_ssp126_ps_Amon_r1i1p1f1_guajira.nc,MIROC6,MIROC,ScenarioMIP,ssp126,ps,Amon,r1i1p1f1,gn,20190627,gs://cmip6/CMIP6/ScenarioMIP/MIROC/MIROC6/ssp126/r1i1p1f1/Amon/ps/gn/v20190627/,"CMIP6 model data produced by MIROC is licensed under a Creative Commons Attribution ShareAlike 4.0 International License (https://creativecommons.org/licenses/). Consult https://pcmdi.llnl.gov/CMIP6/TermsOfUse for terms of use governing CMIP6 output, including citation requirements and proper acknowledgment. Further information about this data, including some limitations, can be found via the further_info_url (recorded as a global attribute in this file). The data producers and data providers make no warranty, either express or implied, including, but not limited to, warranties of merchantability and fitness for a particular purpose. All liabilities arising from the supply of the information (including any liability arising in negligence) are excluded to the fullest extent permitted by law."
CMIP6_Guajira/MIROC6_ssp126_sfcWind_day_r1i1p1f1_guajira.nc,MIROC6,MIROC,ScenarioMIP,ssp126,sfcWind,day,r1i1p1f1,gn,20200323,gs://cmip6/CMIP6/ScenarioMIP/MIROC/MIROC6/ssp126/r1i1p1f1/day/sfcWind/gn/v20200323/,"CMIP6 model data produced by MIROC is licensed under a Creative Commons Attribution ShareAlike 4.0 International License (https://creativecommons.org/licenses/). Consult https://pcmdi.llnl.gov/CMIP6/TermsOfUse for terms of use governing CMIP6 output, including citation requirements and proper acknowledgment. Further information about this data, including some limitations, can be found via the further_info_url (recorded as a global attribute in this file). The data producers and data providers make no warranty, either express or implied, including, but not limited to, warranties of merchantability and fitness for a particular purpose. All liabilities arising from the supply of the information (including any liability arising in negligence) are excluded to the fullest extent permitted by law."
CMIP6_Guajira/MIROC6_ssp126_tas_day_r1i1p1f1_guajira.nc,MIROC6,MIROC,ScenarioMIP,ssp126,tas,day,r1i1p1f1,gn,20191016,gs://cmip6/CMIP6/ScenarioMIP/MIROC/MIROC6/ssp126/r1i1p1f1/day/tas/gn/v20191016/,"CMIP6 model data produced by MIROC is licensed under a Creative Commons Attribution ShareAlike 4.0 International License (https://creativecommons.org/licenses/). Consult https://pcmdi.llnl.gov/CMIP6/TermsOfUse for terms of use governing CMIP6 output, including citation requirements and proper acknowledgment. Further information about this data, including some limitations, can be found via the further_info_url (recorded as a global attribute in this file). The data producers and data providers make no warranty, either express or implied, including, but not limited to, warranties of merchantability and fitness for a particular purpose. All liabilities arising from the supply of the information (including any liability arising in negligence) are excluded to the fullest extent permitted by law."
CMIP6_Guajira/MIROC6_ssp126_uas_day_r1i1p1f1_guajira.nc,MIROC6,MIROC,ScenarioMIP,ssp126,uas,day,r1i1p1f1,gn,20191016,gs://cmip6/CMIP6/ScenarioMIP/MIROC/MIROC6/ssp126/r1i1p1f1/day/uas/gn/v20191016/,"CMIP6 model data produced by MIROC is licensed under a Creative Commons Attribution ShareAlike 4.0 International License (https://creativecommons.org/licenses/). Consult https://pcmdi.llnl.gov/CMIP6/TermsOfUse for terms of use governing CMIP6 output, including citation requirements and proper acknowledgment. Further information about this data, including some limitations, can be found via the further_info_url (recorded as a global attribute in this file). The data producers and data providers make no warranty, either express or implied, including, but not limited to, warranties of merchantability and fitness for a particular purpose. All liabilities arising from the supply of the information (including any liability arising in negligence) are excluded to the fullest extent permitted by law."
CMIP6_Guajira/MIROC6_ssp126_vas_day_r1i1p1f1_guajira.nc,MIROC6,MIROC,ScenarioMIP,ssp126,vas,day,r1i1p1f1,gn,20191016,gs://cmip6/CMIP6/ScenarioMIP/MIROC/MIROC6/ssp126/r1i1p1f1/day/vas/gn/v20191016/,"CMIP6 model data produced by MIROC is licensed under a Creative Commons Attribution ShareAlike 4.0 International License (https://creativecommons.org/licenses/). Consult https://pcmdi.llnl.gov/CMIP6/TermsOfUse for terms of use governing CMIP6 output, including citation requirements and proper acknowledgment. Further information about this data, including some limitations, can be found via the further_info_url (recorded as a global attribute in this file). The data producers and data providers make no warranty, either express or implied, including, but not limited to, warranties of merchantability and fitness for a particular purpose. All liabilities arising from the supply of the information (including any liability arising in negligence) are excluded to the fullest extent permitted by law."
CMIP6_Guajira/MIROC6_ssp245_ps_Amon_r1i1p1f1_guajira.nc,MIROC6,MIROC,ScenarioMIP,ssp245,ps,Amon,r1i1p1f1,gn,20190627,gs://cmip6/CMIP6/ScenarioMIP/MIROC/MIROC6/ssp245/r1i1p1f1/Amon/ps/gn/v20190627/,"CMIP6 model data produced by MIROC is licensed under a Creative Commons Attribution ShareAlike 4.0 International License (https://creativecommons.org/licenses/). Consult https://pcmdi.llnl.gov/CMIP6/TermsOfUse for terms of use governing CMIP6 output, including citation requirements and proper acknowledgment. Further information about this data, including some limitations, can be found via the further_info_url (recorded as a global attribute in this file). The data producers and data providers make no warranty, either express or implied, including, but not limited to, warranties of merchantability and fitness for a particular purpose. All liabilities arising from the supply of the information (including any liability arising in negligence) are excluded to the fullest extent permitted by law."
CMIP6_Guajira/MIROC6_ssp245_sfcWind_day_r1i1p1f1_guajira.nc,MIROC6,MIROC,ScenarioMIP,ssp245,sfcWind,day,r1i1p1f1,gn,20200323,gs://cmip6/CMIP6/ScenarioMIP/MIROC/MIROC6/ssp245/r1i1p1f1/day/sfcWind/gn/v20200323/,"CMIP6 model data produced by MIROC is licensed under a Creative Commons Attribution ShareAlike 4.0 International License (https://creativecommons.org/licenses/). Consult https://pcmdi.llnl.gov/CMIP6/TermsOfUse for terms of use governing CMIP6 output, including citation requirements and proper acknowledgment. Further information about this data, including some limitations, can be found via the further_info_url (recorded as a global attribute in this file). The data producers and data providers make no warranty, either express or implied, including, but not limited to, warranties of merchantability and fitness for a particular purpose. All liabilities arising from the supply of the information (including any liability arising in negligence) are excluded to the fullest extent permitted by law."
CMIP6_Guajira/MIROC6_ssp245_tas_day_r1i1p1f1_guajira.nc,MIROC6,MIROC,ScenarioMIP,ssp245,tas,day,r1i1p1f1,gn,20191016,gs://cmip6/CMIP6/ScenarioMIP/MIROC/MIROC6/ssp245/r1i1p1f1/day/tas/gn/v20191016/,"CMIP6 model data produced by MIROC is licensed under a Creative Commons Attribution ShareAlike 4.0 International License (https://creativecommons.org/licenses/). Consult https://pcmdi.llnl.gov/CMIP6/TermsOfUse for terms of use governing CMIP6 output, including citation requirements and proper acknowledgment. Further information about this data, including some limitations, can be found via the further_info_url (recorded as a global attribute in this file). The data producers and data providers make no warranty, either express or implied, including, but not limited to, warranties of merchantability and fitness for a particular purpose. All liabilities arising from the supply of the information (including any liability arising in negligence) are excluded to the fullest extent permitted by law."
CMIP6_Guajira/MIROC6_ssp245_uas_day_r1i1p1f1_guajira.nc,MIROC6,MIROC,ScenarioMIP,ssp245,uas,day,r1i1p1f1,gn,20191016,gs://cmip6/CMIP6/ScenarioMIP/MIROC/MIROC6/ssp245/r1i1p1f1/day/uas/gn/v20191016/,"CMIP6 model data produced by MIROC is licensed under a Creative Commons Attribution ShareAlike 4.0 International License (https://creativecommons.org/licenses/). Consult https://pcmdi.llnl.gov/CMIP6/TermsOfUse for terms of use governing CMIP6 output, including citation requirements and proper acknowledgment. Further information about this data, including some limitations, can be found via the further_info_url (recorded as a global attribute in this file). The data producers and data providers make no warranty, either express or implied, including, but not limited to, warranties of merchantability and fitness for a particular purpose. All liabilities arising from the supply of the information (including any liability arising in negligence) are excluded to the fullest extent permitted by law."
CMIP6_Guajira/MIROC6_ssp245_vas_day_r1i1p1f1_guajira.nc,MIROC6,MIROC,ScenarioMIP,ssp245,vas,day,r1i1p1f1,gn,20191016,gs://cmip6/CMIP6/ScenarioMIP/MIROC/MIROC6/ssp245/r1i1p1f1/day/vas/gn/v20191016/,"CMIP6 model data produced by MIROC is licensed under a Creative Commons Attribution ShareAlike 4.0 International License (https://creativecommons.org/licenses/). Consult https://pcmdi.llnl.gov/CMIP6/TermsOfUse for terms of use governing CMIP6 output, including citation requirements and proper acknowledgment. Further information about this data, including some limitations, can be found via the further_info_url (recorded as a global attribute in this file). The data producers and data providers make no warranty, either express or implied, including, but not limited to, warranties of merchantability and fitness for a particular purpose. All liabilities arising from the supply of the information (including any liability arising in negligence) are excluded to the fullest extent permitted by law."
CMIP6_Guajira/MIROC6_ssp585_ps_Amon_r1i1p1f1_guajira.nc,MIROC6,MIROC,ScenarioMIP,ssp585,ps,Amon,r1i1p1f1,gn,20190627,gs://cmip6/CMIP6/ScenarioMIP/MIROC/MIROC6/ssp585/r1i1p1f1/Amon/ps/gn/v20190627/,"CMIP6 model data produced by MIROC is licensed under a Creative Commons Attribution ShareAlike 4.0 International License (https://creativecommons.org/licenses/). Consult https://pcmdi.llnl.gov/CMIP6/TermsOfUse for terms of use governing CMIP6 output, including citation requirements and proper acknowledgment. Further information about this data, including some limitations, can be found via the further_info_url (recorded as a global attribute in this file). The data producers and data providers make no warranty, either express or implied, including, but not limited to, warranties of merchantability and fitness for a particular purpose. All liabilities arising from the supply of the information (including any liability arising in negligence) are excluded to the fullest extent permitted by law."
CMIP6_Guajira/MIROC6_ssp585_sfcWind_day_r1i1p1f1_guajira.nc,MIROC6,MIROC,ScenarioMIP,ssp585,sfcWind,day,r1i1p1f1,gn,20200323,gs://cmip6/CMIP6/ScenarioMIP/MIROC/MIROC6/ssp585/r1i1p1f1/day/sfcWind/gn/v20200323/,"CMIP6 model data produced by MIROC is licensed under a Creative Commons Attribution ShareAlike 4.0 International License (https://creativecommons.org/licenses/). Consult https://pcmdi.llnl.gov/CMIP6/TermsOfUse for terms of use governing CMIP6 output, including citation requirements and proper acknowledgment. Further information about this data, including some limitations, can be found via the further_info_url (recorded as a global attribute in this file). The data producers and data providers make no warranty, either express or implied, including, but not limited to, warranties of merchantability and fitness for a particular purpose. All liabilities arising from the supply of the information (including any liability arising in negligence) are excluded to the fullest extent permitted by law."
CMIP6_Guajira/MIROC6_ssp585_tas_day_r1i1p1f1_guajira.nc,MIROC6,MIROC,ScenarioMIP,ssp585,tas,day,r1i1p1f1,gn,20191016,gs://cmip6/CMIP6/ScenarioMIP/MIROC/MIROC6/ssp585/r1i1p1f1/day/tas/gn/v20191016/,"CMIP6 model data produced by MIROC is licensed under a Creative Commons Attribution ShareAlike 4.0 International License (https://creativecommons.org/licenses/). Consult https://pcmdi.llnl.gov/CMIP6/TermsOfUse for terms of use governing CMIP6 output, including citation requirements and proper acknowledgment. Further information about this data, including some limitations, can be found via the further_info_url (recorded as a global attribute in this file). The data producers and data providers make no warranty, either express or implied, including, but not limited to, warranties of merchantability and fitness for a particular purpose. All liabilities arising from the supply of the information (including any liability arising in negligence) are excluded to the fullest extent permitted by law."
CMIP6_Guajira/MIROC6_ssp585_uas_day_r1i1p1f1_guajira.nc,MIROC6,MIROC,ScenarioMIP,ssp585,uas,day,r1i1p1f1,gn,20191016,gs://cmip6/CMIP6/ScenarioMIP/MIROC/MIROC6/ssp585/r1i1p1f1/day/uas/gn/v20191016/,"CMIP6 model data produced by MIROC is licensed under a Creative Commons Attribution ShareAlike 4.0 International License (https://creativecommons.org/licenses/). Consult https://pcmdi.llnl.gov/CMIP6/TermsOfUse for terms of use governing CMIP6 output, including citation requirements and proper acknowledgment. Further information about this data, including some limitations, can be found via the further_info_url (recorded as a global attribute in this file). The data producers and data providers make no warranty, either express or implied, including, but not limited to, warranties of merchantability and fitness for a particular purpose. All liabilities arising from the supply of the information (including any liability arising in negligence) are excluded to the fullest extent permitted by law."
CMIP6_Guajira/MIROC6_ssp585_vas_day_r1i1p1f1_guajira.nc,MIROC6,MIROC,ScenarioMIP,ssp585,vas,day,r1i1p1f1,gn,20191016,gs://cmip6/CMIP6/ScenarioMIP/MIROC/MIROC6/ssp585/r1i1p1f1/day/vas/gn/v20191016/,"CMIP6 model data produced by MIROC is licensed under a Creative Commons Attribution ShareAlike 4.0 International License (https://creativecommons.org/licenses/). Consult https://pcmdi.llnl.gov/CMIP6/TermsOfUse for terms of use governing CMIP6 output, including citation requirements and proper acknowledgment. Further information about this data, including some limitations, can be found via the further_info_url (recorded as a global attribute in this file). The data producers and data providers make no warranty, either express or implied, including, but not limited to, warranties of merchantability and fitness for a particular purpose. All liabilities arising from the supply of the information (including any liability arising in negligence) are excluded to the fullest extent permitted by law."
CMIP6_Guajira/MPI-ESM1-2-HR_historical_ps_Amon_r1i1p1f1_guajira.nc,MPI-ESM1-2-HR,MPI-M,CMIP,historical,ps,Amon,r1i1p1f1,gn,20190710,gs://cmip6/CMIP6/CMIP/MPI-M/MPI-ESM1-2-HR/historical/r1i1p1f1/Amon/ps/gn/v20190710/,"CMIP6 model data produced by MPI-M is licensed under a Creative Commons Attribution ShareAlike 4.0 International License (https://creativecommons.org/licenses). Consult https://pcmdi.llnl.gov/CMIP6/TermsOfUse for terms of use governing CMIP6 output, including citation requirements and proper acknowledgment. Further information about this data, including some limitations, can be found via the further_info_url (recorded as a global attribute in this file) and. The data producers and data providers make no warranty, either express or implied, including, but not limited to, warranties of merchantability and fitness for a particular purpose. All liabilities arising from the supply of the information (including any liability arising in negligence) are excluded to the fullest extent permitted by law."
CMIP6_Guajira/MPI-ESM1-2-HR_historical_sfcWind_day_r1i1p1f1_guajira.nc,MPI-ESM1-2-HR,MPI-M,CMIP,historical,sfcWind,day,r1i1p1f1,gn,20190710,gs://cmip6/CMIP6/CMIP/MPI-M/MPI-ESM1-2-HR/historical/r1i1p1f1/day/sfcWind/gn/v20190710/,"CMIP6 model data produced by MPI-M is licensed under a Creative Commons Attribution ShareAlike 4.0 International License (https://creativecommons.org/licenses). Consult https://pcmdi.llnl.gov/CMIP6/TermsOfUse for terms of use governing CMIP6 output, including citation requirements and proper acknowledgment. Further information about this data, including some limitations, can be found via the further_info_url (recorded as a global attribute in this file) and. The data producers and data providers make no warranty, either express or implied, including, but not limited to, warranties of merchantability and fitness for a particular purpose. All liabilities arising from the supply of the information (including any liability arising in negligence) are excluded to the fullest extent permitted by law."
CMIP6_Guajira/MPI-ESM1-2-HR_historical_tas_day_r1i1p1f1_guajira.nc,MPI-ESM1-2-HR,MPI-M,CMIP,historical,tas,day,r1i1p1f1,gn,20190710,gs://cmip6/CMIP6/CMIP/MPI-M/MPI-ESM1-2-HR/historical/r1i1p1f1/day/tas/gn/v20190710/,"CMIP6 model data produced by MPI-M is licensed under a Creative Commons Attribution ShareAlike 4.0 International License (https://creativecommons.org/licenses). Consult https://pcmdi.llnl.gov/CMIP6/TermsOfUse for terms of use governing CMIP6 output, including citation requirements and proper acknowledgment. Further information about this data, including some limitations, can be found via the further_info_url (recorded as a global attribute in this file) and. The data producers and data providers make no warranty, either express or implied, including, but not limited to, warranties of merchantability and fitness for a particular purpose. All liabilities arising from the supply of the information (including any liability arising in negligence) are excluded to the fullest extent permitted by law."
CMIP6_Guajira/MPI-ESM1-2-HR_historical_uas_day_r1i1p1f1_guajira.nc,MPI-ESM1-2-HR,MPI-M,CMIP,historical,uas,day,r1i1p1f1,gn,20190710,gs://cmip6/CMIP6/CMIP/MPI-M/MPI-ESM1-2-HR/historical/r1i1p1f1/day/uas/gn/v20190710/,"CMIP6 model data produced by MPI-M is licensed under a Creative Commons Attribution ShareAlike 4.0 International License (https://creativecommons.org/licenses). Consult https://pcmdi.llnl.gov/CMIP6/TermsOfUse for terms of use governing CMIP6 output, including citation requirements and proper acknowledgment. Further information about this data, including some limitations, can be found via the further_info_url (recorded as a global attribute in this file) and. The data producers and data providers make no warranty, either express or implied, including, but not limited to, warranties of merchantability and fitness for a particular purpose. All liabilities arising from the supply of the information (including any liability arising in negligence) are excluded to the fullest extent permitted by law."
CMIP6_Guajira/MPI-ESM1-2-HR_historical_vas_day_r1i1p1f1_guajira.nc,MPI-ESM1-2-HR,MPI-M,CMIP,historical,vas,day,r1i1p1f1,gn,20190710,gs://cmip6/CMIP6/CMIP/MPI-M/MPI-ESM1-2-HR/historical/r1i1p1f1/day/vas/gn/v20190710/,"CMIP6 model data produced by MPI-M is licensed under a Creative Commons Attribution ShareAlike 4.0 International License (https://creativecommons.org/licenses). Consult https://pcmdi.llnl.gov/CMIP6/TermsOfUse for terms of use governing CMIP6 output, including citation requirements and proper acknowledgment. Further information about this data, including some limitations, can be found via the further_info_url (recorded as a global attribute in this file) and. The data producers and data providers make no warranty, either express or implied, including, but not limited to, warranties of merchantability and fitness for a particular purpose. All liabilities arising from the supply of the information (including any liability arising in negligence) are excluded to the fullest extent permitted by law."
CMIP6_Guajira/MPI-ESM1-2-HR_ssp126_ps_Amon_r1i1p1f1_guajira.nc,MPI-ESM1-2-HR,DKRZ,ScenarioMIP,ssp126,ps,Amon,r1i1p1f1,gn,20190710,gs://cmip6/CMIP6/ScenarioMIP/DKRZ/MPI-ESM1-2-HR/ssp126/r1i1p1f1/Amon/ps/gn/v20190710/,"CMIP6 model data produced by DKRZ is licensed under a Creative Commons Attribution ShareAlike 4.0 International License (https://creativecommons.org/licenses). Consult https://pcmdi.llnl.gov/CMIP6/TermsOfUse for terms of use governing CMIP6 output, including citation requirements and proper acknowledgment. Further information about this data, including some limitations, can be found via the further_info_url (recorded as a global attribute in this file) and. The data producers and data providers make no warranty, either express or implied, including, but not limited to, warranties of merchantability and fitness for a particular purpose. All liabilities arising from the supply of the information (including any liability arising in negligence) are excluded to the fullest extent permitted by law."
CMIP6_Guajira/MPI-ESM1-2-HR_ssp126_sfcWind_day_r1i1p1f1_guajira.nc,MPI-ESM1-2-HR,DKRZ,ScenarioMIP,ssp126,sfcWind,day,r1i1p1f1,gn,20190710,gs://cmip6/CMIP6/ScenarioMIP/DKRZ/MPI-ESM1-2-HR/ssp126/r1i1p1f1/day/sfcWind/gn/v20190710/,"CMIP6 model data produced by DKRZ is licensed under a Creative Commons Attribution ShareAlike 4.0 International License (https://creativecommons.org/licenses). Consult https://pcmdi.llnl.gov/CMIP6/TermsOfUse for terms of use governing CMIP6 output, including citation requirements and proper acknowledgment. Further information about this data, including some limitations, can be found via the further_info_url (recorded as a global attribute in this file) and. The data producers and data providers make no warranty, either express or implied, including, but not limited to, warranties of merchantability and fitness for a particular purpose. All liabilities arising from the supply of the information (including any liability arising in negligence) are excluded to the fullest extent permitted by law."
CMIP6_Guajira/MPI-ESM1-2-HR_ssp126_tas_day_r1i1p1f1_guajira.nc,MPI-ESM1-2-HR,DKRZ,ScenarioMIP,ssp126,tas,day,r1i1p1f1,gn,20190710,gs://cmip6/CMIP6/ScenarioMIP/DKRZ/MPI-ESM1-2-HR/ssp126/r1i1p1f1/day/tas/gn/v20190710/,"CMIP6 model data produced by DKRZ is licensed under a Creative Commons Attribution ShareAlike 4.0 International License (https://creativecommons.org/licenses). Consult https://pcmdi.llnl.gov/CMIP6/TermsOfUse for terms of use governing CMIP6 output, including citation requirements and proper acknowledgment. Further information about this data, including some limitations, can be found via the further_info_url (recorded as a global attribute in this file) and. The data producers and data providers make no warranty, either express or implied, including, but not limited to, warranties of merchantability and fitness for a particular purpose. All liabilities arising from the supply of the information (including any liability arising in negligence) are excluded to the fullest extent permitted by law."
CMIP6_Guajira/MPI-ESM1-2-HR_ssp126_uas_day_r1i1p1f1_guajira.nc,MPI-ESM1-2-HR,DKRZ,ScenarioMIP,ssp126,uas,day,r1i1p1f1,gn,20190710,gs://cmip6/CMIP6/ScenarioMIP/DKRZ/MPI-ESM1-2-HR/ssp126/r1i1p1f1/day/uas/gn/v20190710/,"CMIP6 model data produced by DKRZ is licensed under a Creative Commons Attribution ShareAlike 4.0 International License (https://creativecommons.org/licenses). Consult https://pcmdi.llnl.gov/CMIP6/TermsOfUse for terms of use governing CMIP6 output, including citation requirements and proper acknowledgment. Further information about this data, including some limitations, can be found via the further_info_url (recorded as a global attribute in this file) and. The data producers and data providers make no warranty, either express or implied, including, but not limited to, warranties of merchantability and fitness for a particular purpose. All liabilities arising from the supply of the information (including any liability arising in negligence) are excluded to the fullest extent permitted by law."
CMIP6_Guajira/MPI-ESM1-2-HR_ssp126_vas_day_r1i1p1f1_guajira.nc,MPI-ESM1-2-HR,DKRZ,ScenarioMIP,ssp126,vas,day,r1i1p1f1,gn,20190710,gs://cmip6/CMIP6/ScenarioMIP/DKRZ/MPI-ESM1-2-HR/ssp126/r1i1p1f1/day/vas/gn/v20190710/,"CMIP6 model data produced by DKRZ is licensed under a Creative Commons Attribution ShareAlike 4.0 International License (https://creativecommons.org/licenses). Consult https://pcmdi.llnl.gov/CMIP6/TermsOfUse for terms of use governing CMIP6 output, including citation requirements and proper acknowledgment. Further information about this data, including some limitations, can be found via the further_info_url (recorded as a global attribute in this file) and. The data producers and data providers make no warranty, either express or implied, including, but not limited to, warranties of merchantability and fitness for a particular purpose. All liabilities arising from the supply of the information (including any liability arising in negligence) are excluded to the fullest extent permitted by law."
CMIP6_Guajira/MPI-ESM1-2-HR_ssp245_ps_Amon_r1i1p1f1_guajira.nc,MPI-ESM1-2-HR,DKRZ,ScenarioMIP,ssp245,ps,Amon,r1i1p1f1,gn,20190710,gs://cmip6/CMIP6/ScenarioMIP/DKRZ/MPI-ESM1-2-HR/ssp245/r1i1p1f1/Amon/ps/gn/v20190710/,"CMIP6 model data produced by DKRZ is licensed under a Creative Commons Attribution ShareAlike 4.0 International License (https://creativecommons.org/licenses). Consult https://pcmdi.llnl.gov/CMIP6/TermsOfUse for terms of use governing CMIP6 output, including citation requirements and proper acknowledgment. Further information about this data, including some limitations, can be found via the further_info_url (recorded as a global attribute in this file) and. The data producers and data providers make no warranty, either express or implied, including, but not limited to, warranties of merchantability and fitness for a particular purpose. All liabilities arising from the supply of the information (including any liability arising in negligence) are excluded to the fullest extent permitted by law."
CMIP6_Guajira/MPI-ESM1-2-HR_ssp245_sfcWind_day_r1i1p1f1_guajira.nc,MPI-ESM1-2-HR,DKRZ,ScenarioMIP,ssp245,sfcWind,day,r1i1p1f1,gn,20190710,gs://cmip6/CMIP6/ScenarioMIP/DKRZ/MPI-ESM1-2-HR/ssp245/r1i1p1f1/day/sfcWind/gn/v20190710/,"CMIP6 model data produced by DKRZ is licensed under a Creative Commons Attribution ShareAlike 4.0 International License (https://creativecommons.org/licenses). Consult https://pcmdi.llnl.gov/CMIP6/TermsOfUse for terms of use governing CMIP6 output, including citation requirements and proper acknowledgment. Further information about this data, including some limitations, can be found via the further_info_url (recorded as a global attribute in this file) and. The data producers and data providers make no warranty, either express or implied, including, but not limited to, warranties of merchantability and fitness for a particular purpose. All liabilities arising from the supply of the information (including any liability arising in negligence) are excluded to the fullest extent permitted by law."
CMIP6_Guajira/MPI-ESM1-2-HR_ssp245_tas_day_r1i1p1f1_guajira.nc,MPI-ESM1-2-HR,DKRZ,ScenarioMIP,ssp245,tas,day,r1i1p1f1,gn,20190710,gs://cmip6/CMIP6/ScenarioMIP/DKRZ/MPI-ESM1-2-HR/ssp245/r1i1p1f1/day/tas/gn/v20190710/,"CMIP6 model data produced by DKRZ is licensed under a Creative Commons Attribution ShareAlike 4.0 International License (https://creativecommons.org/licenses). Consult https://pcmdi.llnl.gov/CMIP6/TermsOfUse for terms of use governing CMIP6 output, including citation requirements and proper acknowledgment. Further information about this data, including some limitations, can be found via the further_info_url (recorded as a global attribute in this file) and. The data producers and data providers make no warranty, either express or implied, including, but not limited to, warranties of merchantability and fitness for a particular purpose. All liabilities arising from the supply of the information (including any liability arising in negligence) are excluded to the fullest extent permitted by law."
CMIP6_Guajira/MPI-ESM1-2-HR_ssp245_uas_day_r1i1p1f1_guajira.nc,MPI-ESM1-2-HR,DKRZ,ScenarioMIP,ssp245,uas,day,r1i1p1f1,gn,20190710,gs://cmip6/CMIP6/ScenarioMIP/DKRZ/MPI-ESM1-2-HR/ssp245/r1i1p1f1/day/uas/gn/v20190710/,"CMIP6 model data produced by DKRZ is licensed under a Creative Commons Attribution ShareAlike 4.0 International License (https://creativecommons.org/licenses). Consult https://pcmdi.llnl.gov/CMIP6/TermsOfUse for terms of use governing CMIP6 output, including citation requirements and proper acknowledgment. Further information about this data, including some limitations, can be found via the further_info_url (recorded as a global attribute in this file) and. The data producers and data providers make no warranty, either express or implied, including, but not limited to, warranties of merchantability and fitness for a particular purpose. All liabilities arising from the supply of the information (including any liability arising in negligence) are excluded to the fullest extent permitted by law."
CMIP6_Guajira/MPI-ESM1-2-HR_ssp245_vas_day_r1i1p1f1_guajira.nc,MPI-ESM1-2-HR,DKRZ,ScenarioMIP,ssp245,vas,day,r1i1p1f1,gn,20190710,gs://cmip6/CMIP6/ScenarioMIP/DKRZ/MPI-ESM1-2-HR/ssp245/r1i1p1f1/day/vas/gn/v20190710/,"CMIP6 model data produced by DKRZ is licensed under a Creative Commons Attribution ShareAlike 4.0 International License (https://creativecommons.org/licenses). Consult https://pcmdi.llnl.gov/CMIP6/TermsOfUse for terms of use governing CMIP6 output, including citation requirements and proper acknowledgment. Further information about this data, including some limitations, can be found via the further_info_url (recorded as a global attribute in this file) and. The data producers and data providers make no warranty, either express or implied, including, but not limited to, warranties of merchantability and fitness for a particular purpose. All liabilities arising from the supply of the information (including any liability arising in negligence) are excluded to the fullest extent permitted by law."
CMIP6_Guajira/MPI-ESM1-2-HR_ssp585_ps_Amon_r1i1p1f1_guajira.nc,MPI-ESM1-2-HR,DKRZ,ScenarioMIP,ssp585,ps,Amon,r1i1p1f1,gn,20190710,gs://cmip6/CMIP6/ScenarioMIP/DKRZ/MPI-ESM1-2-HR/ssp585/r1i1p1f1/Amon/ps/gn/v20190710/,"CMIP6 model data produced by DKRZ is licensed under a Creative Commons Attribution ShareAlike 4.0 International License (https://creativecommons.org/licenses). Consult https://pcmdi.llnl.gov/CMIP6/TermsOfUse for terms of use governing CMIP6 output, including citation requirements and proper acknowledgment. Further information about this data, including some limitations, can be found via the further_info_url (recorded as a global attribute in this file) and. The data producers and data providers make no warranty, either express or implied, including, but not limited to, warranties of merchantability and fitness for a particular purpose. All liabilities arising from the supply of the information (including any liability arising in negligence) are excluded to the fullest extent permitted by law."
CMIP6_Guajira/MPI-ESM1-2-HR_ssp585_sfcWind_day_r1i1p1f1_guajira.nc,MPI-ESM1-2-HR,DKRZ,ScenarioMIP,ssp585,sfcWind,day,r1i1p1f1,gn,20190710,gs://cmip6/CMIP6/ScenarioMIP/DKRZ/MPI-ESM1-2-HR/ssp585/r1i1p1f1/day/sfcWind/gn/v20190710/,"CMIP6 model data produced by DKRZ is licensed under a Creative Commons Attribution ShareAlike 4.0 International License (https://creativecommons.org/licenses). Consult https://pcmdi.llnl.gov/CMIP6/TermsOfUse for terms of use governing CMIP6 output, including citation requirements and proper acknowledgment. Further information about this data, including some limitations, can be found via the further_info_url (recorded as a global attribute in this file) and. The data producers and data providers make no warranty, either express or implied, including, but not limited to, warranties of merchantability and fitness for a particular purpose. All liabilities arising from the supply of the information (including any liability arising in negligence) are excluded to the fullest extent permitted by law."
CMIP6_Guajira/MPI-ESM1-2-HR_ssp585_tas_day_r1i1p1f1_guajira.nc,MPI-ESM1-2-HR,DKRZ,ScenarioMIP,ssp585,tas,day,r1i1p1f1,gn,20190710,gs://cmip6/CMIP6/ScenarioMIP/DKRZ/MPI-ESM1-2-HR/ssp585/r1i1p1f1/day/tas/gn/v20190710/,"CMIP6 model data produced by DKRZ is licensed under a Creative Commons Attribution ShareAlike 4.0 International License (https://creativecommons.org/licenses). Consult https://pcmdi.llnl.gov/CMIP6/TermsOfUse for terms of use governing CMIP6 output, including citation requirements and proper acknowledgment. Further information about this data, including some limitations, can be found via the further_info_url (recorded as a global attribute in this file) and. The data producers and data providers make no warranty, either express or implied, including, but not limited to, warranties of merchantability and fitness for a particular purpose. All liabilities arising from the supply of the information (including any liability arising in negligence) are excluded to the fullest extent permitted by law."
CMIP6_Guajira/MPI-ESM1-2-HR_ssp585_uas_day_r1i1p1f1_guajira.nc,MPI-ESM1-2-HR,DKRZ,ScenarioMIP,ssp585,uas,day,r1i1p1f1,gn,20190710,gs://cmip6/CMIP6/ScenarioMIP/DKRZ/MPI-ESM1-2-HR/ssp585/r1i1p1f1/day/uas/gn/v20190710/,"CMIP6 model data produced by DKRZ is licensed under a Creative Commons Attribution ShareAlike 4.0 International License (https://creativecommons.org/licenses). Consult https://pcmdi.llnl.gov/CMIP6/TermsOfUse for terms of use governing CMIP6 output, including citation requirements and proper acknowledgment. Further information about this data, including some limitations, can be found via the further_info_url (recorded as a global attribute in this file) and. The data producers and data providers make no warranty, either express or implied, including, but not limited to, warranties of merchantability and fitness for a particular purpose. All liabilities arising from the supply of the information (including any liability arising in negligence) are excluded to the fullest extent permitted by law."
CMIP6_Guajira/MPI-ESM1-2-HR_ssp585_vas_day_r1i1p1f1_guajira.nc,MPI-ESM1-2-HR,DKRZ,ScenarioMIP,ssp585,vas,day,r1i1p1f1,gn,20190710,gs://cmip6/CMIP6/ScenarioMIP/DKRZ/MPI-ESM1-2-HR/ssp585/r1i1p1f1/day/vas/gn/v20190710/,"CMIP6 model data produced by DKRZ is licensed under a Creative Commons Attribution ShareAlike 4.0 International License (https://creativecommons.org/licenses). Consult https://pcmdi.llnl.gov/CMIP6/TermsOfUse for terms of use governing CMIP6 output, including citation requirements and proper acknowledgment. Further information about this data, including some limitations, can be found via the further_info_url (recorded as a global attribute in this file) and. The data producers and data providers make no warranty, either express or implied, including, but not limited to, warranties of merchantability and fitness for a particular purpose. All liabilities arising from the supply of the information (including any liability arising in negligence) are excluded to the fullest extent permitted by law."
CMIP6_Guajira/MPI-ESM1-2-LR_historical_ps_Amon_r1i1p1f1_guajira.nc,MPI-ESM1-2-LR,MPI-M,CMIP,historical,ps,Amon,r1i1p1f1,gn,20190710,gs://cmip6/CMIP6/CMIP/MPI-M/MPI-ESM1-2-LR/historical/r1i1p1f1/Amon/ps/gn/v20190710/,"CMIP6 model data produced by MPI-M is licensed under a Creative Commons Attribution ShareAlike 4.0 International License (https://creativecommons.org/licenses). Consult https://pcmdi.llnl.gov/CMIP6/TermsOfUse for terms of use governing CMIP6 output, including citation requirements and proper acknowledgment. Further information about this data, including some limitations, can be found via the further_info_url (recorded as a global attribute in this file) and. The data producers and data providers make no warranty, either express or implied, including, but not limited to, warranties of merchantability and fitness for a particular purpose. All liabilities arising from the supply of the information (including any liability arising in negligence) are excluded to the fullest extent permitted by law."
CMIP6_Guajira/MPI-ESM1-2-LR_historical_sfcWind_day_r1i1p1f1_guajira.nc,MPI-ESM1-2-LR,MPI-M,CMIP,historical,sfcWind,day,r1i1p1f1,gn,20190710,gs://cmip6/CMIP6/CMIP/MPI-M/MPI-ESM1-2-LR/historical/r1i1p1f1/day/sfcWind/gn/v20190710/,"CMIP6 model data produced by MPI-M is licensed under a Creative Commons Attribution ShareAlike 4.0 International License (https://creativecommons.org/licenses). Consult https://pcmdi.llnl.gov/CMIP6/TermsOfUse for terms of use governing CMIP6 output, including citation requirements and proper acknowledgment. Further information about this data, including some limitations, can be found via the further_info_url (recorded as a global attribute in this file) and. The data producers and data providers make no warranty, either express or implied, including, but not limited to, warranties of merchantability and fitness for a particular purpose. All liabilities arising from the supply of the information (including any liability arising in negligence) are excluded to the fullest extent permitted by law."
CMIP6_Guajira/MPI-ESM1-2-LR_historical_tas_day_r1i1p1f1_guajira.nc,MPI-ESM1-2-LR,MPI-M,CMIP,historical,tas,day,r1i1p1f1,gn,20190710,gs://cmip6/CMIP6/CMIP/MPI-M/MPI-ESM1-2-LR/historical/r1i1p1f1/day/tas/gn/v20190710/,"CMIP6 model data produced by MPI-M is licensed under a Creative Commons Attribution ShareAlike 4.0 International License (https://creativecommons.org/licenses). Consult https://pcmdi.llnl.gov/CMIP6/TermsOfUse for terms of use governing CMIP6 output, including citation requirements and proper acknowledgment. Further information about this data, including some limitations, can be found via the further_info_url (recorded as a global attribute in this file) and. The data producers and data providers make no warranty, either express or implied, including, but not limited to, warranties of merchantability and fitness for a particular purpose. All liabilities arising from the supply of the information (including any liability arising in negligence) are excluded to the fullest extent permitted by law."
CMIP6_Guajira/MPI-ESM1-2-LR_historical_uas_day_r1i1p1f1_guajira.nc,MPI-ESM1-2-LR,MPI-M,CMIP,historical,uas,day,r1i1p1f1,gn,20190710,gs://cmip6/CMIP6/CMIP/MPI-M/MPI-ESM1-2-LR/historical/r1i1p1f1/day/uas/gn/v20190710/,"CMIP6 model data produced by MPI-M is licensed under a Creative Commons Attribution ShareAlike 4.0 International License (https://creativecommons.org/licenses). Consult https://pcmdi.llnl.gov/CMIP6/TermsOfUse for terms of use governing CMIP6 output, including citation requirements and proper acknowledgment. Further information about this data, including some limitations, can be found via the further_info_url (recorded as a global attribute in this file) and. The data producers and data providers make no warranty, either express or implied, including, but not limited to, warranties of merchantability and fitness for a particular purpose. All liabilities arising from the supply of the information (including any liability arising in negligence) are excluded to the fullest extent permitted by law."
CMIP6_Guajira/MPI-ESM1-2-LR_historical_vas_day_r1i1p1f1_guajira.nc,MPI-ESM1-2-LR,MPI-M,CMIP,historical,vas,day,r1i1p1f1,gn,20190710,gs://cmip6/CMIP6/CMIP/MPI-M/MPI-ESM1-2-LR/historical/r1i1p1f1/day/vas/gn/v20190710/,"CMIP6 model data produced by MPI-M is licensed under a Creative Commons Attribution ShareAlike 4.0 International License (https://creativecommons.org/licenses). Consult https://pcmdi.llnl.gov/CMIP6/TermsOfUse for terms of use governing CMIP6 output, including citation requirements and proper acknowledgment. Further information about this data, including some limitations, can be found via the further_info_url (recorded as a global attribute in this file) and. The data producers and data providers make no warranty, either express or implied, including, but not limited to, warranties of merchantability and fitness for a particular purpose. All liabilities arising from the supply of the information (including any liability arising in negligence) are excluded to the fullest extent permitted by law."
CMIP6_Guajira/MPI-ESM1-2-LR_ssp126_ps_Amon_r1i1p1f1_guajira.nc,MPI-ESM1-2-LR,MPI-M,ScenarioMIP,ssp126,ps,Amon,r1i1p1f1,gn,20190710,gs://cmip6/CMIP6/ScenarioMIP/MPI-M/MPI-ESM1-2-LR/ssp126/r1i1p1f1/Amon/ps/gn/v20190710/,"CMIP6 model data produced by MPI-M is licensed under a Creative Commons Attribution ShareAlike 4.0 International License (https://creativecommons.org/licenses). Consult https://pcmdi.llnl.gov/CMIP6/TermsOfUse for terms of use governing CMIP6 output, including citation requirements and proper acknowledgment. Further information about this data, including some limitations, can be found via the further_info_url (recorded as a global attribute in this file) and. The data producers and data providers make no warranty, either express or implied, including, but not limited to, warranties of merchantability and fitness for a particular purpose. All liabilities arising from the supply of the information (including any liability arising in negligence) are excluded to the fullest extent permitted by law."
CMIP6_Guajira/MPI-ESM1-2-LR_ssp126_sfcWind_day_r1i1p1f1_guajira.nc,MPI-ESM1-2-LR,MPI-M,ScenarioMIP,ssp126,sfcWind,day,r1i1p1f1,gn,20190710,gs://cmip6/CMIP6/ScenarioMIP/MPI-M/MPI-ESM1-2-LR/ssp126/r1i1p1f1/day/sfcWind/gn/v20190710/,"CMIP6 model data produced by MPI-M is licensed under a Creative Commons Attribution ShareAlike 4.0 International License (https://creativecommons.org/licenses). Consult https://pcmdi.llnl.gov/CMIP6/TermsOfUse for terms of use governing CMIP6 output, including citation requirements and proper acknowledgment. Further information about this data, including some limitations, can be found via the further_info_url (recorded as a global attribute in this file) and. The data producers and data providers make no warranty, either express or implied, including, but not limited to, warranties of merchantability and fitness for a particular purpose. All liabilities arising from the supply of the information (including any liability arising in negligence) are excluded to the fullest extent permitted by law."
CMIP6_Guajira/MPI-ESM1-2-LR_ssp126_tas_day_r1i1p1f1_guajira.nc,MPI-ESM1-2-LR,MPI-M,ScenarioMIP,ssp126,tas,day,r1i1p1f1,gn,20190710,gs://cmip6/CMIP6/ScenarioMIP/MPI-M/MPI-ESM1-2-LR/ssp126/r1i1p1f1/day/tas/gn/v20190710/,"CMIP6 model data produced by MPI-M is licensed under a Creative Commons Attribution ShareAlike 4.0 International License (https://creativecommons.org/licenses). Consult https://pcmdi.llnl.gov/CMIP6/TermsOfUse for terms of use governing CMIP6 output, including citation requirements and proper acknowledgment. Further information about this data, including some limitations, can be found via the further_info_url (recorded as a global attribute in this file) and. The data producers and data providers make no warranty, either express or implied, including, but not limited to, warranties of merchantability and fitness for a particular purpose. All liabilities arising from the supply of the information (including any liability arising in negligence) are excluded to the fullest extent permitted by law."
CMIP6_Guajira/MPI-ESM1-2-LR_ssp126_uas_day_r1i1p1f1_guajira.nc,MPI-ESM1-2-LR,MPI-M,ScenarioMIP,ssp126,uas,day,r1i1p1f1,gn,20190710,gs://cmip6/CMIP6/ScenarioMIP/MPI-M/MPI-ESM1-2-LR/ssp126/r1i1p1f1/day/uas/gn/v20190710/,"CMIP6 model data produced by MPI-M is licensed under a Creative Commons Attribution ShareAlike 4.0 International License (https://creativecommons.org/licenses). Consult https://pcmdi.llnl.gov/CMIP6/TermsOfUse for terms of use governing CMIP6 output, including citation requirements and proper acknowledgment. Further information about this data, including some limitations, can be found via the further_info_url (recorded as a global attribute in this file) and. The data producers and data providers make no warranty, either express or implied, including, but not limited to, warranties of merchantability and fitness for a particular purpose. All liabilities arising from the supply of the information (including any liability arising in negligence) are excluded to the fullest extent permitted by law."
CMIP6_Guajira/MPI-ESM1-2-LR_ssp126_vas_day_r1i1p1f1_guajira.nc,MPI-ESM1-2-LR,MPI-M,ScenarioMIP,ssp126,vas,day,r1i1p1f1,gn,20190710,gs://cmip6/CMIP6/ScenarioMIP/MPI-M/MPI-ESM1-2-LR/ssp126/r1i1p1f1/day/vas/gn/v20190710/,"CMIP6 model data produced by MPI-M is licensed under a Creative Commons Attribution ShareAlike 4.0 International License (https://creativecommons.org/licenses). Consult https://pcmdi.llnl.gov/CMIP6/TermsOfUse for terms of use governing CMIP6 output, including citation requirements and proper acknowledgment. Further information about this data, including some limitations, can be found via the further_info_url (recorded as a global attribute in this file) and. The data producers and data providers make no warranty, either express or implied, including, but not limited to, warranties of merchantability and fitness for a particular purpose. All liabilities arising from the supply of the information (including any liability arising in negligence) are excluded to the fullest extent permitted by law."
CMIP6_Guajira/MPI-ESM1-2-LR_ssp245_ps_Amon_r1i1p1f1_guajira.nc,MPI-ESM1-2-LR,MPI-M,ScenarioMIP,ssp245,ps,Amon,r1i1p1f1,gn,20190710,gs://cmip6/CMIP6/ScenarioMIP/MPI-M/MPI-ESM1-2-LR/ssp245/r1i1p1f1/Amon/ps/gn/v20190710/,"CMIP6 model data produced by MPI-M is licensed under a Creative Commons Attribution ShareAlike 4.0 International License (https://creativecommons.org/licenses). Consult https://pcmdi.llnl.gov/CMIP6/TermsOfUse for terms of use governing CMIP6 output, including citation requirements and proper acknowledgment. Further information about this data, including some limitations, can be found via the further_info_url (recorded as a global attribute in this file) and. The data producers and data providers make no warranty, either express or implied, including, but not limited to, warranties of merchantability and fitness for a particular purpose. All liabilities arising from the supply of the information (including any liability arising in negligence) are excluded to the fullest extent permitted by law."
CMIP6_Guajira/MPI-ESM1-2-LR_ssp245_sfcWind_day_r1i1p1f1_guajira.nc,MPI-ESM1-2-LR,MPI-M,ScenarioMIP,ssp245,sfcWind,day,r1i1p1f1,gn,20190710,gs://cmip6/CMIP6/ScenarioMIP/MPI-M/MPI-ESM1-2-LR/ssp245/r1i1p1f1/day/sfcWind/gn/v20190710/,"CMIP6 model data produced by MPI-M is licensed under a Creative Commons Attribution ShareAlike 4.0 International License (https://creativecommons.org/licenses). Consult https://pcmdi.llnl.gov/CMIP6/TermsOfUse for terms of use governing CMIP6 output, including citation requirements and proper acknowledgment. Further information about this data, including some limitations, can be found via the further_info_url (recorded as a global attribute in this file) and. The data producers and data providers make no warranty, either express or implied, including, but not limited to, warranties of merchantability and fitness for a particular purpose. All liabilities arising from the supply of the information (including any liability arising in negligence) are excluded to the fullest extent permitted by law."
CMIP6_Guajira/MPI-ESM1-2-LR_ssp245_tas_day_r1i1p1f1_guajira.nc,MPI-ESM1-2-LR,MPI-M,ScenarioMIP,ssp245,tas,day,r1i1p1f1,gn,20190710,gs://cmip6/CMIP6/ScenarioMIP/MPI-M/MPI-ESM1-2-LR/ssp245/r1i1p1f1/day/tas/gn/v20190710/,"CMIP6 model data produced by MPI-M is licensed under a Creative Commons Attribution ShareAlike 4.0 International License (https://creativecommons.org/licenses). Consult https://pcmdi.llnl.gov/CMIP6/TermsOfUse for terms of use governing CMIP6 output, including citation requirements and proper acknowledgment. Further information about this data, including some limitations, can be found via the further_info_url (recorded as a global attribute in this file) and. The data producers and data providers make no warranty, either express or implied, including, but not limited to, warranties of merchantability and fitness for a particular purpose. All liabilities arising from the supply of the information (including any liability arising in negligence) are excluded to the fullest extent permitted by law."
CMIP6_Guajira/MPI-ESM1-2-LR_ssp245_uas_day_r1i1p1f1_guajira.nc,MPI-ESM1-2-LR,MPI-M,ScenarioMIP,ssp245,uas,day,r1i1p1f1,gn,20190710,gs://cmip6/CMIP6/ScenarioMIP/MPI-M/MPI-ESM1-2-LR/ssp245/r1i1p1f1/day/uas/gn/v20190710/,"CMIP6 model data produced by MPI-M is licensed under a Creative Commons Attribution ShareAlike 4.0 International License (https://creativecommons.org/licenses). Consult https://pcmdi.llnl.gov/CMIP6/TermsOfUse for terms of use governing CMIP6 output, including citation requirements and proper acknowledgment. Further information about this data, including some limitations, can be found via the further_info_url (recorded as a global attribute in this file) and. The data producers and data providers make no warranty, either express or implied, including, but not limited to, warranties of merchantability and fitness for a particular purpose. All liabilities arising from the supply of the information (including any liability arising in negligence) are excluded to the fullest extent permitted by law."
CMIP6_Guajira/MPI-ESM1-2-LR_ssp245_vas_day_r1i1p1f1_guajira.nc,MPI-ESM1-2-LR,MPI-M,ScenarioMIP,ssp245,vas,day,r1i1p1f1,gn,20190710,gs://cmip6/CMIP6/ScenarioMIP/MPI-M/MPI-ESM1-2-LR/ssp245/r1i1p1f1/day/vas/gn/v20190710/,"CMIP6 model data produced by MPI-M is licensed under a Creative Commons Attribution ShareAlike 4.0 International License (https://creativecommons.org/licenses). Consult https://pcmdi.llnl.gov/CMIP6/TermsOfUse for terms of use governing CMIP6 output, including citation requirements and proper acknowledgment. Further information about this data, including some limitations, can be found via the further_info_url (recorded as a global attribute in this file) and. The data producers and data providers make no warranty, either express or implied, including, but not limited to, warranties of merchantability and fitness for a particular purpose. All liabilities arising from the supply of the information (including any liability arising in negligence) are excluded to the fullest extent permitted by law."
CMIP6_Guajira/MPI-ESM1-2-LR_ssp585_ps_Amon_r1i1p1f1_guajira.nc,MPI-ESM1-2-LR,MPI-M,ScenarioMIP,ssp585,ps,Amon,r1i1p1f1,gn,20190710,gs://cmip6/CMIP6/ScenarioMIP/MPI-M/MPI-ESM1-2-LR/ssp585/r1i1p1f1/Amon/ps/gn/v20190710/,"CMIP6 model data produced by MPI-M is licensed under a Creative Commons Attribution ShareAlike 4.0 International License (https://creativecommons.org/licenses). Consult https://pcmdi.llnl.gov/CMIP6/TermsOfUse for terms of use governing CMIP6 output, including citation requirements and proper acknowledgment. Further information about this data, including some limitations, can be found via the further_info_url (recorded as a global attribute in this file) and. The data producers and data providers make no warranty, either express or implied, including, but not limited to, warranties of merchantability and fitness for a particular purpose. All liabilities arising from the supply of the information (including any liability arising in negligence) are excluded to the fullest extent permitted by law."
CMIP6_Guajira/MPI-ESM1-2-LR_ssp585_sfcWind_day_r1i1p1f1_guajira.nc,MPI-ESM1-2-LR,MPI-M,ScenarioMIP,ssp585,sfcWind,day,r1i1p1f1,gn,20190710,gs://cmip6/CMIP6/ScenarioMIP/MPI-M/MPI-ESM1-2-LR/ssp585/r1i1p1f1/day/sfcWind/gn/v20190710/,"CMIP6 model data produced by MPI-M is licensed under a Creative Commons Attribution ShareAlike 4.0 International License (https://creativecommons.org/licenses). Consult https://pcmdi.llnl.gov/CMIP6/TermsOfUse for terms of use governing CMIP6 output, including citation requirements and proper acknowledgment. Further information about this data, including some limitations, can be found via the further_info_url (recorded as a global attribute in this file) and. The data producers and data providers make no warranty, either express or implied, including, but not limited to, warranties of merchantability and fitness for a particular purpose. All liabilities arising from the supply of the information (including any liability arising in negligence) are excluded to the fullest extent permitted by law."
CMIP6_Guajira/MPI-ESM1-2-LR_ssp585_tas_day_r1i1p1f1_guajira.nc,MPI-ESM1-2-LR,MPI-M,ScenarioMIP,ssp585,tas,day,r1i1p1f1,gn,20190710,gs://cmip6/CMIP6/ScenarioMIP/MPI-M/MPI-ESM1-2-LR/ssp585/r1i1p1f1/day/tas/gn/v20190710/,"CMIP6 model data produced by MPI-M is licensed under a Creative Commons Attribution ShareAlike 4.0 International License (https://creativecommons.org/licenses). Consult https://pcmdi.llnl.gov/CMIP6/TermsOfUse for terms of use governing CMIP6 output, including citation requirements and proper acknowledgment. Further information about this data, including some limitations, can be found via the further_info_url (recorded as a global attribute in this file) and. The data producers and data providers make no warranty, either express or implied, including, but not limited to, warranties of merchantability and fitness for a particular purpose. All liabilities arising from the supply of the information (including any liability arising in negligence) are excluded to the fullest extent permitted by law."
CMIP6_Guajira/MPI-ESM1-2-LR_ssp585_uas_day_r1i1p1f1_guajira.nc,MPI-ESM1-2-LR,MPI-M,ScenarioMIP,ssp585,uas,day,r1i1p1f1,gn,20190710,gs://cmip6/CMIP6/ScenarioMIP/MPI-M/MPI-ESM1-2-LR/ssp585/r1i1p1f1/day/uas/gn/v20190710/,"CMIP6 model data produced by MPI-M is licensed under a Creative Commons Attribution ShareAlike 4.0 International License (https://creativecommons.org/licenses). Consult https://pcmdi.llnl.gov/CMIP6/TermsOfUse for terms of use governing CMIP6 output, including citation requirements and proper acknowledgment. Further information about this data, including some limitations, can be found via the further_info_url (recorded as a global attribute in this file) and. The data producers and data providers make no warranty, either express or implied, including, but not limited to, warranties of merchantability and fitness for a particular purpose. All liabilities arising from the supply of the information (including any liability arising in negligence) are excluded to the fullest extent permitted by law."
CMIP6_Guajira/MPI-ESM1-2-LR_ssp585_vas_day_r1i1p1f1_guajira.nc,MPI-ESM1-2-LR,MPI-M,ScenarioMIP,ssp585,vas,day,r1i1p1f1,gn,20190710,gs://cmip6/CMIP6/ScenarioMIP/MPI-M/MPI-ESM1-2-LR/ssp585/r1i1p1f1/day/vas/gn/v20190710/,"CMIP6 model data produced by MPI-M is licensed under a Creative Commons Attribution ShareAlike 4.0 International License (https://creativecommons.org/licenses). Consult https://pcmdi.llnl.gov/CMIP6/TermsOfUse for terms of use governing CMIP6 output, including citation requirements and proper acknowledgment. Further information about this data, including some limitations, can be found via the further_info_url (recorded as a global attribute in this file) and. The data producers and data providers make no warranty, either express or implied, including, but not limited to, warranties of merchantability and fitness for a particular purpose. All liabilities arising from the supply of the information (including any liability arising in negligence) are excluded to the fullest extent permitted by law."
CMIP6_Guajira/NorESM2-MM_historical_ps_Amon_r1i1p1f1_guajira.nc,NorESM2-MM,NCC,CMIP,historical,ps,Amon,r1i1p1f1,gn,20191108,gs://cmip6/CMIP6/CMIP/NCC/NorESM2-MM/historical/r1i1p1f1/Amon/ps/gn/v20191108/,"CMIP6 model data produced by NCC is licensed under a Creative Commons Attribution ShareAlike 4.0 International License (https://creativecommons.org/licenses). Consult https://pcmdi.llnl.gov/CMIP6/TermsOfUse for terms of use governing CMIP6 output, including citation requirements and proper acknowledgment. Further information about this data, including some limitations, can be found via the further_info_url (recorded as a global attribute in this file) and at https:///pcmdi.llnl.gov/. The data producers and data providers make no warranty, either express or implied, including, but not limited to, warranties of merchantability and fitness for a particular purpose. All liabilities arising from the supply of the information (including any liability arising in negligence) are excluded to the fullest extent permitted by law."
CMIP6_Guajira/NorESM2-MM_historical_sfcWind_day_r1i1p1f1_guajira.nc,NorESM2-MM,NCC,CMIP,historical,sfcWind,day,r1i1p1f1,gn,20191108,gs://cmip6/CMIP6/CMIP/NCC/NorESM2-MM/historical/r1i1p1f1/day/sfcWind/gn/v20191108/,"CMIP6 model data produced by NCC is licensed under a Creative Commons Attribution ShareAlike 4.0 International License (https://creativecommons.org/licenses). Consult https://pcmdi.llnl.gov/CMIP6/TermsOfUse for terms of use governing CMIP6 output, including citation requirements and proper acknowledgment. Further information about this data, including some limitations, can be found via the further_info_url (recorded as a global attribute in this file) and at https:///pcmdi.llnl.gov/. The data producers and data providers make no warranty, either express or implied, including, but not limited to, warranties of merchantability and fitness for a particular purpose. All liabilities arising from the supply of the information (including any liability arising in negligence) are excluded to the fullest extent permitted by law."
CMIP6_Guajira/NorESM2-MM_historical_tas_day_r1i1p1f1_guajira.nc,NorESM2-MM,NCC,CMIP,historical,tas,day,r1i1p1f1,gn,20191108,gs://cmip6/CMIP6/CMIP/NCC/NorESM2-MM/historical/r1i1p1f1/day/tas/gn/v20191108/,"CMIP6 model data produced by NCC is licensed under a Creative Commons Attribution ShareAlike 4.0 International License (https://creativecommons.org/licenses). Consult https://pcmdi.llnl.gov/CMIP6/TermsOfUse for terms of use governing CMIP6 output, including citation requirements and proper acknowledgment. Further information about this data, including some limitations, can be found via the further_info_url (recorded as a global attribute in this file) and at https:///pcmdi.llnl.gov/. The data producers and data providers make no warranty, either express or implied, including, but not limited to, warranties of merchantability and fitness for a particular purpose. All liabilities arising from the supply of the information (including any liability arising in negligence) are excluded to the fullest extent permitted by law."
CMIP6_Guajira/NorESM2-MM_ssp126_ps_Amon_r1i1p1f1_guajira.nc,NorESM2-MM,NCC,ScenarioMIP,ssp126,ps,Amon,r1i1p1f1,gn,20191108,gs://cmip6/CMIP6/ScenarioMIP/NCC/NorESM2-MM/ssp126/r1i1p1f1/Amon/ps/gn/v20191108/,"CMIP6 model data produced by NCC is licensed under a Creative Commons Attribution ShareAlike 4.0 International License (https://creativecommons.org/licenses). Consult https://pcmdi.llnl.gov/CMIP6/TermsOfUse for terms of use governing CMIP6 output, including citation requirements and proper acknowledgment. Further information about this data, including some limitations, can be found via the further_info_url (recorded as a global attribute in this file) and at https:///pcmdi.llnl.gov/. The data producers and data providers make no warranty, either express or implied, including, but not limited to, warranties of merchantability and fitness for a particular purpose. All liabilities arising from the supply of the information (including any liability arising in negligence) are excluded to the fullest extent permitted by law."
CMIP6_Guajira/NorESM2-MM_ssp126_sfcWind_day_r1i1p1f1_guajira.nc,NorESM2-MM,NCC,ScenarioMIP,ssp126,sfcWind,day,r1i1p1f1,gn,20191108,gs://cmip6/CMIP6/ScenarioMIP/NCC/NorESM2-MM/ssp126/r1i1p1f1/day/sfcWind/gn/v20191108/,"CMIP6 model data produced by NCC is licensed under a Creative Commons Attribution ShareAlike 4.0 International License (https://creativecommons.org/licenses). Consult https://pcmdi.llnl.gov/CMIP6/TermsOfUse for terms of use governing CMIP6 output, including citation requirements and proper acknowledgment. Further information about this data, including some limitations, can be found via the further_info_url (recorded as a global attribute in this file) and at https:///pcmdi.llnl.gov/. The data producers and data providers make no warranty, either express or implied, including, but not limited to, warranties of merchantability and fitness for a particular purpose. All liabilities arising from the supply of the information (including any liability arising in negligence) are excluded to the fullest extent permitted by law."
CMIP6_Guajira/NorESM2-MM_ssp126_tas_day_r1i1p1f1_guajira.nc,NorESM2-MM,NCC,ScenarioMIP,ssp126,tas,day,r1i1p1f1,gn,20191108,gs://cmip6/CMIP6/ScenarioMIP/NCC/NorESM2-MM/ssp126/r1i1p1f1/day/tas/gn/v20191108/,"CMIP6 model data produced by NCC is licensed under a Creative Commons Attribution ShareAlike 4.0 International License (https://creativecommons.org/licenses). Consult https://pcmdi.llnl.gov/CMIP6/TermsOfUse for terms of use governing CMIP6 output, including citation requirements and proper acknowledgment. Further information about this data, including some limitations, can be found via the further_info_url (recorded as a global attribute in this file) and at https:///pcmdi.llnl.gov/. The data producers and data providers make no warranty, either express or implied, including, but not limited to, warranties of merchantability and fitness for a particular purpose. All liabilities arising from the supply of the information (including any liability arising in negligence) are excluded to the fullest extent permitted by law."
CMIP6_Guajira/NorESM2-MM_ssp245_ps_Amon_r1i1p1f1_guajira.nc,NorESM2-MM,NCC,ScenarioMIP,ssp245,ps,Amon,r1i1p1f1,gn,20191108,gs://cmip6/CMIP6/ScenarioMIP/NCC/NorESM2-MM/ssp245/r1i1p1f1/Amon/ps/gn/v20191108/,"CMIP6 model data produced by NCC is licensed under a Creative Commons Attribution ShareAlike 4.0 International License (https://creativecommons.org/licenses). Consult https://pcmdi.llnl.gov/CMIP6/TermsOfUse for terms of use governing CMIP6 output, including citation requirements and proper acknowledgment. Further information about this data, including some limitations, can be found via the further_info_url (recorded as a global attribute in this file) and at https:///pcmdi.llnl.gov/. The data producers and data providers make no warranty, either express or implied, including, but not limited to, warranties of merchantability and fitness for a particular purpose. All liabilities arising from the supply of the information (including any liability arising in negligence) are excluded to the fullest extent permitted by law."
CMIP6_Guajira/NorESM2-MM_ssp245_sfcWind_day_r1i1p1f1_guajira.nc,NorESM2-MM,NCC,ScenarioMIP,ssp245,sfcWind,day,r1i1p1f1,gn,20191108,gs://cmip6/CMIP6/ScenarioMIP/NCC/NorESM2-MM/ssp245/r1i1p1f1/day/sfcWind/gn/v20191108/,"CMIP6 model data produced by NCC is licensed under a Creative Commons Attribution ShareAlike 4.0 International License (https://creativecommons.org/licenses). Consult https://pcmdi.llnl.gov/CMIP6/TermsOfUse for terms of use governing CMIP6 output, including citation requirements and proper acknowledgment. Further information about this data, including some limitations, can be found via the further_info_url (recorded as a global attribute in this file) and at https:///pcmdi.llnl.gov/. The data producers and data providers make no warranty, either express or implied, including, but not limited to, warranties of merchantability and fitness for a particular purpose. All liabilities arising from the supply of the information (including any liability arising in negligence) are excluded to the fullest extent permitted by law."
CMIP6_Guajira/NorESM2-MM_ssp245_tas_day_r1i1p1f1_guajira.nc,NorESM2-MM,NCC,ScenarioMIP,ssp245,tas,day,r1i1p1f1,gn,20191108,gs://cmip6/CMIP6/ScenarioMIP/NCC/NorESM2-MM/ssp245/r1i1p1f1/day/tas/gn/v20191108/,"CMIP6 model data produced by NCC is licensed under a Creative Commons Attribution ShareAlike 4.0 International License (https://creativecommons.org/licenses). Consult https://pcmdi.llnl.gov/CMIP6/TermsOfUse for terms of use governing CMIP6 output, including citation requirements and proper acknowledgment. Further information about this data, including some limitations, can be found via the further_info_url (recorded as a global attribute in this file) and at https:///pcmdi.llnl.gov/. The data producers and data providers make no warranty, either express or implied, including, but not limited to, warranties of merchantability and fitness for a particular purpose. All liabilities arising from the supply of the information (including any liability arising in negligence) are excluded to the fullest extent permitted by law."
CMIP6_Guajira/NorESM2-MM_ssp585_ps_Amon_r1i1p1f1_guajira.nc,NorESM2-MM,NCC,ScenarioMIP,ssp585,ps,Amon,r1i1p1f1,gn,20191108,gs://cmip6/CMIP6/ScenarioMIP/NCC/NorESM2-MM/ssp585/r1i1p1f1/Amon/ps/gn/v20191108/,"CMIP6 model data produced by NCC is licensed under a Creative Commons Attribution ShareAlike 4.0 International License (https://creativecommons.org/licenses). Consult https://pcmdi.llnl.gov/CMIP6/TermsOfUse for terms of use governing CMIP6 output, including citation requirements and proper acknowledgment. Further information about this data, including some limitations, can be found via the further_info_url (recorded as a global attribute in this file) and at https:///pcmdi.llnl.gov/. The data producers and data providers make no warranty, either express or implied, including, but not limited to, warranties of merchantability and fitness for a particular purpose. All liabilities arising from the supply of the information (including any liability arising in negligence) are excluded to the fullest extent permitted by law."
CMIP6_Guajira/NorESM2-MM_ssp585_sfcWind_day_r1i1p1f1_guajira.nc,NorESM2-MM,NCC,ScenarioMIP,ssp585,sfcWind,day,r1i1p1f1,gn,20191108,gs://cmip6/CMIP6/ScenarioMIP/NCC/NorESM2-MM/ssp585/r1i1p1f1/day/sfcWind/gn/v20191108/,"CMIP6 model data produced by NCC is licensed under a Creative Commons Attribution ShareAlike 4.0 International License (https://creativecommons.org/licenses). Consult https://pcmdi.llnl.gov/CMIP6/TermsOfUse for terms of use governing CMIP6 output, including citation requirements and proper acknowledgment. Further information about this data, including some limitations, can be found via the further_info_url (recorded as a global attribute in this file) and at https:///pcmdi.llnl.gov/. The data producers and data providers make no warranty, either express or implied, including, but not limited to, warranties of merchantability and fitness for a particular purpose. All liabilities arising from the supply of the information (including any liability arising in negligence) are excluded to the fullest extent permitted by law."
CMIP6_Guajira/NorESM2-MM_ssp585_tas_day_r1i1p1f1_guajira.nc,NorESM2-MM,NCC,ScenarioMIP,ssp585,tas,day,r1i1p1f1,gn,20191108,gs://cmip6/CMIP6/ScenarioMIP/NCC/NorESM2-MM/ssp585/r1i1p1f1/day/tas/gn/v20191108/,"CMIP6 model data produced by NCC is licensed under a Creative Commons Attribution ShareAlike 4.0 International License (https://creativecommons.org/licenses). Consult https://pcmdi.llnl.gov/CMIP6/TermsOfUse for terms of use governing CMIP6 output, including citation requirements and proper acknowledgment. Further information about this data, including some limitations, can be found via the further_info_url (recorded as a global attribute in this file) and at https:///pcmdi.llnl.gov/. The data producers and data providers make no warranty, either express or implied, including, but not limited to, warranties of merchantability and fitness for a particular purpose. All liabilities arising from the supply of the information (including any liability arising in negligence) are excluded to the fullest extent permitted by law."
