model,scenario,horizon,year,n_days,cf_annual,energy_plant_GWh
ACCESS-CM2,historical,historico,1981,365,0.601143957246262,5801.048805729744
ACCESS-CM2,historical,historico,1982,365,0.647145009903136,6244.9596998854195
ACCESS-CM2,historical,historico,1983,365,0.6301326039944946,6080.789710668536
ACCESS-CM2,historical,historico,1984,366,0.5766250523153256,5579.686024626862
ACCESS-CM2,historical,historico,1985,365,0.6793875729119695,6556.1009488016725
ACCESS-CM2,historical,historico,1986,365,0.4122224887995353,3977.9536124753367
ACCESS-CM2,historical,historico,1987,365,0.624699221799128,6028.357485549133
ACCESS-CM2,historical,historico,1988,366,0.6198010643695797,5997.476736443703
ACCESS-CM2,historical,historico,1989,365,0.669519097016031,6460.869998510251
ACCESS-CM2,historical,historico,1990,365,0.6494411783248119,6267.117761893287
ACCESS-CM2,historical,historico,1991,365,0.6151153850941539,5935.873308004746
ACCESS-CM2,historical,historico,1992,366,0.696143863222417,6736.204348311555
ACCESS-CM2,historical,historico,1993,365,0.507302549186326,4895.477716488833
ACCESS-CM2,historical,historico,1994,365,0.6036871818296989,5825.590963651503
ACCESS-CM2,historical,historico,1995,365,0.6869824342621995,6629.391482349173
ACCESS-CM2,historical,historico,1996,366,0.672839404497559,6510.699816143783
ACCESS-CM2,historical,historico,1997,365,0.7593554513012244,7327.792254744036
ACCESS-CM2,historical,historico,1998,365,0.5874516752016103,5668.918064922343
ACCESS-CM2,historical,historico,1999,365,0.5330053995421241,5143.51063366789
ACCESS-CM2,historical,historico,2000,366,0.509881704793258,4933.847065826222
ACCESS-CM2,historical,historico,2001,365,0.6374041009735721,6150.959772860587
ACCESS-CM2,historical,historico,2002,365,0.6745058589926605,6508.992331372917
ACCESS-CM2,historical,historico,2003,365,0.664550926305755,6412.927071665356
ACCESS-CM2,historical,historico,2004,366,0.6331302518833203,6126.456011609463
ACCESS-CM2,historical,historico,2005,365,0.6505131251410212,6277.462065820857
ACCESS-CM2,historical,historico,2006,365,0.5812997889544679,5609.552264207238
ACCESS-CM2,historical,historico,2007,365,0.645061528084232,6224.854066997288
ACCESS-CM2,historical,historico,2008,366,0.6905288155298495,6681.8705953605995
ACCESS-CM2,historical,historico,2009,365,0.7608808340680139,7342.512222849678
ACCESS-CM2,historical,historico,2010,365,0.6001313071134301,5791.276715745515
ACCESS-CM2,historical,historico,2011,365,0.6929071855871551,6686.565427431016
ACCESS-CM2,historical,historico,2012,366,0.5617062059678614,5435.324488245018
ACCESS-CM2,historical,historico,2013,365,0.696451900197673,6720.771980137947
ACCESS-CM2,historical,historico,2014,365,0.7011821556368448,6766.419020810043
ACCESS-CM2,ssp126,medio,2040,366,0.5606380199579827,5424.988235029709
ACCESS-CM2,ssp126,medio,2041,365,0.7502511616655316,7239.935714090967
ACCESS-CM2,ssp126,medio,2042,365,0.7046219618279568,6799.613205591172
ACCESS-CM2,ssp126,medio,2043,365,0.561524564025376,5418.7210272379025
ACCESS-CM2,ssp126,medio,2044,366,0.6286116646629148,6082.732108418786
ACCESS-CM2,ssp126,medio,2045,365,0.709803584205454,6849.615944439977
ACCESS-CM2,ssp126,medio,2046,365,0.6930521594713775,6687.964427733344
ACCESS-CM2,ssp126,medio,2047,365,0.7152852473462604,6902.514081455371
ACCESS-CM2,ssp126,medio,2048,366,0.6557697709657239,6345.5262856482705
ACCESS-CM2,ssp126,medio,2049,365,0.48977038084283164,4726.292011459419
ACCESS-CM2,ssp126,medio,2050,365,0.6641727479020197,6409.277644018456
ACCESS-CM2,ssp126,medio,2051,365,0.5345917869955038,5158.819297975203
ACCESS-CM2,ssp126,medio,2052,366,0.5984369423212427,5790.747783646933
ACCESS-CM2,ssp126,medio,2053,365,0.5592086820581106,5396.372729199679
ACCESS-CM2,ssp126,medio,2054,365,0.42731303772312773,4123.577651036786
ACCESS-CM2,ssp126,medio,2055,365,0.709770574911741,6849.297404227499
ACCESS-CM2,ssp126,medio,2056,366,0.5583945472021212,5403.279373209973
ACCESS-CM2,ssp126,medio,2057,365,0.6781237251114616,6543.904797305205
ACCESS-CM2,ssp126,medio,2058,365,0.6053693142748829,5841.823568661649
ACCESS-CM2,ssp126,medio,2059,365,0.6574165802687552,6344.080518258771
ACCESS-CM2,ssp126,medio,2060,366,0.656575433159885,6353.322239131874
ACCESS-CM2,ssp126,medio,2061,365,0.6171193912361816,5955.211999339412
ACCESS-CM2,ssp126,medio,2062,365,0.6530981771343451,6302.407858917264
ACCESS-CM2,ssp126,medio,2063,365,0.630653775716239,6085.819026122117
ACCESS-CM2,ssp126,medio,2064,366,0.6337885158598485,6132.8256729615005
ACCESS-CM2,ssp126,medio,2065,365,0.6434447206330227,6209.251849224199
ACCESS-CM2,ssp126,medio,2066,365,0.6791708702362371,6554.009764513612
ACCESS-CM2,ssp126,medio,2067,365,0.5647215995670726,5449.572471367844
ACCESS-CM2,ssp126,medio,2068,366,0.6720643453625048,6503.199991766129
ACCESS-CM2,ssp126,medio,2069,365,0.6951951534944728,6708.644354344117
ACCESS-CM2,ssp126,lejano,2070,365,0.6378199871578897,6154.97308119343
ACCESS-CM2,ssp126,lejano,2071,365,0.5943096586365317,5735.097714797069
ACCESS-CM2,ssp126,lejano,2072,366,0.7288556825853981,7052.738776718477
ACCESS-CM2,ssp126,lejano,2073,365,0.6793829594636743,6556.056428951808
ACCESS-CM2,ssp126,lejano,2074,365,0.4790369254667783,4622.713995345217
ACCESS-CM2,ssp126,lejano,2075,365,0.6816882603054004,6578.302618959279
ACCESS-CM2,ssp126,lejano,2076,366,0.6786269198992334,6566.702445017383
ACCESS-CM2,ssp126,lejano,2077,365,0.608195955288867,5869.100699672851
ACCESS-CM2,ssp126,lejano,2078,365,0.723345605867457,6980.296670150654
ACCESS-CM2,ssp126,lejano,2079,365,0.6350341401810379,6128.0896132932585
ACCESS-CM2,ssp126,lejano,2080,366,0.628263035284484,6079.3586121359
ACCESS-CM2,ssp126,lejano,2081,365,0.6573912987995159,6343.836551676109
ACCESS-CM2,ssp126,lejano,2082,365,0.5758050094047811,5556.527553636287
ACCESS-CM2,ssp126,lejano,2083,365,0.6638248251097102,6405.920183505905
ACCESS-CM2,ssp126,lejano,2084,366,0.6243249053914565,6041.2514778047425
ACCESS-CM2,ssp126,lejano,2085,365,0.7342762532162502,7085.777591956865
ACCESS-CM2,ssp126,lejano,2086,365,0.6658828835801622,6425.780480674703
ACCESS-CM2,ssp126,lejano,2087,365,0.6096620887092947,5883.248910638114
ACCESS-CM2,ssp126,lejano,2088,366,0.6345471394877852,6140.166459903991
ACCESS-CM2,ssp126,lejano,2089,365,0.7381460514667558,7123.121206991017
ACCESS-CM2,ssp126,lejano,2090,365,0.6668493698809622,6435.107088941202
ACCESS-CM2,ssp126,lejano,2091,365,0.6960417587837097,6716.814108930939
ACCESS-CM2,ssp126,lejano,2092,366,0.5731817548169003,5546.367113397716
ACCESS-CM2,ssp126,lejano,2093,365,0.659281660793119,6362.078575160171
ACCESS-CM2,ssp126,lejano,2094,365,0.5848143100913781,5643.467449410759
ACCESS-CM2,ssp126,lejano,2095,365,0.715180060099964,6901.4990228456145
ACCESS-CM2,ssp126,lejano,2096,366,0.5658039726189718,5474.976340386328
ACCESS-CM2,ssp126,lejano,2097,365,0.6452185638040101,6226.369464205718
ACCESS-CM2,ssp126,lejano,2098,365,0.6880682832506783,6639.869942461576
ACCESS-CM2,ssp126,lejano,2099,365,0.7517981283508086,7254.863967355356
ACCESS-CM2,ssp245,medio,2040,366,0.5877858137039119,5687.682623272799
ACCESS-CM2,ssp245,medio,2041,365,0.6929230893049552,6686.718898562245
ACCESS-CM2,ssp245,medio,2042,365,0.6779454220576174,6542.18416998276
ACCESS-CM2,ssp245,medio,2043,365,0.5319642576472692,5133.463597724269
ACCESS-CM2,ssp245,medio,2044,366,0.6876965755007329,6654.464553868998
ACCESS-CM2,ssp245,medio,2045,365,0.6186108537033904,5969.604636011377
ACCESS-CM2,ssp245,medio,2046,365,0.5545488182763657,5351.404969148021
ACCESS-CM2,ssp245,medio,2047,365,0.613461169445251,5919.910100525383
ACCESS-CM2,ssp245,medio,2048,366,0.6729758861632013,6512.020474757807
ACCESS-CM2,ssp245,medio,2049,365,0.7328729687949278,7072.235874838553
ACCESS-CM2,ssp245,medio,2050,365,0.709440792808464,6846.115001654362
ACCESS-CM2,ssp245,medio,2051,365,0.6702607096986376,6468.026572763208
ACCESS-CM2,ssp245,medio,2052,366,0.623334506848823,6031.667931469123
ACCESS-CM2,ssp245,medio,2053,365,0.6077099207291203,5864.410458394743
ACCESS-CM2,ssp245,medio,2054,365,0.6886875005759093,6645.845399557534
ACCESS-CM2,ssp245,medio,2055,365,0.653826613916673,6309.437285521717
ACCESS-CM2,ssp245,medio,2056,366,0.6276123025554683,6073.061826556992
ACCESS-CM2,ssp245,medio,2057,365,0.7412211423827934,7152.795883532233
ACCESS-CM2,ssp245,medio,2058,365,0.6768643177853535,6531.751496457745
ACCESS-CM2,ssp245,medio,2059,365,0.6577950870135043,6347.733114401708
ACCESS-CM2,ssp245,medio,2060,366,0.7170579855661061,6938.578899486284
ACCESS-CM2,ssp245,medio,2061,365,0.6744854985857219,6508.795853120194
ACCESS-CM2,ssp245,medio,2062,365,0.5946483417299194,5738.366012067189
ACCESS-CM2,ssp245,medio,2063,365,0.6679057374656787,6445.301053035599
ACCESS-CM2,ssp245,medio,2064,366,0.6445767162717176,6237.217202305013
ACCESS-CM2,ssp245,medio,2065,365,0.6059807575162246,5847.724005723687
ACCESS-CM2,ssp245,medio,2066,365,0.6797073723567649,6559.1870185607395
ACCESS-CM2,ssp245,medio,2067,365,0.6974006684656439,6729.927609104158
ACCESS-CM2,ssp245,medio,2068,366,0.6710008376709888,6492.909008085125
ACCESS-CM2,ssp245,medio,2069,365,0.5308812725799926,5123.012774497289
ACCESS-CM2,ssp245,lejano,2070,365,0.5814404970960065,5610.910100024416
ACCESS-CM2,ssp245,lejano,2071,365,0.6302375535372452,6081.802475435272
ACCESS-CM2,ssp245,lejano,2072,366,0.6202545708173917,6001.865070906061
ACCESS-CM2,ssp245,lejano,2073,365,0.5208734760880745,5026.437378225536
ACCESS-CM2,ssp245,lejano,2074,365,0.6764152298321628,6527.4177905240485
ACCESS-CM2,ssp245,lejano,2075,365,0.4928862113648919,4756.359825850588
ACCESS-CM2,ssp245,lejano,2076,366,0.6413159724727443,6205.664763624165
ACCESS-CM2,ssp245,lejano,2077,365,0.6250221522189197,6031.47376926701
ACCESS-CM2,ssp245,lejano,2078,365,0.7067759587671791,6820.399310518617
ACCESS-CM2,ssp245,lejano,2079,365,0.6400264904343171,6176.265873115007
ACCESS-CM2,ssp245,lejano,2080,366,0.7039321122093186,6811.5669844891545
ACCESS-CM2,ssp245,lejano,2081,365,0.6253350902257961,6034.493626040376
ACCESS-CM2,ssp245,lejano,2082,365,0.7055814070071622,6808.871866921627
ACCESS-CM2,ssp245,lejano,2083,365,0.5268373632544219,5083.988984802982
ACCESS-CM2,ssp245,lejano,2084,366,0.6560317926310398,6348.061726344513
ACCESS-CM2,ssp245,lejano,2085,365,0.5739261332064751,5538.396368260615
ACCESS-CM2,ssp245,lejano,2086,365,0.6032580762996951,5821.4500884212775
ACCESS-CM2,ssp245,lejano,2087,365,0.5838250149268872,5633.9207352447
ACCESS-CM2,ssp245,lejano,2088,366,0.6263874518503024,6061.209614561646
ACCESS-CM2,ssp245,lejano,2089,365,0.5110078598983331,4931.234024144673
ACCESS-CM2,ssp245,lejano,2090,365,0.6342763763612727,6120.777180308302
ACCESS-CM2,ssp245,lejano,2091,365,0.6520832815499495,6292.614100289517
ACCESS-CM2,ssp245,lejano,2092,366,0.6416584383995073,6208.97861954804
ACCESS-CM2,ssp245,lejano,2093,365,0.6300933290043285,6080.410706385033
ACCESS-CM2,ssp245,lejano,2094,365,0.6054492501847529,5842.594951470868
ACCESS-CM2,ssp245,lejano,2095,365,0.6735995166710517,6500.246113467915
ACCESS-CM2,ssp245,lejano,2096,366,0.544689203330666,5270.660238201517
ACCESS-CM2,ssp245,lejano,2097,365,0.6918221793417223,6676.095099802488
ACCESS-CM2,ssp245,lejano,2098,365,0.6616698245007239,6385.124393149176
ACCESS-CM2,ssp245,lejano,2099,365,0.4696597789953905,4532.224381861982
ACCESS-CM2,ssp585,medio,2040,366,0.6391253206522438,6184.467021176815
ACCESS-CM2,ssp585,medio,2041,365,0.6290437840973189,6070.282581239672
ACCESS-CM2,ssp585,medio,2042,365,0.731384765525439,7057.874689476734
ACCESS-CM2,ssp585,medio,2043,365,0.7247944995556312,6994.278517423833
ACCESS-CM2,ssp585,medio,2044,366,0.5531047888012085,5352.093267256524
ACCESS-CM2,ssp585,medio,2045,365,0.6973046818401588,6729.001336632441
ACCESS-CM2,ssp585,medio,2046,365,0.6288251532748946,6068.172790305185
ACCESS-CM2,ssp585,medio,2047,365,0.722943598882011,6976.417296308988
ACCESS-CM2,ssp585,medio,2048,366,0.5885454881652893,5695.033578557161
ACCESS-CM2,ssp585,medio,2049,365,0.7140158187828214,6890.264075507326
ACCESS-CM2,ssp585,medio,2050,365,0.6472416807188668,6245.8925748039555
ACCESS-CM2,ssp585,medio,2051,365,0.7554942879801235,7290.531966916799
ACCESS-CM2,ssp585,medio,2052,366,0.6848970245351547,6627.374826610105
ACCESS-CM2,ssp585,medio,2053,365,0.600139280608637,5791.353660101836
ACCESS-CM2,ssp585,medio,2054,365,0.6748779664226711,6512.583174026237
ACCESS-CM2,ssp585,medio,2055,365,0.6869065735123356,6628.659424899215
ACCESS-CM2,ssp585,medio,2056,366,0.7227690071162763,6993.841339093922
ACCESS-CM2,ssp585,medio,2057,365,0.7556276554127838,7291.81896477585
ACCESS-CM2,ssp585,medio,2058,365,0.7151770452662898,6901.4699296524195
ACCESS-CM2,ssp585,medio,2059,365,0.6962337160747346,6718.666499860647
ACCESS-CM2,ssp585,medio,2060,366,0.6884451343627208,6661.70794956274
ACCESS-CM2,ssp585,medio,2061,365,0.6670347401590389,6436.8959150905675
ACCESS-CM2,ssp585,medio,2062,365,0.6936905776013859,6694.125172902614
ACCESS-CM2,ssp585,medio,2063,365,0.7018191045866734,6772.565588367071
ACCESS-CM2,ssp585,medio,2064,366,0.47366813125142515,4583.42807278763
ACCESS-CM2,ssp585,medio,2065,365,0.76890401322578,7419.9360300929875
ACCESS-CM2,ssp585,medio,2066,365,0.6637134792547663,6404.845694224162
ACCESS-CM2,ssp585,medio,2067,365,0.6406422887967694,6182.208337165446
ACCESS-CM2,ssp585,medio,2068,366,0.7631233963249358,7384.328746111368
ACCESS-CM2,ssp585,medio,2069,365,0.684246359608919,6602.9883181678215
ACCESS-CM2,ssp585,lejano,2070,365,0.6519814229980905,6291.631163634342
ACCESS-CM2,ssp585,lejano,2071,365,0.6375319210849615,6152.193238980615
ACCESS-CM2,ssp585,lejano,2072,366,0.7562583627482204,7317.899561751813
ACCESS-CM2,ssp585,lejano,2073,365,0.7060113910634892,6813.021219944927
ACCESS-CM2,ssp585,lejano,2074,365,0.6941572435490649,6698.628506764373
ACCESS-CM2,ssp585,lejano,2075,365,0.7401692407721171,7142.645016158782
ACCESS-CM2,ssp585,lejano,2076,366,0.6543206280547462,6331.503720351112
ACCESS-CM2,ssp585,lejano,2077,365,0.7017188847177113,6771.598465028069
ACCESS-CM2,ssp585,lejano,2078,365,0.6041683282269644,5830.234034083458
ACCESS-CM2,ssp585,lejano,2079,365,0.7427617384164927,7167.66265990697
ACCESS-CM2,ssp585,lejano,2080,366,0.6756993846455778,6538.374283630993
ACCESS-CM2,ssp585,lejano,2081,365,0.7666646152402402,7398.3258037021615
ACCESS-CM2,ssp585,lejano,2082,365,0.7179865832504226,6928.5820161519105
ACCESS-CM2,ssp585,lejano,2083,365,0.7796720693896345,7523.847944363083
ACCESS-CM2,ssp585,lejano,2084,366,0.7162441209573469,6930.703575711851
ACCESS-CM2,ssp585,lejano,2085,365,0.7753969781581395,7482.593245577696
ACCESS-CM2,ssp585,lejano,2086,365,0.7883470599992715,7607.561742545929
ACCESS-CM2,ssp585,lejano,2087,365,0.7272816279702794,7018.279346419243
ACCESS-CM2,ssp585,lejano,2088,366,0.7294211900438387,7058.210883852938
ACCESS-CM2,ssp585,lejano,2089,365,0.7818182134569621,7544.558268951099
ACCESS-CM2,ssp585,lejano,2090,365,0.7598909799200632,7332.960114484288
ACCESS-CM2,ssp585,lejano,2091,365,0.7641927711907079,7374.47246907467
ACCESS-CM2,ssp585,lejano,2092,366,0.7422151450989339,7182.011006539216
ACCESS-CM2,ssp585,lejano,2093,365,0.7664898106285737,7396.638936402705
ACCESS-CM2,ssp585,lejano,2094,365,0.7091114474526807,6842.936813701527
ACCESS-CM2,ssp585,lejano,2095,365,0.7291874324019316,7036.670389677558
ACCESS-CM2,ssp585,lejano,2096,366,0.6470471318602324,6261.122066096326
ACCESS-CM2,ssp585,lejano,2097,365,0.7458068484029122,7197.048019997676
ACCESS-CM2,ssp585,lejano,2098,365,0.7236336138378311,6983.075951672891
ACCESS-CM2,ssp585,lejano,2099,365,0.655008361017082,6320.841163948617
CanESM5,historical,historico,1981,365,0.653704392231796,6308.257844307107
CanESM5,historical,historico,1982,365,0.643646549937573,6211.199505242378
CanESM5,historical,historico,1983,365,0.5435097872432738,5244.878143054188
CanESM5,historical,historico,1984,365,0.6532436860273176,6303.8120220625915
CanESM5,historical,historico,1985,365,0.5770854191180228,5568.883527855625
CanESM5,historical,historico,1986,365,0.6376729740330697,6153.554402186705
CanESM5,historical,historico,1987,365,0.47210418909355323,4555.8129784198145
CanESM5,historical,historico,1988,365,0.4965477199685593,4791.693442460117
CanESM5,historical,historico,1989,365,0.6660916568655415,6427.795146218985
CanESM5,historical,historico,1990,365,0.6036305134559526,5825.044112938157
CanESM5,historical,historico,1991,365,0.6835415324820435,6596.18672511624
CanESM5,historical,historico,1992,365,0.5774137690302042,5572.052109761775
CanESM5,historical,historico,1993,365,0.7166154742322384,6915.350792188688
CanESM5,historical,historico,1994,365,0.6512343960081861,6284.422341229331
CanESM5,historical,historico,1995,365,0.6618232506057644,6386.604957517636
CanESM5,historical,historico,1996,365,0.635715729578536,6134.666961884544
CanESM5,historical,historico,1997,365,0.6241923252654779,6023.465925889065
CanESM5,historical,historico,1998,365,0.5742526305264839,5541.547072622657
CanESM5,historical,historico,1999,365,0.6578952947161951,6348.700120335998
CanESM5,historical,historico,2000,365,0.7507758251465286,7244.998725077204
CanESM5,historical,historico,2001,365,0.5808043784483765,5604.771544896888
CanESM5,historical,historico,2002,365,0.6943661856723609,6700.644801597253
CanESM5,historical,historico,2003,365,0.6405773678274114,6181.581848772405
CanESM5,historical,historico,2004,365,0.6302814549936088,6082.226125191603
CanESM5,historical,historico,2005,365,0.6669444811512503,6436.024914221262
CanESM5,historical,historico,2006,365,0.6445453542171701,6219.872980921358
CanESM5,historical,historico,2007,365,0.6905255439196543,6663.582547233365
CanESM5,historical,historico,2008,365,0.6784583480929998,6547.133914431017
CanESM5,historical,historico,2009,365,0.7230175335371906,6977.130766914425
CanESM5,historical,historico,2010,365,0.7202922155206797,6950.831404450006
CanESM5,historical,historico,2011,365,0.6965204878606294,6721.433852182879
CanESM5,historical,historico,2012,365,0.7037009830416655,6790.725745567801
CanESM5,historical,historico,2013,365,0.6936727671123766,6693.9533013987075
CanESM5,historical,historico,2014,365,0.5739080444088065,5538.221811073692
CanESM5,ssp126,medio,2040,365,0.7020348394859357,6774.6474335967105
CanESM5,ssp126,medio,2041,365,0.6704458976633053,6469.813639585258
CanESM5,ssp126,medio,2042,365,0.6974925497146721,6730.81426462738
CanESM5,ssp126,medio,2043,365,0.6877636306515559,6636.930040005604
CanESM5,ssp126,medio,2044,365,0.7833798658148741,7559.628239191387
CanESM5,ssp126,medio,2045,365,0.7350351104848148,7093.10057674023
CanESM5,ssp126,medio,2046,365,0.7682050569015973,7413.191090381324
CanESM5,ssp126,medio,2047,365,0.6293424078241414,6073.164304981489
CanESM5,ssp126,medio,2048,365,0.721221180570138,6959.795932040719
CanESM5,ssp126,medio,2049,365,0.7223127712119968,6970.329799200107
CanESM5,ssp126,medio,2050,365,0.6821881082889996,6583.126159998578
CanESM5,ssp126,medio,2051,365,0.7082353779887443,6834.482729357429
CanESM5,ssp126,medio,2052,365,0.7454025195156817,7193.146239766641
CanESM5,ssp126,medio,2053,365,0.7389682450662959,7131.055388381676
CanESM5,ssp126,medio,2054,365,0.761138302159541,7344.996794052405
CanESM5,ssp126,medio,2055,365,0.662817844488572,6396.20280440023
CanESM5,ssp126,medio,2056,365,0.7496276585390617,7233.91889894448
CanESM5,ssp126,medio,2057,365,0.7194561253757686,6942.763121174173
CanESM5,ssp126,medio,2058,365,0.5902795211563989,5696.206823631587
CanESM5,ssp126,medio,2059,365,0.6618247388052095,6386.619318666092
CanESM5,ssp126,medio,2060,365,0.5868212049359834,5662.834016771519
CanESM5,ssp126,medio,2061,365,0.6063109338838422,5850.910212954018
CanESM5,ssp126,medio,2062,365,0.6787987269449959,6550.418575798842
CanESM5,ssp126,medio,2063,365,0.6447984557916239,6222.315415164462
CanESM5,ssp126,medio,2064,365,0.6997405900485663,6752.507889818105
CanESM5,ssp126,medio,2065,365,0.6782392115310075,6545.019243101607
CanESM5,ssp126,medio,2066,365,0.7450956464806747,7190.184910068854
CanESM5,ssp126,medio,2067,365,0.6668460969650769,6435.075505250544
CanESM5,ssp126,medio,2068,365,0.6567761131950025,6337.900000749585
CanESM5,ssp126,medio,2069,365,0.68085312118635,6570.243513098216
CanESM5,ssp126,lejano,2070,365,0.5996088315778716,5786.234818467766
CanESM5,ssp126,lejano,2071,365,0.6575077209862152,6344.960027640513
CanESM5,ssp126,lejano,2072,365,0.7342866391353251,7085.877816242113
CanESM5,ssp126,lejano,2073,365,0.6424552859661069,6199.703788857507
CanESM5,ssp126,lejano,2074,365,0.647142890444146,6244.939247072255
CanESM5,ssp126,lejano,2075,365,0.6446018248108993,6220.417923054375
CanESM5,ssp126,lejano,2076,365,0.7174133573199407,6923.0503767511445
CanESM5,ssp126,lejano,2077,365,0.7377255817468207,7119.063667466127
CanESM5,ssp126,lejano,2078,365,0.7200383565811379,6948.381661621685
CanESM5,ssp126,lejano,2079,365,0.7375302702722673,7117.178908611702
CanESM5,ssp126,lejano,2080,365,0.6895983249257044,6654.634869106246
CanESM5,ssp126,lejano,2081,365,0.6355318605013045,6132.892622347356
CanESM5,ssp126,lejano,2082,365,0.6289460714469356,6069.3396526000715
CanESM5,ssp126,lejano,2083,365,0.7538373753627395,7274.542733648442
CanESM5,ssp126,lejano,2084,365,0.7090963281184343,6842.790911884139
CanESM5,ssp126,lejano,2085,365,0.7632258726537323,7365.141882722478
CanESM5,ssp126,lejano,2086,365,0.7337713212120966,7080.904990037871
CanESM5,ssp126,lejano,2087,365,0.5397135066497193,5208.243974585897
CanESM5,ssp126,lejano,2088,365,0.6087254702158806,5874.210527190771
CanESM5,ssp126,lejano,2089,365,0.7037428124706354,6791.129400226631
CanESM5,ssp126,lejano,2090,365,0.685262578100841,6612.794842874365
CanESM5,ssp126,lejano,2091,365,0.5822979083346954,5619.184132196344
CanESM5,ssp126,lejano,2092,365,0.7176672430055835,6925.5003776797685
CanESM5,ssp126,lejano,2093,365,0.6350909863700275,6128.638179926546
CanESM5,ssp126,lejano,2094,365,0.6428455146945677,6203.469502330813
CanESM5,ssp126,lejano,2095,365,0.7085801537846796,6837.80982130462
CanESM5,ssp126,lejano,2096,365,0.6664364115724147,6431.122034656387
CanESM5,ssp126,lejano,2097,365,0.6534916088390452,6306.2044811625265
CanESM5,ssp126,lejano,2098,365,0.7041429252125643,6794.990494588048
CanESM5,ssp126,lejano,2099,365,0.6222496157793167,6004.7187482642585
CanESM5,ssp245,medio,2040,365,0.6600463464181361,6369.457803676556
CanESM5,ssp245,medio,2041,365,0.6684601962116222,6450.651588805294
CanESM5,ssp245,medio,2042,365,0.6906237621664673,6664.530354886603
CanESM5,ssp245,medio,2043,365,0.6611637858531798,6380.2411121037585
CanESM5,ssp245,medio,2044,365,0.7239306734077318,6985.942581275386
CanESM5,ssp245,medio,2045,365,0.7020936214204331,6775.214680205122
CanESM5,ssp245,medio,2046,365,0.5200985250673656,5018.959088476479
CanESM5,ssp245,medio,2047,365,0.7171138672764554,6920.160293039671
CanESM5,ssp245,medio,2048,365,0.5631181453016113,5434.099112050874
CanESM5,ssp245,medio,2049,365,0.5975746898808959,5766.605318545682
CanESM5,ssp245,medio,2050,365,0.6952901591077556,6709.561160032387
CanESM5,ssp245,medio,2051,365,0.6246734333714076,6028.108626809017
CanESM5,ssp245,medio,2052,365,0.5827615705161606,5623.658479666077
CanESM5,ssp245,medio,2053,365,0.6443286632456885,6217.781909579506
CanESM5,ssp245,medio,2054,365,0.5761877208245025,5560.220724959981
CanESM5,ssp245,medio,2055,365,0.7459134528426326,7198.07675454665
CanESM5,ssp245,medio,2056,365,0.6226475626285999,6008.558941726991
CanESM5,ssp245,medio,2057,365,0.6673065549708903,6439.5189323739705
CanESM5,ssp245,medio,2058,365,0.7204925996988254,6952.76511497526
CanESM5,ssp245,medio,2059,365,0.7336819510207961,7080.042566261899
CanESM5,ssp245,medio,2060,365,0.6659714775894303,6426.635414281643
CanESM5,ssp245,medio,2061,365,0.6472047938534017,6245.536615962028
CanESM5,ssp245,medio,2062,365,0.6242114143085787,6023.650135460413
CanESM5,ssp245,medio,2063,365,0.7282075187304419,7027.214207069063
CanESM5,ssp245,medio,2064,365,0.5935385304602545,5727.656315557942
CanESM5,ssp245,medio,2065,365,0.6737496889759332,6501.695278612779
CanESM5,ssp245,medio,2066,365,0.5533314321318901,5339.657173375653
CanESM5,ssp245,medio,2067,365,0.6892831748278896,6651.593665619931
CanESM5,ssp245,medio,2068,365,0.6628245873406389,6396.2678730305615
CanESM5,ssp245,medio,2069,365,0.661620663172368,6384.6499855439615
CanESM5,ssp245,lejano,2070,365,0.6811009075003227,6572.634654992634
CanESM5,ssp245,lejano,2071,365,0.5855882089838017,5650.93558610503
CanESM5,ssp245,lejano,2072,365,0.7224246517371966,6971.409448058375
CanESM5,ssp245,lejano,2073,365,0.6895631767171877,6654.295688331688
CanESM5,ssp245,lejano,2074,365,0.7161364577012731,6910.728275000608
CanESM5,ssp245,lejano,2075,365,0.5690395991383044,5491.241236318223
CanESM5,ssp245,lejano,2076,365,0.6646142691352134,6413.538330983115
CanESM5,ssp245,lejano,2077,365,0.6174879369957115,5958.768471815607
CanESM5,ssp245,lejano,2078,365,0.5862813246997806,5657.624163854077
CanESM5,ssp245,lejano,2079,365,0.7071351835727441,6823.865835639917
CanESM5,ssp245,lejano,2080,365,0.6745126521692668,6509.057885635859
CanESM5,ssp245,lejano,2081,365,0.5583487843468841,5388.074702527981
CanESM5,ssp245,lejano,2082,365,0.6471761231548429,6245.259943262204
CanESM5,ssp245,lejano,2083,365,0.6273821743280061,6054.248020380048
CanESM5,ssp245,lejano,2084,365,0.6621351146717884,6389.614450744592
CanESM5,ssp245,lejano,2085,365,0.7506485367452465,7243.770389968216
CanESM5,ssp245,lejano,2086,365,0.6080426343944985,5867.62115058906
CanESM5,ssp245,lejano,2087,365,0.7043271375431231,6796.768146525338
CanESM5,ssp245,lejano,2088,365,0.6428372661700424,6203.389903937167
CanESM5,ssp245,lejano,2089,365,0.6776790048774712,6539.613239931675
CanESM5,ssp245,lejano,2090,365,0.6117173655954884,5903.082365474312
CanESM5,ssp245,lejano,2091,365,0.6306710179578741,6085.985414029771
CanESM5,ssp245,lejano,2092,365,0.6426484697801728,6201.568015754183
CanESM5,ssp245,lejano,2093,365,0.6098187409603809,5884.7606073675315
CanESM5,ssp245,lejano,2094,365,0.73479048062792,7090.739894707116
CanESM5,ssp245,lejano,2095,365,0.5991117270934699,5781.437752239617
CanESM5,ssp245,lejano,2096,365,0.5299266882628854,5113.801020563856
CanESM5,ssp245,lejano,2097,365,0.7000933781576312,6755.91230071519
CanESM5,ssp245,lejano,2098,365,0.6619566723790726,6387.892479764808
CanESM5,ssp245,lejano,2099,365,0.6876197771810248,6635.541851713324
CanESM5,ssp585,medio,2040,365,0.6178574702735948,5962.334473859713
CanESM5,ssp585,medio,2041,365,0.5731402125611325,5530.812221458329
CanESM5,ssp585,medio,2042,365,0.6096645299026594,5883.27246819314
CanESM5,ssp585,medio,2043,365,0.6968506383431905,6724.619809622001
CanESM5,ssp585,medio,2044,365,0.5191184363904607,5009.501217062929
CanESM5,ssp585,medio,2045,365,0.592680383362429,5719.375182333572
CanESM5,ssp585,medio,2046,365,0.713556610038019,6885.832703772644
CanESM5,ssp585,medio,2047,365,0.6509496874194335,6281.674898792531
CanESM5,ssp585,medio,2048,365,0.6288682285574037,6068.588467470601
CanESM5,ssp585,medio,2049,365,0.6439633708135546,6214.256831764735
CanESM5,ssp585,medio,2050,365,0.5387898511392897,5199.330684131763
CanESM5,ssp585,medio,2051,365,0.6024263376132563,5813.423796789324
CanESM5,ssp585,medio,2052,365,0.6255181790982077,6036.26043658857
CanESM5,ssp585,medio,2053,365,0.6138720219091658,5923.874833375799
CanESM5,ssp585,medio,2054,365,0.6557352374508676,6327.85553316467
CanESM5,ssp585,medio,2055,365,0.6643053604369331,6410.5573571021705
CanESM5,ssp585,medio,2056,365,0.5986601568370479,5777.080092040021
CanESM5,ssp585,medio,2057,365,0.5594485095405255,5398.687068242223
CanESM5,ssp585,medio,2058,365,0.6796739191818881,6558.864194887927
CanESM5,ssp585,medio,2059,365,0.6996370799012739,6751.50901524057
CanESM5,ssp585,medio,2060,365,0.6281586259567444,6061.740791020598
CanESM5,ssp585,medio,2061,365,0.5952753557352322,5744.416707250682
CanESM5,ssp585,medio,2062,365,0.503677218323628,4860.493215658504
CanESM5,ssp585,medio,2063,365,0.6366303795202659,6143.493348456638
CanESM5,ssp585,medio,2064,365,0.6788359182134653,6550.777472134631
CanESM5,ssp585,medio,2065,365,0.6948440680566657,6705.256374251912
CanESM5,ssp585,medio,2066,365,0.6897942597295167,6656.525643097991
CanESM5,ssp585,medio,2067,365,0.6198117772916155,5981.193567852526
CanESM5,ssp585,medio,2068,365,0.6692641419135611,6458.409677692135
CanESM5,ssp585,medio,2069,365,0.7395151384227063,7136.3329180213295
CanESM5,ssp585,lejano,2070,365,0.695010516253714,6706.8626020166
CanESM5,ssp585,lejano,2071,365,0.5607548841470015,5411.29360409671
CanESM5,ssp585,lejano,2072,365,0.6239855057493234,6021.470114249062
CanESM5,ssp585,lejano,2073,365,0.695615811782097,6712.703713550223
CanESM5,ssp585,lejano,2074,365,0.7193956953923826,6942.179970867617
CanESM5,ssp585,lejano,2075,365,0.6852674689302145,6612.8420394560735
CanESM5,ssp585,lejano,2076,365,0.7347287626632638,7090.144315360698
CanESM5,ssp585,lejano,2077,365,0.732146312797296,7065.223632834911
CanESM5,ssp585,lejano,2078,365,0.5787927254889843,5585.359061652306
CanESM5,ssp585,lejano,2079,365,0.6055677001400916,5843.737995435086
CanESM5,ssp585,lejano,2080,365,0.7354399134679656,7097.006932004482
CanESM5,ssp585,lejano,2081,365,0.7426574814370431,7166.656578387168
CanESM5,ssp585,lejano,2082,365,0.7367887347606339,7110.023079059872
CanESM5,ssp585,lejano,2083,365,0.7175993075813899,6924.844799749333
CanESM5,ssp585,lejano,2084,365,0.7316222152480579,7060.166083099203
CanESM5,ssp585,lejano,2085,365,0.6110353167618116,5896.50058331655
CanESM5,ssp585,lejano,2086,365,0.6997964208300065,6753.046657752295
CanESM5,ssp585,lejano,2087,365,0.7513597239009352,7250.633357399606
CanESM5,ssp585,lejano,2088,365,0.7287458946085947,7032.409542907253
CanESM5,ssp585,lejano,2089,365,0.6696779596365051,6462.403025339628
CanESM5,ssp585,lejano,2090,365,0.6617646858751595,6386.039806930263
CanESM5,ssp585,lejano,2091,365,0.7425446712696964,7165.567958467311
CanESM5,ssp585,lejano,2092,365,0.5921712765337716,5714.46229329132
CanESM5,ssp585,lejano,2093,365,0.689995312416531,6658.465804744522
CanESM5,ssp585,lejano,2094,365,0.6898313107850929,6656.883186377118
CanESM5,ssp585,lejano,2095,365,0.7273678760808997,7019.1116420666995
CanESM5,ssp585,lejano,2096,365,0.7099949870988931,6851.46298542411
CanESM5,ssp585,lejano,2097,365,0.6816136291254182,6577.582426878352
CanESM5,ssp585,lejano,2098,365,0.615844748478107,5942.911676329708
CanESM5,ssp585,lejano,2099,365,0.7186211786443698,6934.705871857027
CESM2,historical,historico,1981,365,0.6619561023821007,6387.886979284909
CESM2,historical,historico,1982,365,0.6875368076881383,6634.741194779457
CESM2,historical,historico,1983,365,0.5002108224664484,4827.042440174387
CESM2,historical,historico,1984,365,0.6234197294158699,6016.010363578814
CESM2,historical,historico,1985,365,0.6173613137145751,5957.546555126669
CESM2,historical,historico,1986,365,0.7435531595556452,7175.299886562528
CESM2,historical,historico,1987,365,0.6669401295753073,6435.982921443789
CESM2,historical,historico,1988,365,0.6047426064835426,5835.77582844789
CESM2,historical,historico,1989,365,0.6298405536512076,6077.971420183011
CESM2,historical,historico,1990,365,0.6845910072635103,6606.314173548991
CESM2,historical,historico,1991,365,0.5295879432808855,5110.532126067637
CESM2,historical,historico,1992,365,0.5881727227588577,5675.876185386541
CESM2,historical,historico,1993,365,0.704264419724299,6796.1629185702
CESM2,historical,historico,1994,365,0.6416173798829329,6191.617981748381
CESM2,historical,historico,1995,365,0.6493584304056544,6266.319243149451
CESM2,historical,historico,1996,365,0.6778845068999624,6541.596337736746
CESM2,historical,historico,1997,365,0.6372255812563126,6149.2370547327155
CESM2,historical,historico,1998,365,0.6453541647306933,6227.678015317825
CESM2,historical,historico,1999,365,0.6535590474345452,6306.85526468812
CESM2,historical,historico,2000,365,0.6595646036460101,6364.808978217655
CESM2,historical,historico,2001,365,0.6758466541894935,6521.931026475078
CESM2,historical,historico,2002,365,0.7353606087612969,7096.241640316255
CESM2,historical,historico,2003,365,0.6383558268496653,6160.1439427925
CESM2,historical,historico,2004,365,0.6057201174619525,5845.20882502972
CESM2,historical,historico,2005,365,0.6403844940966295,6179.72061418438
CESM2,historical,historico,2006,365,0.7231057883240859,6977.9824270200415
CESM2,historical,historico,2007,365,0.4526256780144273,4367.845034850071
CESM2,historical,historico,2008,365,0.5099063906993444,4920.604828750924
CESM2,historical,historico,2009,365,0.6909093966327912,6667.286732056781
CESM2,historical,historico,2010,365,0.6390719768487721,6167.05480174228
CESM2,historical,historico,2011,365,0.6351209206841176,6128.927046536466
CESM2,historical,historico,2012,365,0.6830349100931397,6591.297810957359
CESM2,historical,historico,2013,365,0.5415927096665532,5226.378313765592
CESM2,historical,historico,2014,365,0.6034061106274602,5822.87862205276
CESM2,ssp126,medio,2040,365,0.6773679140685818,6536.611208648438
CESM2,ssp126,medio,2041,365,0.5378295163015723,5190.063437582433
CESM2,ssp126,medio,2042,365,0.5681367423842821,5482.5286541962005
CESM2,ssp126,medio,2043,365,0.6415249729545165,6190.726253410651
CESM2,ssp126,medio,2044,365,0.6214923442775212,5997.411066155588
CESM2,ssp126,medio,2045,365,0.5863544588104119,5658.329909191816
CESM2,ssp126,medio,2046,365,0.6204996605019887,5987.831651838758
CESM2,ssp126,medio,2047,365,0.579724549569529,5594.351178938748
CESM2,ssp126,medio,2048,365,0.6704942142177841,6470.2798951090435
CESM2,ssp126,medio,2049,365,0.6479030415582407,6252.274717485688
CESM2,ssp126,medio,2050,365,0.6319758832156943,6098.57738464558
CESM2,ssp126,medio,2051,365,0.6465756297468062,6239.465172266755
CESM2,ssp126,medio,2052,365,0.7003469977189007,6758.359733539355
CESM2,ssp126,medio,2053,365,0.6949327645322253,6706.112296660206
CESM2,ssp126,medio,2054,365,0.4231903000118904,4083.793166159542
CESM2,ssp126,medio,2055,365,0.5841559892455966,5637.114642715835
CESM2,ssp126,medio,2056,365,0.693147766558203,6688.887037650923
CESM2,ssp126,medio,2057,365,0.5636352792898297,5439.089463311325
CESM2,ssp126,medio,2058,365,0.6006420346038782,5796.205244199979
CESM2,ssp126,medio,2059,365,0.689162883699022,6650.432854301701
CESM2,ssp126,medio,2060,365,0.6563167307444805,6333.466952751928
CESM2,ssp126,medio,2061,365,0.713673555882128,6886.961233039428
CESM2,ssp126,medio,2062,365,0.6496147044096857,6268.792291388737
CESM2,ssp126,medio,2063,365,0.7142168793502328,6892.204313199815
CESM2,ssp126,medio,2064,365,0.5368780254071343,5180.881535227252
CESM2,ssp126,medio,2065,365,0.7007503263077891,6762.251860875385
CESM2,ssp126,medio,2066,365,0.6498156160644242,6270.73109207155
CESM2,ssp126,medio,2067,365,0.6587815418989891,6357.252419829914
CESM2,ssp126,medio,2068,365,0.6194531113648812,5977.732435920886
CESM2,ssp126,medio,2069,365,0.7097132137660113,6848.743868253428
CESM2,ssp126,lejano,2070,365,0.5752747672714054,5551.410708565338
CESM2,ssp126,lejano,2071,365,0.6252824185307357,6033.985343340295
CESM2,ssp126,lejano,2072,365,0.7022393389525692,6776.620856721715
CESM2,ssp126,lejano,2073,365,0.6064237997277155,5851.99937015325
CESM2,ssp126,lejano,2074,365,0.6724419910361212,6489.075972570426
CESM2,ssp126,lejano,2075,365,0.6485845099897128,6258.8508987528885
CESM2,ssp126,lejano,2076,365,0.5708781454438555,5508.983237583532
CESM2,ssp126,lejano,2077,365,0.681969183250382,6581.0135298731175
CESM2,ssp126,lejano,2078,365,0.7294277308272085,7038.989273326254
CESM2,ssp126,lejano,2079,365,0.6190114427166162,5973.47032639843
CESM2,ssp126,lejano,2080,365,0.6677893628446635,6444.178036080808
CESM2,ssp126,lejano,2081,365,0.6140706642932711,5925.791735560694
CESM2,ssp126,lejano,2082,365,0.5940753548286645,5732.836679302289
CESM2,ssp126,lejano,2083,365,0.6891438034568517,6650.248729659474
CESM2,ssp126,lejano,2084,365,0.6234132832773088,6015.9481582385615
CESM2,ssp126,lejano,2085,365,0.6950985074673146,6707.711718635705
CESM2,ssp126,lejano,2086,365,0.5826115848644002,5622.211115726819
CESM2,ssp126,lejano,2087,365,0.7066078249930203,6818.776816907845
CESM2,ssp126,lejano,2088,365,0.6223132971192386,6005.333274213405
CESM2,ssp126,lejano,2089,365,0.6537732573027804,6308.922393343947
CESM2,ssp126,lejano,2090,365,0.6249026755707207,6030.3208177002625
CESM2,ssp126,lejano,2091,365,0.6336226005719275,6114.4682334807085
CESM2,ssp126,lejano,2092,365,0.7119723954433188,6870.545007586354
CESM2,ssp126,lejano,2093,365,0.6295123596687425,6074.804343001119
CESM2,ssp126,lejano,2094,365,0.6600539860982454,6369.531526711845
CESM2,ssp126,lejano,2095,365,0.58771995921629,5671.5070099565455
CESM2,ssp126,lejano,2096,365,0.7249708479748669,6995.980282491033
CESM2,ssp126,lejano,2097,365,0.6094228378777391,5880.940136285587
CESM2,ssp126,lejano,2098,365,0.614250472580423,5927.526888408643
CESM2,ssp126,lejano,2099,365,0.6387607195311323,6164.051163646939
CESM2,ssp245,medio,2040,365,0.4784716707303398,4617.25927809451
CESM2,ssp245,medio,2041,365,0.6165827034105891,5950.032953235439
CESM2,ssp245,medio,2042,365,0.7033049444850983,6786.90396716031
CESM2,ssp245,medio,2043,365,0.6161002076751392,5945.376861668416
CESM2,ssp245,medio,2044,365,0.6165146741568732,5949.376469848612
CESM2,ssp245,medio,2045,365,0.6388910684840722,6165.309033128391
CESM2,ssp245,medio,2046,365,0.6248072276248388,6029.399743495336
CESM2,ssp245,medio,2047,365,0.6672262275156364,6438.743771145531
CESM2,ssp245,medio,2048,365,0.5362080543730273,5174.416304028583
CESM2,ssp245,medio,2049,365,0.6622395442856418,6390.622198189151
CESM2,ssp245,medio,2050,365,0.6146714750413038,5931.589568892182
CESM2,ssp245,medio,2051,365,0.6742855640225338,6506.866481386475
CESM2,ssp245,medio,2052,365,0.6189869288472497,5973.233767166821
CESM2,ssp245,medio,2053,365,0.6354142417135337,6131.757599163466
CESM2,ssp245,medio,2054,365,0.7157587615531513,6907.083501128094
CESM2,ssp245,medio,2055,365,0.6558897929550755,6329.346996253166
CESM2,ssp245,medio,2056,365,0.6118458563783706,5904.322303584979
CESM2,ssp245,medio,2057,365,0.6294203823236809,6073.916760149637
CESM2,ssp245,medio,2058,365,0.5868259110581914,5662.879430926124
CESM2,ssp245,medio,2059,365,0.7277959192460873,7023.24226545945
CESM2,ssp245,medio,2060,365,0.6935907080055079,6693.161429704479
CESM2,ssp245,medio,2061,365,0.6717283972504398,6482.189781121098
CESM2,ssp245,medio,2062,365,0.609103681395943,5877.860271129752
CESM2,ssp245,medio,2063,365,0.7156896517612694,6906.416590530676
CESM2,ssp245,medio,2064,365,0.695447178852857,6711.076403084931
CESM2,ssp245,medio,2065,365,0.6076352199607034,5863.689594784307
CESM2,ssp245,medio,2066,365,0.7049285946384839,6802.572217118884
CESM2,ssp245,medio,2067,365,0.6608192610731582,6376.916442464154
CESM2,ssp245,medio,2068,365,0.5232303526074432,5049.181274347468
CESM2,ssp245,medio,2069,365,0.7343656302002233,7086.640081282238
CESM2,ssp245,lejano,2070,365,0.601380914407383,5803.335446125875
CESM2,ssp245,lejano,2071,365,0.646955036519565,6243.126453694386
CESM2,ssp245,lejano,2072,365,0.6670967588734688,6437.494396677115
CESM2,ssp245,lejano,2073,365,0.6611939752727156,6380.53244048531
CESM2,ssp245,lejano,2074,365,0.6772247716660353,6535.229882173588
CESM2,ssp245,lejano,2075,365,0.5550718001247973,5356.451752353095
CESM2,ssp245,lejano,2076,365,0.6298816724015994,6078.368216782192
CESM2,ssp245,lejano,2077,365,0.6544101313257061,6315.0682378551655
CESM2,ssp245,lejano,2078,365,0.6523743210784733,6295.4226363964035
CESM2,ssp245,lejano,2079,365,0.7143216196392057,6893.215058664248
CESM2,ssp245,lejano,2080,365,0.656667495197985,6336.851835340478
CESM2,ssp245,lejano,2081,365,0.5736925368279878,5536.142159470671
CESM2,ssp245,lejano,2082,365,0.6126720462451208,5912.295049018155
CESM2,ssp245,lejano,2083,365,0.5230808833667617,5047.738893783384
CESM2,ssp245,lejano,2084,365,0.6994150297715194,6749.366227935639
CESM2,ssp245,lejano,2085,365,0.6553044840425367,6323.698755882224
CESM2,ssp245,lejano,2086,365,0.6635963069704564,6403.714979805815
CESM2,ssp245,lejano,2087,365,0.5577177102755211,5381.984827642143
CESM2,ssp245,lejano,2088,365,0.6318113412535377,6096.989552078098
CESM2,ssp245,lejano,2089,365,0.6859580461886666,6619.50612104937
CESM2,ssp245,lejano,2090,365,0.6277509183299785,6057.806405898986
CESM2,ssp245,lejano,2091,365,0.6627333882342081,6395.387800194319
CESM2,ssp245,lejano,2092,365,0.6496711023412286,6269.336532330492
CESM2,ssp245,lejano,2093,365,0.5765597745964105,5563.811049811754
CESM2,ssp245,lejano,2094,365,0.6336691385627193,6114.917325836457
CESM2,ssp245,lejano,2095,365,0.6084695790302151,5871.74117315484
CESM2,ssp245,lejano,2096,365,0.6703262484763832,6468.659023017074
CESM2,ssp245,lejano,2097,365,0.6184063898244807,5967.631556308475
CESM2,ssp245,lejano,2098,365,0.6714970341613195,6479.957123609278
CESM2,ssp245,lejano,2099,365,0.6424478384277817,6199.631919993509
CESM2,ssp585,medio,2040,365,0.5731439255470919,5530.848051832246
CESM2,ssp585,medio,2041,365,0.6067815677181038,5855.451836984785
CESM2,ssp585,medio,2042,365,0.7087835546987397,6839.772643379712
CESM2,ssp585,medio,2043,365,0.5262704532131179,5078.5182938338385
CESM2,ssp585,medio,2044,365,0.4536009644814441,4377.256564861366
CESM2,ssp585,medio,2045,365,0.5898470264572292,5692.033242864685
CESM2,ssp585,medio,2046,365,0.6952680814405169,6709.34811019029
CESM2,ssp585,medio,2047,365,0.6237671988243625,6019.3634489302785
CESM2,ssp585,medio,2048,365,0.6717061558679874,6481.975151424573
CESM2,ssp585,medio,2049,365,0.6873801054501789,6633.229015675914
CESM2,ssp585,medio,2050,365,0.5194634230283264,5012.8303436381175
CESM2,ssp585,medio,2051,365,0.6552425907489625,6323.10148460894
CESM2,ssp585,medio,2052,365,0.5956650742311804,5748.177496972078
CESM2,ssp585,medio,2053,365,0.5609506151033644,5413.182410957307
CESM2,ssp585,medio,2054,365,0.6211677869957177,5994.279083193268
CESM2,ssp585,medio,2055,365,0.6536437796152585,6307.672931587717
CESM2,ssp585,medio,2056,365,0.626775988067757,6048.398313269665
CESM2,ssp585,medio,2057,365,0.6780490086699545,6543.1837824491995
CESM2,ssp585,medio,2058,365,0.565317220483868,5455.320222744853
CESM2,ssp585,medio,2059,365,0.644417093331096,6218.635261318569
CESM2,ssp585,medio,2060,365,0.6382941347692516,6159.548613229434
CESM2,ssp585,medio,2061,365,0.6200001652556804,5983.0115147199585
CESM2,ssp585,medio,2062,365,0.7186332193420755,6934.8220647825365
CESM2,ssp585,medio,2063,365,0.6386041116558523,6162.5398951447605
CESM2,ssp585,medio,2064,365,0.6108069861321014,5894.2971890865565
CESM2,ssp585,medio,2065,365,0.6894828747161938,6653.520772737265
CESM2,ssp585,medio,2066,365,0.5122802461109014,4943.5125714541355
CESM2,ssp585,medio,2067,365,0.6203258884228555,5986.1547484947705
CESM2,ssp585,medio,2068,365,0.6361087146055381,6138.459273682875
CESM2,ssp585,medio,2069,365,0.7034987413188396,6788.774109706663
CESM2,ssp585,lejano,2070,365,0.7119838067194026,6870.655126583142
CESM2,ssp585,lejano,2071,365,0.5879594302238572,5673.817909011105
CESM2,ssp585,lejano,2072,365,0.7167690542240043,6916.832841566507
CESM2,ssp585,lejano,2073,365,0.660712629699122,6375.887447998602
CESM2,ssp585,lejano,2074,365,0.6377182624443766,6153.991436080432
CESM2,ssp585,lejano,2075,365,0.6359244921787545,6136.681524316855
CESM2,ssp585,lejano,2076,365,0.625618697837661,6037.2304440325925
CESM2,ssp585,lejano,2077,365,0.6762858101715058,6526.168888727993
CESM2,ssp585,lejano,2078,365,0.5083032421105707,4905.13441921888
CESM2,ssp585,lejano,2079,365,0.665588359355175,6422.938317191189
CESM2,ssp585,lejano,2080,365,0.7201209169421081,6949.178370426014
CESM2,ssp585,lejano,2081,365,0.5455182718237701,5264.260051391731
CESM2,ssp585,lejano,2082,365,0.7007459797734734,6762.2099167496945
CESM2,ssp585,lejano,2083,365,0.5513822616520823,5320.847647058779
CESM2,ssp585,lejano,2084,365,0.663839313821914,6406.05999981049
CESM2,ssp585,lejano,2085,365,0.6386730474574126,6163.205126732791
CESM2,ssp585,lejano,2086,365,0.6462191154421467,6236.024803522561
CESM2,ssp585,lejano,2087,365,0.5307431825774263,5121.680203763084
CESM2,ssp585,lejano,2088,365,0.6837068464028265,6597.782007096817
CESM2,ssp585,lejano,2089,365,0.6156180604125855,5940.724132870416
CESM2,ssp585,lejano,2090,365,0.6546479684795472,6317.363370195125
CESM2,ssp585,lejano,2091,365,0.6781671645726589,6544.323988800791
CESM2,ssp585,lejano,2092,365,0.6207763166683947,5990.501388271075
CESM2,ssp585,lejano,2093,365,0.6968360004667831,6724.478553880464
CESM2,ssp585,lejano,2094,365,0.6937136916386011,6694.348223731567
CESM2,ssp585,lejano,2095,365,0.6983295387504095,6738.891222214071
CESM2,ssp585,lejano,2096,365,0.6981620909199564,6737.275347971034
CESM2,ssp585,lejano,2097,365,0.5767690684114863,5565.830738475937
CESM2,ssp585,lejano,2098,365,0.7237507599845194,6984.206413862772
CESM2,ssp585,lejano,2099,365,0.6978027328428429,6733.807536777159
CESM2-WACCM,historical,historico,1981,365,0.6857165742802003,6617.175913269121
CESM2-WACCM,historical,historico,1982,365,0.5528578956225568,5335.087538484004
CESM2-WACCM,historical,historico,1983,365,0.6354927715835876,6132.515413665965
CESM2-WACCM,historical,historico,1984,365,0.6113602784290524,5899.63646860481
CESM2-WACCM,historical,historico,1985,365,0.6206557011413641,5989.337446505382
CESM2-WACCM,historical,historico,1986,365,0.5347236007270719,5160.091302593855
CESM2-WACCM,historical,historico,1987,365,0.6903861558964988,6662.237450579708
CESM2-WACCM,historical,historico,1988,365,0.6949507573442274,6706.285927583911
CESM2-WACCM,historical,historico,1989,365,0.5811397708165079,5608.008086615634
CESM2-WACCM,historical,historico,1990,365,0.6700400821535207,6465.897513422789
CESM2-WACCM,historical,historico,1991,365,0.722704953975197,6974.114369139914
CESM2-WACCM,historical,historico,1992,365,0.7146241101052323,6896.134096501252
CESM2-WACCM,historical,historico,1993,365,0.5714971608589317,5514.956746243263
CESM2-WACCM,historical,historico,1994,365,0.5863125288749219,5657.925284643458
CESM2-WACCM,historical,historico,1995,365,0.6316422631966342,6095.3579461237305
CESM2-WACCM,historical,historico,1996,365,0.6873611159188133,6633.045766394403
CESM2-WACCM,historical,historico,1997,365,0.5946096491169781,5737.992627733224
CESM2-WACCM,historical,historico,1998,365,0.6970864224188511,6726.895129724671
CESM2-WACCM,historical,historico,1999,365,0.6353541915877301,6131.17811448866
CESM2-WACCM,historical,historico,2000,365,0.7130519847659201,6880.963061822885
CESM2-WACCM,historical,historico,2001,365,0.7374884234428529,7116.775086038305
CESM2-WACCM,historical,historico,2002,365,0.5240298490566245,5056.896427874011
CESM2-WACCM,historical,historico,2003,365,0.6645742138142295,6413.151796494735
CESM2-WACCM,historical,historico,2004,365,0.6674156738703925,6440.571931500069
CESM2-WACCM,historical,historico,2005,365,0.6111963257995374,5898.054323106748
CESM2-WACCM,historical,historico,2006,365,0.6102657229081762,5889.073990315466
CESM2-WACCM,historical,historico,2007,365,0.6820458717220155,6581.753574851396
CESM2-WACCM,historical,historico,2008,365,0.5261289252224008,5077.152546458971
CESM2-WACCM,historical,historico,2009,365,0.6745207387946588,6509.135921700277
CESM2-WACCM,historical,historico,2010,365,0.680350785656136,6565.395967194282
CESM2-WACCM,historical,historico,2011,365,0.6400153851039208,6176.158706498996
CESM2-WACCM,historical,historico,2012,365,0.6132145996992681,5917.530698531532
CESM2-WACCM,historical,historico,2013,365,0.5067270437868079,4889.924080175397
CESM2-WACCM,historical,historico,2014,365,0.6675751609342778,6442.110984218355
CESM2-WACCM,ssp126,medio,2040,365,0.7046605580892583,6799.985660130272
CESM2-WACCM,ssp126,medio,2041,365,0.5123716431428618,4944.394554274906
CESM2-WACCM,ssp126,medio,2042,365,0.6056867136748368,5844.886477949593
CESM2-WACCM,ssp126,medio,2043,365,0.69240989261172,6681.766542261379
CESM2-WACCM,ssp126,medio,2044,365,0.6059255036240667,5847.190804780302
CESM2-WACCM,ssp126,medio,2045,365,0.6068619295749512,5856.227330189152
CESM2-WACCM,ssp126,medio,2046,365,0.5532771391290402,5339.133245029464
CESM2-WACCM,ssp126,medio,2047,365,0.6724809663502459,6489.4520849753335
CESM2-WACCM,ssp126,medio,2048,365,0.6503903633289997,6276.27741237066
CESM2-WACCM,ssp126,medio,2049,365,0.6920215896553682,6678.019412519737
CESM2-WACCM,ssp126,medio,2050,365,0.6590644967990967,6359.982939143231
CESM2-WACCM,ssp126,medio,2051,365,0.7039716021382085,6793.337224179346
CESM2-WACCM,ssp126,medio,2052,365,0.6112399231707402,5898.475038436412
CESM2-WACCM,ssp126,medio,2053,365,0.6432619774842318,6207.488374914476
CESM2-WACCM,ssp126,medio,2054,365,0.709239158909856,6844.169231306652
CESM2-WACCM,ssp126,medio,2055,365,0.560181641862084,5405.76180687538
CESM2-WACCM,ssp126,medio,2056,365,0.6118310674762137,5904.179590442542
CESM2-WACCM,ssp126,medio,2057,365,0.7405128167342315,7145.960529690402
CESM2-WACCM,ssp126,medio,2058,365,0.561850981291097,5421.870959074787
CESM2-WACCM,ssp126,medio,2059,365,0.6748895647348168,6512.695097924017
CESM2-WACCM,ssp126,medio,2060,365,0.676423631302112,6527.498864843481
CESM2-WACCM,ssp126,medio,2061,365,0.5789225062776855,5586.611448339765
CESM2-WACCM,ssp126,medio,2062,365,0.6107788423488323,5894.02560112771
CESM2-WACCM,ssp126,medio,2063,365,0.6552791239109415,6323.454030206568
CESM2-WACCM,ssp126,medio,2064,365,0.664864522958612,6415.953284382973
CESM2-WACCM,ssp126,medio,2065,365,0.5696033843763998,5496.681772886408
CESM2-WACCM,ssp126,medio,2066,365,0.6680827342401632,6447.009074741322
CESM2-WACCM,ssp126,medio,2067,365,0.7075740922025261,6828.101310939852
CESM2-WACCM,ssp126,medio,2068,365,0.7132748840635995,6883.114043611879
CESM2-WACCM,ssp126,medio,2069,365,0.6599415440033302,6368.44645869684
CESM2-WACCM,ssp126,lejano,2070,365,0.7123936311545357,6874.609938939368
CESM2-WACCM,ssp126,lejano,2071,365,0.6633838590160115,6401.664853646254
CESM2-WACCM,ssp126,lejano,2072,365,0.511451943031373,4935.519433483837
CESM2-WACCM,ssp126,lejano,2073,365,0.5787714461002582,5585.153715210628
CESM2-WACCM,ssp126,lejano,2074,365,0.6506984471249344,6279.250425930771
CESM2-WACCM,ssp126,lejano,2075,365,0.6051259662614082,5839.47525643805
CESM2-WACCM,ssp126,lejano,2076,365,0.6820497994757296,6581.791477737583
CESM2-WACCM,ssp126,lejano,2077,365,0.5389305341208386,5200.688277154638
CESM2-WACCM,ssp126,lejano,2078,365,0.6018607865791327,5807.966220261214
CESM2-WACCM,ssp126,lejano,2079,365,0.6485428362801384,6258.448746788716
CESM2-WACCM,ssp126,lejano,2080,365,0.49458606692019286,4772.763459156931
CESM2-WACCM,ssp126,lejano,2081,365,0.5632262761456632,5435.142576426068
CESM2-WACCM,ssp126,lejano,2082,365,0.605714429888421,5845.153939854139
CESM2-WACCM,ssp126,lejano,2083,365,0.5923985826963486,5716.655801397086
CESM2-WACCM,ssp126,lejano,2084,365,0.628827070004337,6068.191286774972
CESM2-WACCM,ssp126,lejano,2085,365,0.6672675738514022,6439.142763947213
CESM2-WACCM,ssp126,lejano,2086,365,0.6007320289316186,5797.073690902582
CESM2-WACCM,ssp126,lejano,2087,365,0.6402366078130918,6178.29350918206
CESM2-WACCM,ssp126,lejano,2088,365,0.6737159792232942,6501.369978960456
CESM2-WACCM,ssp126,lejano,2089,365,0.5629908778168582,5432.870978786726
CESM2-WACCM,ssp126,lejano,2090,365,0.6453851143505762,6227.976679644889
CESM2-WACCM,ssp126,lejano,2091,365,0.7131520441244846,6881.928636233982
CESM2-WACCM,ssp126,lejano,2092,365,0.6093983572537565,5880.703897872466
CESM2-WACCM,ssp126,lejano,2093,365,0.6343200254124282,6121.198394350337
CESM2-WACCM,ssp126,lejano,2094,365,0.5022506625016249,4846.72692915128
CESM2-WACCM,ssp126,lejano,2095,365,0.6811844811537231,6573.441142085126
CESM2-WACCM,ssp126,lejano,2096,365,0.6463756135708056,6237.53501296809
CESM2-WACCM,ssp126,lejano,2097,365,0.5431875597978069,5241.768643049793
CESM2-WACCM,ssp126,lejano,2098,365,0.7194485149987321,6942.689680914004
CESM2-WACCM,ssp126,lejano,2099,365,0.6968741141282754,6724.846351323683
CESM2-WACCM,ssp245,medio,2040,365,0.4871464188610551,4700.970736351883
CESM2-WACCM,ssp245,medio,2041,365,0.5476608513612045,5284.935978209245
CESM2-WACCM,ssp245,medio,2042,365,0.6807681129211649,6569.423181979048
CESM2-WACCM,ssp245,medio,2043,365,0.6566726356886833,6336.901441157964
CESM2-WACCM,ssp245,medio,2044,365,0.6318128138508887,6097.003762666098
CESM2-WACCM,ssp245,medio,2045,365,0.7076941458945908,6829.259830989135
CESM2-WACCM,ssp245,medio,2046,365,0.6491407878507426,6264.218989012271
CESM2-WACCM,ssp245,medio,2047,365,0.6909643384223391,6667.816921204987
CESM2-WACCM,ssp245,medio,2048,365,0.6131722966534472,5917.122473462512
CESM2-WACCM,ssp245,medio,2049,365,0.6274028445039048,6054.447487908193
CESM2-WACCM,ssp245,medio,2050,365,0.6525106935788397,6296.738633206899
CESM2-WACCM,ssp245,medio,2051,365,0.6775665745781934,6538.528285744759
CESM2-WACCM,ssp245,medio,2052,365,0.4475602399653491,4318.963476629458
CESM2-WACCM,ssp245,medio,2053,365,0.5145244269936998,4965.168952880034
CESM2-WACCM,ssp245,medio,2054,365,0.6594435846611347,6363.641143077303
CESM2-WACCM,ssp245,medio,2055,365,0.6071514275572226,5859.020990350039
CESM2-WACCM,ssp245,medio,2056,365,0.6034921433626821,5823.708839324176
CESM2-WACCM,ssp245,medio,2057,365,0.6427653483398066,6202.695895724707
CESM2-WACCM,ssp245,medio,2058,365,0.7509301592932855,7246.488052062754
CESM2-WACCM,ssp245,medio,2059,365,0.6259133410507591,6040.073755753281
CESM2-WACCM,ssp245,medio,2060,365,0.6931620073727499,6689.0244617391545
CESM2-WACCM,ssp245,medio,2061,365,0.5393656294099723,5204.886953656303
CESM2-WACCM,ssp245,medio,2062,365,0.6387226418162801,6163.683713089371
CESM2-WACCM,ssp245,medio,2063,365,0.6820053667891991,6581.362701601639
CESM2-WACCM,ssp245,medio,2064,365,0.650244343222113,6274.868316002882
CESM2-WACCM,ssp245,medio,2065,365,0.6078179377049159,5865.45282393944
CESM2-WACCM,ssp245,medio,2066,365,0.6184290704832847,5967.850425028824
CESM2-WACCM,ssp245,medio,2067,365,0.7116327264083296,6867.267195964003
CESM2-WACCM,ssp245,medio,2068,365,0.3990112420157754,3850.464869632105
CESM2-WACCM,ssp245,medio,2069,365,0.5455958176139396,5265.008369507597
CESM2-WACCM,ssp245,lejano,2070,365,0.6292551631149406,6072.322392141786
CESM2-WACCM,ssp245,lejano,2071,365,0.5029612955988821,4853.584549909941
CESM2-WACCM,ssp245,lejano,2072,365,0.6356060108724773,6133.608174615579
CESM2-WACCM,ssp245,lejano,2073,365,0.6379126167687458,6155.866958420264
CESM2-WACCM,ssp245,lejano,2074,365,0.6939135692782331,6696.277046152058
CESM2-WACCM,ssp245,lejano,2075,365,0.5523506198140017,5330.192318815033
CESM2-WACCM,ssp245,lejano,2076,365,0.6531412851372966,6302.823851835475
CESM2-WACCM,ssp245,lejano,2077,365,0.6662335680506197,6429.164591425569
CESM2-WACCM,ssp245,lejano,2078,365,0.7660055994894451,7391.9662911627365
CESM2-WACCM,ssp245,lejano,2079,365,0.6110103618194583,5896.259767723563
CESM2-WACCM,ssp245,lejano,2080,365,0.7293825002315979,7038.552797354922
CESM2-WACCM,ssp245,lejano,2081,365,0.6337657090256511,6115.849232348877
CESM2-WACCM,ssp245,lejano,2082,365,0.7324157650254316,7067.823851147655
CESM2-WACCM,ssp245,lejano,2083,365,0.6879134127611135,6638.375439759348
CESM2-WACCM,ssp245,lejano,2084,365,0.5591283046435903,5395.59708586352
CESM2-WACCM,ssp245,lejano,2085,365,0.7391834301974664,7133.131928340433
CESM2-WACCM,ssp245,lejano,2086,365,0.6421989911430458,6197.23053971425
CESM2-WACCM,ssp245,lejano,2087,365,0.6793019479204022,6555.274666263048
CESM2-WACCM,ssp245,lejano,2088,365,0.575149321583879,5550.200155673577
CESM2-WACCM,ssp245,lejano,2089,365,0.6665782992355962,6432.49125287629
CESM2-WACCM,ssp245,lejano,2090,365,0.6401983687151683,6177.9245012752735
CESM2-WACCM,ssp245,lejano,2091,365,0.7108031436800729,6859.261709363002
CESM2-WACCM,ssp245,lejano,2092,365,0.6298868027308915,6078.417724541946
CESM2-WACCM,ssp245,lejano,2093,365,0.6456760187726911,6230.78391197277
CESM2-WACCM,ssp245,lejano,2094,365,0.6344896443083752,6122.835219410129
CESM2-WACCM,ssp245,lejano,2095,365,0.6834615421548184,6595.414817178671
CESM2-WACCM,ssp245,lejano,2096,365,0.5004813471567199,4829.653007763901
CESM2-WACCM,ssp245,lejano,2097,365,0.6442484629493372,6217.0079754365115
CESM2-WACCM,ssp245,lejano,2098,365,0.6391593163167236,6167.897629005443
CESM2-WACCM,ssp245,lejano,2099,365,0.6206471612243387,5989.2550361694475
CESM2-WACCM,ssp585,medio,2040,365,0.7138810265112591,6888.963327930073
CESM2-WACCM,ssp585,medio,2041,365,0.7116838314925308,6867.760360844225
CESM2-WACCM,ssp585,medio,2042,365,0.5181417415457006,5000.076096183875
CESM2-WACCM,ssp585,medio,2043,365,0.5562622540046467,5367.939651340905
CESM2-WACCM,ssp585,medio,2044,365,0.6892175239184355,6650.960133293285
CESM2-WACCM,ssp585,medio,2045,365,0.5928627963931924,5721.135470999048
CESM2-WACCM,ssp585,medio,2046,365,0.6296399383354215,6076.03547917583
CESM2-WACCM,ssp585,medio,2047,365,0.630933561928906,6088.518967550934
CESM2-WACCM,ssp585,medio,2048,365,0.6225982920840173,6008.08348018344
CESM2-WACCM,ssp585,medio,2049,365,0.579444353177304,5591.6472792706345
CESM2-WACCM,ssp585,medio,2050,365,0.5946046153038105,5737.944051355616
CESM2-WACCM,ssp585,medio,2051,365,0.5865389102195602,5660.1098682413185
CESM2-WACCM,ssp585,medio,2052,365,0.6523391475378207,6295.083211166329
CESM2-WACCM,ssp585,medio,2053,365,0.6280748911819891,6060.932749104453
CESM2-WACCM,ssp585,medio,2054,365,0.4875306284323449,4704.678364862183
CESM2-WACCM,ssp585,medio,2055,365,0.6267560605637817,6048.206012537463
CESM2-WACCM,ssp585,medio,2056,365,0.5802783669038937,5599.695525076444
CESM2-WACCM,ssp585,medio,2057,365,0.4966377533590112,4792.5622661185125
CESM2-WACCM,ssp585,medio,2058,365,0.6243112781283526,6024.613822919052
CESM2-WACCM,ssp585,medio,2059,365,0.5961067503360834,5752.43967845121
CESM2-WACCM,ssp585,medio,2060,365,0.6060837097781749,5848.717496698745
CESM2-WACCM,ssp585,medio,2061,365,0.5965937697762292,5757.139423840928
CESM2-WACCM,ssp585,medio,2062,365,0.6487087751963171,6260.050059984863
CESM2-WACCM,ssp585,medio,2063,365,0.6675253396897458,6441.630208411482
CESM2-WACCM,ssp585,medio,2064,365,0.6930637377527135,6688.076158333489
CESM2-WACCM,ssp585,medio,2065,365,0.6271169843172786,6051.688932533487
CESM2-WACCM,ssp585,medio,2066,365,0.561841789512156,5421.782258260938
CESM2-WACCM,ssp585,medio,2067,365,0.6847218844534602,6607.577140526041
CESM2-WACCM,ssp585,medio,2068,365,0.5285268700343312,5100.292752261217
CESM2-WACCM,ssp585,medio,2069,365,0.676140334269076,6524.765043941932
CESM2-WACCM,ssp585,lejano,2070,365,0.5885025418424088,5679.058944819914
CESM2-WACCM,ssp585,lejano,2071,365,0.6937610965639271,6694.8056820194415
CESM2-WACCM,ssp585,lejano,2072,365,0.6169105731509714,5953.196901476044
CESM2-WACCM,ssp585,lejano,2073,365,0.5728927894586923,5528.424584561012
CESM2-WACCM,ssp585,lejano,2074,365,0.6669632268180749,6436.205810206051
CESM2-WACCM,ssp585,lejano,2075,365,0.6217455319359498,5999.854331110426
CESM2-WACCM,ssp585,lejano,2076,365,0.6556045763597631,6326.594651544935
CESM2-WACCM,ssp585,lejano,2077,365,0.5436397550098775,5246.132334081397
CESM2-WACCM,ssp585,lejano,2078,365,0.7355368222549555,7097.942103349476
CESM2-WACCM,ssp585,lejano,2079,365,0.5866813027637304,5661.483958570842
CESM2-WACCM,ssp585,lejano,2080,365,0.668879627737576,6454.699109741652
CESM2-WACCM,ssp585,lejano,2081,365,0.5926522087669347,5719.10329703626
CESM2-WACCM,ssp585,lejano,2082,365,0.6802053775063853,6563.992776222658
CESM2-WACCM,ssp585,lejano,2083,365,0.6471956202290161,6245.448090339929
CESM2-WACCM,ssp585,lejano,2084,365,0.6923152029997527,6680.85278599086
CESM2-WACCM,ssp585,lejano,2085,365,0.6181480050704161,5965.138139297596
CESM2-WACCM,ssp585,lejano,2086,365,0.7074581809672985,6826.982765665325
CESM2-WACCM,ssp585,lejano,2087,365,0.6629254632825953,6397.241327484456
CESM2-WACCM,ssp585,lejano,2088,365,0.7193440749805454,6941.681833067463
CESM2-WACCM,ssp585,lejano,2089,365,0.5915042359142497,5708.025340640284
CESM2-WACCM,ssp585,lejano,2090,365,0.7378172705720034,7119.948466096161
CESM2-WACCM,ssp585,lejano,2091,365,0.6848030900714581,6608.360776039011
CESM2-WACCM,ssp585,lejano,2092,365,0.6810470853833692,6572.115270702879
CESM2-WACCM,ssp585,lejano,2093,365,0.6215043649485975,5997.527065823806
CESM2-WACCM,ssp585,lejano,2094,365,0.6867107317081265,6626.769548355128
CESM2-WACCM,ssp585,lejano,2095,365,0.6774489389747198,6537.39310028907
CESM2-WACCM,ssp585,lejano,2096,365,0.6202376616862156,5985.303359074567
CESM2-WACCM,ssp585,lejano,2097,365,0.6599752013800695,6368.771252920892
CESM2-WACCM,ssp585,lejano,2098,365,0.552181186688267,5328.557286440764
CESM2-WACCM,ssp585,lejano,2099,365,0.6815802321539163,6577.2601455690055
CMCC-CM2-SR5,historical,historico,1981,365,0.5584512563888335,5389.063559372345
CMCC-CM2-SR5,historical,historico,1982,365,0.684198096634626,6602.5225796936875
CMCC-CM2-SR5,historical,historico,1983,365,0.624304994982672,6024.553190462704
CMCC-CM2-SR5,historical,historico,1984,365,0.6339045757074213,6117.189298049826
CMCC-CM2-SR5,historical,historico,1985,365,0.678922220495503,6551.610290537131
CMCC-CM2-SR5,historical,historico,1986,365,0.689748091177927,6656.080115836454
CMCC-CM2-SR5,historical,historico,1987,365,0.7127904275394915,6878.439030402932
CMCC-CM2-SR5,historical,historico,1988,365,0.7177291904766213,6926.098171766443
CMCC-CM2-SR5,historical,historico,1989,365,0.6119330683853309,5905.163900847538
CMCC-CM2-SR5,historical,historico,1990,365,0.6716205726638065,6481.149272134894
CMCC-CM2-SR5,historical,historico,1991,365,0.6808853071675017,6570.554108331305
CMCC-CM2-SR5,historical,historico,1992,365,0.6558852293711128,6329.302957594908
CMCC-CM2-SR5,historical,historico,1993,365,0.6048145668832726,5836.47024745665
CMCC-CM2-SR5,historical,historico,1994,365,0.5915249596097686,5708.2253246336195
CMCC-CM2-SR5,historical,historico,1995,365,0.6097255583583958,5883.861393767453
CMCC-CM2-SR5,historical,historico,1996,365,0.6373047088318816,6150.000637102998
CMCC-CM2-SR5,historical,historico,1997,365,0.6684417948954335,6450.474015809651
CMCC-CM2-SR5,historical,historico,1998,365,0.544299022411639,5252.494275056674
CMCC-CM2-SR5,historical,historico,1999,365,0.6211996783923961,5994.586835681476
CMCC-CM2-SR5,historical,historico,2000,365,0.6495578866734685,6268.243999325157
CMCC-CM2-SR5,historical,historico,2001,365,0.7068624892416986,6821.234330982218
CMCC-CM2-SR5,historical,historico,2002,365,0.7141682025731699,6891.734581522331
CMCC-CM2-SR5,historical,historico,2003,365,0.5049122449350607,4872.411242219255
CMCC-CM2-SR5,historical,historico,2004,365,0.6572198802254167,6342.182359693353
CMCC-CM2-SR5,historical,historico,2005,365,0.6506631380091014,6278.909692398036
CMCC-CM2-SR5,historical,historico,2006,365,0.6491239458532471,6264.056463466967
CMCC-CM2-SR5,historical,historico,2007,365,0.6327493461924752,6106.041314746924
CMCC-CM2-SR5,historical,historico,2008,365,0.5862434185380376,5657.25836878676
CMCC-CM2-SR5,historical,historico,2009,365,0.5572953547928516,5377.9090904766945
CMCC-CM2-SR5,historical,historico,2010,365,0.7379914406134264,7121.6292097826135
CMCC-CM2-SR5,historical,historico,2011,365,0.6794500470693627,6556.703825420103
CMCC-CM2-SR5,historical,historico,2012,365,0.5770602581211624,5568.640723833346
CMCC-CM2-SR5,historical,historico,2013,365,0.676211455154364,6525.451361622894
CMCC-CM2-SR5,historical,historico,2014,365,0.6994416565938367,6749.62317719703
CMCC-CM2-SR5,ssp126,medio,2040,365,0.6909774348440448,6667.94330188399
CMCC-CM2-SR5,ssp126,medio,2041,365,0.6632408542420314,6400.28485528927
CMCC-CM2-SR5,ssp126,medio,2042,365,0.6306823406544202,6086.094678232605
CMCC-CM2-SR5,ssp126,medio,2043,365,0.7249160909573367,6995.451876395754
CMCC-CM2-SR5,ssp126,medio,2044,365,0.6641350319769092,6408.913684737684
CMCC-CM2-SR5,ssp126,medio,2045,365,0.7173695814598978,6922.627939001317
CMCC-CM2-SR5,ssp126,medio,2046,365,0.6297290493108015,6076.8954015140225
CMCC-CM2-SR5,ssp126,medio,2047,365,0.7004204772242847,6759.068811941982
CMCC-CM2-SR5,ssp126,medio,2048,365,0.6009015679729371,5798.70974536393
CMCC-CM2-SR5,ssp126,medio,2049,365,0.6424473507835675,6199.627214219039
CMCC-CM2-SR5,ssp126,medio,2050,365,0.7322181613705154,7065.916972716055
CMCC-CM2-SR5,ssp126,medio,2051,365,0.6648610471649309,6415.919742918338
CMCC-CM2-SR5,ssp126,medio,2052,365,0.6161030385811245,5945.404179956468
CMCC-CM2-SR5,ssp126,medio,2053,365,0.6684966552021343,6451.003418647078
CMCC-CM2-SR5,ssp126,medio,2054,365,0.6895151998251976,6653.832710556353
CMCC-CM2-SR5,ssp126,medio,2055,365,0.6470182713722404,6243.736671034462
CMCC-CM2-SR5,ssp126,medio,2056,365,0.7060647137901062,6813.535785109944
CMCC-CM2-SR5,ssp126,medio,2057,365,0.7417866576896949,7158.253115292078
CMCC-CM2-SR5,ssp126,medio,2058,365,0.7233028033884441,6979.883625543339
CMCC-CM2-SR5,ssp126,medio,2059,365,0.6936494173671647,6693.7279759838175
CMCC-CM2-SR5,ssp126,medio,2060,365,0.5303774966169359,5118.151328393377
CMCC-CM2-SR5,ssp126,medio,2061,365,0.56055843661695,5409.397882288553
CMCC-CM2-SR5,ssp126,medio,2062,365,0.5082953235550912,4905.058005031807
CMCC-CM2-SR5,ssp126,medio,2063,365,0.7102521355115948,6853.944471721058
CMCC-CM2-SR5,ssp126,medio,2064,365,0.723515553764488,6981.936670076169
CMCC-CM2-SR5,ssp126,medio,2065,365,0.6659573078544626,6426.49867611249
CMCC-CM2-SR5,ssp126,medio,2066,365,0.5256279577423582,5072.318202261079
CMCC-CM2-SR5,ssp126,medio,2067,365,0.53402762313682,5153.375107712282
CMCC-CM2-SR5,ssp126,medio,2068,365,0.5841101860311896,5636.672640963956
CMCC-CM2-SR5,ssp126,medio,2069,365,0.7108061718210731,6859.2909309721035
CMCC-CM2-SR5,ssp126,lejano,2070,365,0.7175363075102119,6924.236848054464
CMCC-CM2-SR5,ssp126,lejano,2071,365,0.6419455926547791,6194.785240248101
CMCC-CM2-SR5,ssp126,lejano,2072,365,0.6465779693144934,6239.4877491323705
CMCC-CM2-SR5,ssp126,lejano,2073,365,0.5741917787820401,5540.959852315146
CMCC-CM2-SR5,ssp126,lejano,2074,365,0.6201941244907374,5984.883224441607
CMCC-CM2-SR5,ssp126,lejano,2075,365,0.5804934938658962,5601.7715037018
CMCC-CM2-SR5,ssp126,lejano,2076,365,0.6846097993993794,6606.4955179608005
CMCC-CM2-SR5,ssp126,lejano,2077,365,0.6729377889843698,6493.860430703793
CMCC-CM2-SR5,ssp126,lejano,2078,365,0.6712687610578881,6477.754284508796
CMCC-CM2-SR5,ssp126,lejano,2079,365,0.5536742758552392,5342.965620791471
CMCC-CM2-SR5,ssp126,lejano,2080,365,0.4194048840722029,4047.2638417749026
CMCC-CM2-SR5,ssp126,lejano,2081,365,0.6140970591589976,5926.0464464372735
CMCC-CM2-SR5,ssp126,lejano,2082,365,0.6692726733242856,6458.492005942129
CMCC-CM2-SR5,ssp126,lejano,2083,365,0.699539252418,6750.564978461738
CMCC-CM2-SR5,ssp126,lejano,2084,365,0.657589424767697,6345.748470439072
CMCC-CM2-SR5,ssp126,lejano,2085,365,0.7312985616126907,7057.04282033945
CMCC-CM2-SR5,ssp126,lejano,2086,365,0.6582765975517715,6352.379698800155
CMCC-CM2-SR5,ssp126,lejano,2087,365,0.551267140073379,5319.736721982347
CMCC-CM2-SR5,ssp126,lejano,2088,365,0.5461679656169146,5270.5296068906755
CMCC-CM2-SR5,ssp126,lejano,2089,365,0.5724475206689276,5524.127733615481
CMCC-CM2-SR5,ssp126,lejano,2090,365,0.6603626581184026,6372.510216645114
CMCC-CM2-SR5,ssp126,lejano,2091,365,0.6704723228162972,6470.068642734433
CMCC-CM2-SR5,ssp126,lejano,2092,365,0.5897500011856408,5691.096947441452
CMCC-CM2-SR5,ssp126,lejano,2093,365,0.5489628048328105,5297.499850041498
CMCC-CM2-SR5,ssp126,lejano,2094,365,0.6853059134859214,6613.213030033757
CMCC-CM2-SR5,ssp126,lejano,2095,365,0.5921638746445047,5714.390864941464
CMCC-CM2-SR5,ssp126,lejano,2096,365,0.6232604920144701,6014.473720107509
CMCC-CM2-SR5,ssp126,lejano,2097,365,0.5267257878194951,5082.912280070733
CMCC-CM2-SR5,ssp126,lejano,2098,365,0.5550694478293909,5356.429052664787
CMCC-CM2-SR5,ssp126,lejano,2099,365,0.6426450712835586,6201.535220207481
CMCC-CM2-SR5,ssp245,medio,2040,365,0.57918816899411,5589.175097803864
CMCC-CM2-SR5,ssp245,medio,2041,365,0.6697220601175493,6462.828595687312
CMCC-CM2-SR5,ssp245,medio,2042,365,0.7394997916301089,7136.184821227217
CMCC-CM2-SR5,ssp245,medio,2043,365,0.6045592124051499,5834.006072657095
CMCC-CM2-SR5,ssp245,medio,2044,365,0.527458364868622,5089.98166031604
CMCC-CM2-SR5,ssp245,medio,2045,365,0.646773255037015,6241.372259479274
CMCC-CM2-SR5,ssp245,medio,2046,365,0.6945141890012484,6702.073036089071
CMCC-CM2-SR5,ssp245,medio,2047,365,0.6704382792554642,6469.740121827696
CMCC-CM2-SR5,ssp245,medio,2048,365,0.5942443043524964,5734.467044910459
CMCC-CM2-SR5,ssp245,medio,2049,365,0.5832348971096938,5628.226088866898
CMCC-CM2-SR5,ssp245,medio,2050,365,0.664628305132488,6413.673778581391
CMCC-CM2-SR5,ssp245,medio,2051,365,0.6703924280043077,6469.297656520417
CMCC-CM2-SR5,ssp245,medio,2052,365,0.6006233464276415,5796.024903000282
CMCC-CM2-SR5,ssp245,medio,2053,365,0.616266133799237,5946.978051420777
CMCC-CM2-SR5,ssp245,medio,2054,365,0.6611683227155193,6380.284892897924
CMCC-CM2-SR5,ssp245,medio,2055,365,0.716812368880174,6917.25082869158
CMCC-CM2-SR5,ssp245,medio,2056,365,0.7206378158835991,6954.166453481785
CMCC-CM2-SR5,ssp245,medio,2057,365,0.6339891851357258,6118.005780386715
CMCC-CM2-SR5,ssp245,medio,2058,365,0.42308744565691325,4082.800619988343
CMCC-CM2-SR5,ssp245,medio,2059,365,0.5393456545628639,5204.69419606211
CMCC-CM2-SR5,ssp245,medio,2060,365,0.6412841947086482,6188.402739485569
CMCC-CM2-SR5,ssp245,medio,2061,365,0.6833796498024752,6594.624554668282
CMCC-CM2-SR5,ssp245,medio,2062,365,0.7281131972021126,7026.304002811542
CMCC-CM2-SR5,ssp245,medio,2063,365,0.7307646480283772,7051.890545708207
CMCC-CM2-SR5,ssp245,medio,2064,365,0.6367597003006775,6144.741296056743
CMCC-CM2-SR5,ssp245,medio,2065,365,0.6454748562927548,6228.842690822785
CMCC-CM2-SR5,ssp245,medio,2066,365,0.6368250674026744,6145.372089636886
CMCC-CM2-SR5,ssp245,medio,2067,365,0.6362391942418287,6139.718404260754
CMCC-CM2-SR5,ssp245,medio,2068,365,0.6696130280835232,6461.776434814447
CMCC-CM2-SR5,ssp245,medio,2069,365,0.669979004560166,6465.308113669674
CMCC-CM2-SR5,ssp245,lejano,2070,365,0.5105413151670325,4926.731860022906
CMCC-CM2-SR5,ssp245,lejano,2071,365,0.566862813403237,5470.2352191462505
CMCC-CM2-SR5,ssp245,lejano,2072,365,0.6212340122908219,5994.918158350628
CMCC-CM2-SR5,ssp245,lejano,2073,365,0.6702244813920795,6467.676969025269
CMCC-CM2-SR5,ssp245,lejano,2074,365,0.6809922692478799,6571.5862941183495
CMCC-CM2-SR5,ssp245,lejano,2075,365,0.7273910649251594,7019.335414784827
CMCC-CM2-SR5,ssp245,lejano,2076,365,0.6388950585198118,6165.347537037119
CMCC-CM2-SR5,ssp245,lejano,2077,365,0.6410680267713865,6186.316715432307
CMCC-CM2-SR5,ssp245,lejano,2078,365,0.6272002030867518,6052.491994990405
CMCC-CM2-SR5,ssp245,lejano,2079,365,0.7068391876702573,6821.009470444985
CMCC-CM2-SR5,ssp245,lejano,2080,365,0.5340301960892124,5153.399936744037
CMCC-CM2-SR5,ssp245,lejano,2081,365,0.6835994577881027,6596.745705246514
CMCC-CM2-SR5,ssp245,lejano,2082,365,0.7190316131019703,6938.666570939822
CMCC-CM2-SR5,ssp245,lejano,2083,365,0.5646783720253871,5449.155324898938
CMCC-CM2-SR5,ssp245,lejano,2084,365,0.5501614429428716,5309.066726981797
CMCC-CM2-SR5,ssp245,lejano,2085,365,0.5101792770754724,4923.238186646742
CMCC-CM2-SR5,ssp245,lejano,2086,365,0.6331730934780185,6110.130482832374
CMCC-CM2-SR5,ssp245,lejano,2087,365,0.5607983459408777,5411.713011103006
CMCC-CM2-SR5,ssp245,lejano,2088,365,0.7113085944907933,6864.139317773666
CMCC-CM2-SR5,ssp245,lejano,2089,365,0.7064706219085538,6817.452804947495
CMCC-CM2-SR5,ssp245,lejano,2090,365,0.4412072148712772,4257.656682823263
CMCC-CM2-SR5,ssp245,lejano,2091,365,0.5681770520475121,5482.917643091325
CMCC-CM2-SR5,ssp245,lejano,2092,365,0.5375020362094705,5186.903249453969
CMCC-CM2-SR5,ssp245,lejano,2093,365,0.6084152518727542,5871.216915216108
CMCC-CM2-SR5,ssp245,lejano,2094,365,0.6468798896444097,6242.401285146787
CMCC-CM2-SR5,ssp245,lejano,2095,365,0.5917885058440467,5710.768550011144
CMCC-CM2-SR5,ssp245,lejano,2096,365,0.6298948259601638,6078.495148832796
CMCC-CM2-SR5,ssp245,lejano,2097,365,0.6439538562434708,6214.165016011193
CMCC-CM2-SR5,ssp245,lejano,2098,365,0.6540005991176857,6311.116245495252
CMCC-CM2-SR5,ssp245,lejano,2099,365,0.7023582522904332,6777.768372334717
CMCC-CM2-SR5,ssp585,medio,2040,365,0.7023227369378428,6777.425648613973
CMCC-CM2-SR5,ssp585,medio,2041,365,0.7418936259488393,7159.285360704315
CMCC-CM2-SR5,ssp585,medio,2042,365,0.7077616725973538,6829.911464751226
CMCC-CM2-SR5,ssp585,medio,2043,365,0.5577541727015712,5382.336690636926
CMCC-CM2-SR5,ssp585,medio,2044,365,0.5205689329449015,5023.498532021226
CMCC-CM2-SR5,ssp585,medio,2045,365,0.5999180765673593,5789.219037564242
CMCC-CM2-SR5,ssp585,medio,2046,365,0.6916076101408373,6674.024503580841
CMCC-CM2-SR5,ssp585,medio,2047,365,0.7383247879428635,7124.846016845238
CMCC-CM2-SR5,ssp585,medio,2048,365,0.6135915455255245,5921.1682317860395
CMCC-CM2-SR5,ssp585,medio,2049,365,0.518927152208314,5007.655321644665
CMCC-CM2-SR5,ssp585,medio,2050,365,0.5791918217157225,5589.210346625869
CMCC-CM2-SR5,ssp585,medio,2051,365,0.6133558668880645,5918.8939291636925
CMCC-CM2-SR5,ssp585,medio,2052,365,0.7243581345739614,6990.06758836888
CMCC-CM2-SR5,ssp585,medio,2053,365,0.7318118354635916,7061.995921213026
CMCC-CM2-SR5,ssp585,medio,2054,365,0.7686228007377534,7417.222325084132
CMCC-CM2-SR5,ssp585,medio,2055,365,0.660357964914114,6372.464927148639
CMCC-CM2-SR5,ssp585,medio,2056,365,0.5677509474351946,5478.805726764786
CMCC-CM2-SR5,ssp585,medio,2057,365,0.7215637257557758,6963.101498562847
CMCC-CM2-SR5,ssp585,medio,2058,365,0.658886932673133,6358.269442486656
CMCC-CM2-SR5,ssp585,medio,2059,365,0.6747242731186133,6511.100031182988
CMCC-CM2-SR5,ssp585,medio,2060,365,0.7248710844798875,6995.017563168265
CMCC-CM2-SR5,ssp585,medio,2061,365,0.7068951122729914,6821.549143756163
CMCC-CM2-SR5,ssp585,medio,2062,365,0.7026248393402186,6780.340941630538
CMCC-CM2-SR5,ssp585,medio,2063,365,0.5941652075640956,5733.703759636843
CMCC-CM2-SR5,ssp585,medio,2064,365,0.6713870707686017,6478.895975110138
CMCC-CM2-SR5,ssp585,medio,2065,365,0.6762500041489129,6525.823360037074
CMCC-CM2-SR5,ssp585,medio,2066,365,0.7222051622429628,6969.291370927187
CMCC-CM2-SR5,ssp585,medio,2067,365,0.6338585669253788,6116.745312566976
CMCC-CM2-SR5,ssp585,medio,2068,365,0.5497445191964488,5305.043406158037
CMCC-CM2-SR5,ssp585,medio,2069,365,0.6289637483767248,6069.510235255367
CMCC-CM2-SR5,ssp585,lejano,2070,365,0.6232847870792299,6014.70816787116
CMCC-CM2-SR5,ssp585,lejano,2071,365,0.667215320229735,6438.638515662065
CMCC-CM2-SR5,ssp585,lejano,2072,365,0.6708964554725722,6474.161529653609
CMCC-CM2-SR5,ssp585,lejano,2073,365,0.5381327978266642,5192.990109152075
CMCC-CM2-SR5,ssp585,lejano,2074,365,0.5507176607972252,5314.434238175795
CMCC-CM2-SR5,ssp585,lejano,2075,365,0.6019292332002051,5808.62673124971
CMCC-CM2-SR5,ssp585,lejano,2076,365,0.5906694936715111,5699.970064641981
CMCC-CM2-SR5,ssp585,lejano,2077,365,0.704624717500617,6799.639797876433
CMCC-CM2-SR5,ssp585,lejano,2078,365,0.7127419152100305,6877.970885647437
CMCC-CM2-SR5,ssp585,lejano,2079,365,0.5879495368263719,5673.722437567077
CMCC-CM2-SR5,ssp585,lejano,2080,365,0.6377690471044187,6154.481508862394
CMCC-CM2-SR5,ssp585,lejano,2081,365,0.6620257372493076,6388.558956867614
CMCC-CM2-SR5,ssp585,lejano,2082,365,0.6611934070866801,6380.526957480975
CMCC-CM2-SR5,ssp585,lejano,2083,365,0.7510106781212204,7247.265060040626
CMCC-CM2-SR5,ssp585,lejano,2084,365,0.5855392527243871,5650.463157418379
CMCC-CM2-SR5,ssp585,lejano,2085,365,0.5052397901731088,4875.572059007141
CMCC-CM2-SR5,ssp585,lejano,2086,365,0.5968432487746529,5759.54690016738
CMCC-CM2-SR5,ssp585,lejano,2087,365,0.7249232768320111,6995.521220201336
CMCC-CM2-SR5,ssp585,lejano,2088,365,0.682448472672139,6585.638680461704
CMCC-CM2-SR5,ssp585,lejano,2089,365,0.6396050161116312,6172.198639157499
CMCC-CM2-SR5,ssp585,lejano,2090,365,0.6043754079392345,5832.232356620139
CMCC-CM2-SR5,ssp585,lejano,2091,365,0.6484156715269738,6257.221604886041
CMCC-CM2-SR5,ssp585,lejano,2092,365,0.6770850441462167,6533.881509371697
CMCC-CM2-SR5,ssp585,lejano,2093,365,0.558284308635874,5387.452510885121
CMCC-CM2-SR5,ssp585,lejano,2094,365,0.6030337517061963,5819.285352504821
CMCC-CM2-SR5,ssp585,lejano,2095,365,0.5748095057733223,5546.9209276646525
CMCC-CM2-SR5,ssp585,lejano,2096,365,0.607989385720239,5867.107300030478
CMCC-CM2-SR5,ssp585,lejano,2097,365,0.5846527149673084,5641.908053877965
CMCC-CM2-SR5,ssp585,lejano,2098,365,0.6748723572949507,6512.52904585399
CMCC-CM2-SR5,ssp585,lejano,2099,365,0.5620126988529145,5423.431536133805
CMCC-ESM2,historical,historico,1981,365,0.6886378634384935,6645.366400387277
CMCC-ESM2,historical,historico,1982,365,0.657177351709725,6341.7719588364735
CMCC-ESM2,historical,historico,1983,365,0.7034993937530192,6788.780405706934
CMCC-ESM2,historical,historico,1984,365,0.5619190313390409,5422.527643126245
CMCC-ESM2,historical,historico,1985,365,0.591176224584458,5704.860026059612
CMCC-ESM2,historical,historico,1986,365,0.663027907442882,6398.229915270329
CMCC-ESM2,historical,historico,1987,365,0.704837214670864,6801.690398969272
CMCC-ESM2,historical,historico,1988,365,0.6726541533928204,6491.123342707171
CMCC-ESM2,historical,historico,1989,365,0.6084145915146927,5871.210542750247
CMCC-ESM2,historical,historico,1990,365,0.5963341099031135,5754.633701910803
CMCC-ESM2,historical,historico,1991,365,0.7104546130311796,6855.898383024691
CMCC-ESM2,historical,historico,1992,365,0.5633441993413021,5436.280537150754
CMCC-ESM2,historical,historico,1993,365,0.5811438242989864,5608.047202786406
CMCC-ESM2,historical,historico,1994,365,0.5267338919280335,5082.9904848477945
CMCC-ESM2,historical,historico,1995,365,0.514333302348766,4963.324596998429
CMCC-ESM2,historical,historico,1996,365,0.6320627322509834,6099.415479225705
CMCC-ESM2,historical,historico,1997,365,0.7436927601398836,7176.647034434038
CMCC-ESM2,historical,historico,1998,365,0.6913010362018548,6671.066060164477
CMCC-ESM2,historical,historico,1999,365,0.6424117239586155,6199.283414788222
CMCC-ESM2,historical,historico,2000,365,0.6943598043928502,6700.583222147874
CMCC-ESM2,historical,historico,2001,365,0.6789131519232809,6551.522778670092
CMCC-ESM2,historical,historico,2002,365,0.6341124836568377,6119.195613088223
CMCC-ESM2,historical,historico,2003,365,0.6435513891996064,6210.2812025984285
CMCC-ESM2,historical,historico,2004,365,0.5711584611049172,5511.688288197827
CMCC-ESM2,historical,historico,2005,365,0.665318857442824,6420.3376194249695
CMCC-ESM2,historical,historico,2006,365,0.6533632587754341,6304.965900995079
CMCC-ESM2,historical,historico,2007,365,0.6322805334968133,6101.5172647327845
CMCC-ESM2,historical,historico,2008,365,0.6354225951131001,6131.838209602937
CMCC-ESM2,historical,historico,2009,365,0.6800314230392615,6562.314112831642
CMCC-ESM2,historical,historico,2010,365,0.6626044359247094,6394.14340834442
CMCC-ESM2,historical,historico,2011,365,0.637075124362,6147.785143295289
CMCC-ESM2,historical,historico,2012,365,0.636568795430978,6142.899061009664
CMCC-ESM2,historical,historico,2013,365,0.6861807425739612,6621.6551447306065
CMCC-ESM2,historical,historico,2014,365,0.7077906133025439,6830.190743019361
CMCC-ESM2,ssp126,medio,2040,365,0.6666254496124918,6432.946254767739
CMCC-ESM2,ssp126,medio,2041,365,0.6391945989753633,6168.23810722584
CMCC-ESM2,ssp126,medio,2042,365,0.5814381216010588,5610.887176460163
CMCC-ESM2,ssp126,medio,2043,365,0.642292435673049,6198.132280923893
CMCC-ESM2,ssp126,medio,2044,365,0.7216697302060496,6964.124443204061
CMCC-ESM2,ssp126,medio,2045,365,0.75344438418784,7270.750362522802
CMCC-ESM2,ssp126,medio,2046,365,0.6073167053176372,5860.615923382484
CMCC-ESM2,ssp126,medio,2047,365,0.6420852426169148,6196.13286461711
CMCC-ESM2,ssp126,medio,2048,365,0.6970609115480785,6726.648949413542
CMCC-ESM2,ssp126,medio,2049,365,0.6408891109962346,6184.59017533944
CMCC-ESM2,ssp126,medio,2050,365,0.5902171548918531,5695.60498818086
CMCC-ESM2,ssp126,medio,2051,365,0.6682795448072248,6448.908299862436
CMCC-ESM2,ssp126,medio,2052,365,0.7127917291102114,6878.451590581205
CMCC-ESM2,ssp126,medio,2053,365,0.6275250928243663,6055.62718615662
CMCC-ESM2,ssp126,medio,2054,365,0.4531136959017016,4372.554415270554
CMCC-ESM2,ssp126,medio,2055,365,0.5741849551951035,5540.894004592031
CMCC-ESM2,ssp126,medio,2056,365,0.6640494996509834,6408.088296423984
CMCC-ESM2,ssp126,medio,2057,365,0.735445475428733,7097.060605014879
CMCC-ESM2,ssp126,medio,2058,365,0.6619891808454789,6388.206186985763
CMCC-ESM2,ssp126,medio,2059,365,0.4855339942357235,4685.41081291864
CMCC-ESM2,ssp126,medio,2060,365,0.5709980751432598,5510.140561101659
CMCC-ESM2,ssp126,medio,2061,365,0.7111739739758306,6862.840227650348
CMCC-ESM2,ssp126,medio,2062,365,0.7088385478385948,6840.3033280592035
CMCC-ESM2,ssp126,medio,2063,365,0.6879313505241776,6638.548539459923
CMCC-ESM2,ssp126,medio,2064,365,0.5589777838823509,5394.144558109228
CMCC-ESM2,ssp126,medio,2065,365,0.6636305091604475,6404.045031486465
CMCC-ESM2,ssp126,medio,2066,365,0.6377285866196509,6154.091064537018
CMCC-ESM2,ssp126,medio,2067,365,0.6925555435024277,6683.172075687123
CMCC-ESM2,ssp126,medio,2068,365,0.6455196812019828,6229.275251914033
CMCC-ESM2,ssp126,medio,2069,365,0.6097005763312451,5883.620316805736
CMCC-ESM2,ssp126,lejano,2070,365,0.6456206233945001,6230.2493456869
CMCC-ESM2,ssp126,lejano,2071,365,0.7211461842629187,6959.072216476113
CMCC-ESM2,ssp126,lejano,2072,365,0.6013104890820573,5802.655840609678
CMCC-ESM2,ssp126,lejano,2073,365,0.5695211112326929,5495.887835733266
CMCC-ESM2,ssp126,lejano,2074,365,0.5886930026441034,5680.89689460364
CMCC-ESM2,ssp126,lejano,2075,365,0.6808633709442975,6570.342423426406
CMCC-ESM2,ssp126,lejano,2076,365,0.6017764701095211,5807.1525649804
CMCC-ESM2,ssp126,lejano,2077,365,0.6118868151707543,5904.717556586821
CMCC-ESM2,ssp126,lejano,2078,365,0.5768871324136858,5566.970057986186
CMCC-ESM2,ssp126,lejano,2079,365,0.5341139397339824,5154.208064255966
CMCC-ESM2,ssp126,lejano,2080,365,0.63832665484776,6159.862432507361
CMCC-ESM2,ssp126,lejano,2081,365,0.6796740516946773,6558.865473638462
CMCC-ESM2,ssp126,lejano,2082,365,0.5926451164841567,5719.034856393976
CMCC-ESM2,ssp126,lejano,2083,365,0.5011553954272757,4836.1575843595365
CMCC-ESM2,ssp126,lejano,2084,365,0.5768733496860883,5566.837054444346
CMCC-ESM2,ssp126,lejano,2085,365,0.6551900113490345,6322.5940925583645
CMCC-ESM2,ssp126,lejano,2086,365,0.6771661319136325,6534.664007624664
CMCC-ESM2,ssp126,lejano,2087,365,0.5924317503611906,5716.975869893494
CMCC-ESM2,ssp126,lejano,2088,365,0.5529260065945695,5335.744810453701
CMCC-ESM2,ssp126,lejano,2089,365,0.7080914872757638,6833.094181674916
CMCC-ESM2,ssp126,lejano,2090,365,0.6435604904518574,6210.36902982827
CMCC-ESM2,ssp126,lejano,2091,365,0.5439468679114088,5249.095978494981
CMCC-ESM2,ssp126,lejano,2092,365,0.6418295043378496,6193.6649861323185
CMCC-ESM2,ssp126,lejano,2093,365,0.610084398628578,5887.324208116155
CMCC-ESM2,ssp126,lejano,2094,365,0.716350260300419,6912.791473503208
CMCC-ESM2,ssp126,lejano,2095,365,0.6955102638191409,6711.68517401893
CMCC-ESM2,ssp126,lejano,2096,365,0.6127889860141573,5913.423519660394
CMCC-ESM2,ssp126,lejano,2097,365,0.46408472083955515,4478.42498145724
CMCC-ESM2,ssp126,lejano,2098,365,0.598937883231541,5779.760156190501
CMCC-ESM2,ssp126,lejano,2099,365,0.6997222510836337,6752.330918513082
CMCC-ESM2,ssp245,medio,2040,365,0.6699579506017466,6465.104942634063
CMCC-ESM2,ssp245,medio,2041,365,0.676822541360256,6531.348353287131
CMCC-ESM2,ssp245,medio,2042,365,0.6359159210156428,6136.598812455689
CMCC-ESM2,ssp245,medio,2043,365,0.6285218023036478,6065.245448579039
CMCC-ESM2,ssp245,medio,2044,365,0.656770956307702,6337.850236704625
CMCC-ESM2,ssp245,medio,2045,365,0.669649956228309,6462.132792002481
CMCC-ESM2,ssp245,medio,2046,365,0.6750183290577986,6513.93767570102
CMCC-ESM2,ssp245,medio,2047,365,0.6963120939319548,6719.4228474368665
CMCC-ESM2,ssp245,medio,2048,365,0.5057284065100335,4880.287214476327
CMCC-ESM2,ssp245,medio,2049,365,0.6435548510594907,6210.314609601702
CMCC-ESM2,ssp245,medio,2050,365,0.685610172388616,6616.1491333129015
CMCC-ESM2,ssp245,medio,2051,365,0.7216639678564968,6964.068836438678
CMCC-ESM2,ssp245,medio,2052,365,0.6856214344852359,6616.257812725478
CMCC-ESM2,ssp245,medio,2053,365,0.6526414165342516,6298.000111818192
CMCC-ESM2,ssp245,medio,2054,365,0.33479671318735926,3230.793639005428
CMCC-ESM2,ssp245,medio,2055,365,0.600646149930076,5796.244957163632
CMCC-ESM2,ssp245,medio,2056,365,0.684947943190358,6609.758610954045
CMCC-ESM2,ssp245,medio,2057,365,0.7304014213165406,7048.385402127357
CMCC-ESM2,ssp245,medio,2058,365,0.5567884743744239,5373.01768632878
CMCC-ESM2,ssp245,medio,2059,365,0.5446291108491759,5255.67963376032
CMCC-ESM2,ssp245,medio,2060,365,0.6313730275888829,6092.759818201161
CMCC-ESM2,ssp245,medio,2061,365,0.7355474184529898,7098.044356830046
CMCC-ESM2,ssp245,medio,2062,365,0.6929653575984203,6687.126788270476
CMCC-ESM2,ssp245,medio,2063,365,0.5759746267601836,5558.164363829799
CMCC-ESM2,ssp245,medio,2064,365,0.6585334954219882,6354.858767358112
CMCC-ESM2,ssp245,medio,2065,365,0.6718770441768263,6483.62422633908
CMCC-ESM2,ssp245,medio,2066,365,0.7227998717771558,6975.030327447501
CMCC-ESM2,ssp245,medio,2067,365,0.6420220260209365,6195.522823454454
CMCC-ESM2,ssp245,medio,2068,365,0.4432085768454555,4276.969857895875
CMCC-ESM2,ssp245,medio,2069,365,0.6193714315774194,5976.9442246650015
CMCC-ESM2,ssp245,lejano,2070,365,0.6837538659957713,6598.235746921048
CMCC-ESM2,ssp245,lejano,2071,365,0.7200446815389946,6948.442697566201
CMCC-ESM2,ssp245,lejano,2072,365,0.5209122369590258,5026.81142125039
CMCC-ESM2,ssp245,lejano,2073,365,0.6357952310383731,6135.434152243997
CMCC-ESM2,ssp245,lejano,2074,365,0.6161758746022337,5946.107048725548
CMCC-ESM2,ssp245,lejano,2075,365,0.6549503076113549,6320.280947654495
CMCC-ESM2,ssp245,lejano,2076,365,0.7389765010191093,7131.13505845842
CMCC-ESM2,ssp245,lejano,2077,365,0.6389411752080031,6165.792563816033
CMCC-ESM2,ssp245,lejano,2078,365,0.6043095127787266,5831.596467266915
CMCC-ESM2,ssp245,lejano,2079,365,0.7593110554381263,7327.363833954805
CMCC-ESM2,ssp245,lejano,2080,365,0.6585404644082342,6354.926018186889
CMCC-ESM2,ssp245,lejano,2081,365,0.47119137709992737,4547.004328076332
CMCC-ESM2,ssp245,lejano,2082,365,0.5758362698289206,5556.8292172294
CMCC-ESM2,ssp245,lejano,2083,365,0.7116890840178323,6867.811047797425
CMCC-ESM2,ssp245,lejano,2084,365,0.5903668184156348,5697.04924357997
CMCC-ESM2,ssp245,lejano,2085,365,0.7142790320953356,6892.804088184502
CMCC-ESM2,ssp245,lejano,2086,365,0.6417778240289718,6193.166270324761
CMCC-ESM2,ssp245,lejano,2087,365,0.661058028728229,6379.22055415587
CMCC-ESM2,ssp245,lejano,2088,365,0.6048545828901578,5836.856402563349
CMCC-ESM2,ssp245,lejano,2089,365,0.5414729348364107,5225.22248473832
CMCC-ESM2,ssp245,lejano,2090,365,0.607520741505711,5862.584875861975
CMCC-ESM2,ssp245,lejano,2091,365,0.7114975064140886,6865.962320856057
CMCC-ESM2,ssp245,lejano,2092,365,0.6980858184511086,6736.539317426294
CMCC-ESM2,ssp245,lejano,2093,365,0.4900033135581035,4728.539815888715
CMCC-ESM2,ssp245,lejano,2094,365,0.599927957254872,5789.31438635683
CMCC-ESM2,ssp245,lejano,2095,365,0.6355223777609138,6132.801113750862
CMCC-ESM2,ssp245,lejano,2096,365,0.6707968103254249,6473.1999523893155
CMCC-ESM2,ssp245,lejano,2097,365,0.7205958104394098,6953.761100273271
CMCC-ESM2,ssp245,lejano,2098,365,0.6672486361381271,6438.960014711105
CMCC-ESM2,ssp245,lejano,2099,365,0.6847634277192236,6607.978033705351
CMCC-ESM2,ssp585,medio,2040,365,0.5669767523483953,5471.334731790052
CMCC-ESM2,ssp585,medio,2041,365,0.5615369261171809,5418.840321621613
CMCC-ESM2,ssp585,medio,2042,365,0.550743396177997,5314.682585012009
CMCC-ESM2,ssp585,medio,2043,365,0.6902090317448764,6660.528199682564
CMCC-ESM2,ssp585,medio,2044,365,0.7277487665423847,7022.787241114277
CMCC-ESM2,ssp585,medio,2045,365,0.5901935892943827,5695.377579788222
CMCC-ESM2,ssp585,medio,2046,365,0.6809176601668239,6570.866315292413
CMCC-ESM2,ssp585,medio,2047,365,0.7052378395290128,6805.556435260405
CMCC-ESM2,ssp585,medio,2048,365,0.7492858322407456,7230.62026969651
CMCC-ESM2,ssp585,medio,2049,365,0.7009653264799726,6764.326615976958
CMCC-ESM2,ssp585,medio,2050,365,0.6207111773438739,5989.87279274722
CMCC-ESM2,ssp585,medio,2051,365,0.5269147586165804,5084.735851286138
CMCC-ESM2,ssp585,medio,2052,365,0.5936753753111691,5728.976870558786
CMCC-ESM2,ssp585,medio,2053,365,0.5886505852845344,5680.4875664051215
CMCC-ESM2,ssp585,medio,2054,365,0.6888869127271523,6647.7697300076225
CMCC-ESM2,ssp585,medio,2055,365,0.6972021032283965,6728.011451387677
CMCC-ESM2,ssp585,medio,2056,365,0.7357655732319067,7100.149553937071
CMCC-ESM2,ssp585,medio,2057,365,0.6516267385973488,6288.208453492232
CMCC-ESM2,ssp585,medio,2058,365,0.5093932971634959,4915.65346792049
CMCC-ESM2,ssp585,medio,2059,365,0.5519776129217453,5326.592796336649
CMCC-ESM2,ssp585,medio,2060,365,0.7315000266331347,7058.986961010176
CMCC-ESM2,ssp585,medio,2061,365,0.6705896361998588,6471.200718762816
CMCC-ESM2,ssp585,medio,2062,365,0.6605718130502966,6374.52856508437
CMCC-ESM2,ssp585,medio,2063,365,0.6396392550052256,6172.529045028506
CMCC-ESM2,ssp585,medio,2064,365,0.6396315234025715,6172.454434939189
CMCC-ESM2,ssp585,medio,2065,365,0.48053794466260824,4637.1988546012835
CMCC-ESM2,ssp585,medio,2066,365,0.5482673909594824,5290.78909503726
CMCC-ESM2,ssp585,medio,2067,365,0.5816358755843247,5612.7955055627435
CMCC-ESM2,ssp585,medio,2068,365,0.6839338070663475,6599.9721811311665
CMCC-ESM2,ssp585,medio,2069,365,0.7114673101170046,6865.670926106056
CMCC-ESM2,ssp585,lejano,2070,365,0.5304806481362117,5119.146742204813
CMCC-ESM2,ssp585,lejano,2071,365,0.5415969041595734,5226.41879069035
CMCC-ESM2,ssp585,lejano,2072,365,0.6368097051854752,6145.223843995119
CMCC-ESM2,ssp585,lejano,2073,365,0.7356006427410084,7098.557972061016
CMCC-ESM2,ssp585,lejano,2074,365,0.6210334614089248,5992.982839131506
CMCC-ESM2,ssp585,lejano,2075,365,0.6229086120534016,6011.078072853118
CMCC-ESM2,ssp585,lejano,2076,365,0.5778528317043427,5576.289071592214
CMCC-ESM2,ssp585,lejano,2077,365,0.5612042157645142,5415.6296613950135
CMCC-ESM2,ssp585,lejano,2078,365,0.6797256845900818,6559.363731905241
CMCC-ESM2,ssp585,lejano,2079,365,0.611621789143157,5902.160051180091
CMCC-ESM2,ssp585,lejano,2080,365,0.443729793587888,4281.999607799816
CMCC-ESM2,ssp585,lejano,2081,365,0.6095227486953493,5881.9042772740995
CMCC-ESM2,ssp585,lejano,2082,365,0.7143650126900205,6893.6338022989
CMCC-ESM2,ssp585,lejano,2083,365,0.6660273173480212,6427.1742688454815
CMCC-ESM2,ssp585,lejano,2084,365,0.6313512793990598,6092.549947821397
CMCC-ESM2,ssp585,lejano,2085,365,0.6618822230064874,6387.174042128171
CMCC-ESM2,ssp585,lejano,2086,365,0.611568639644488,5901.647157667544
CMCC-ESM2,ssp585,lejano,2087,365,0.6112539047192588,5898.609960603322
CMCC-ESM2,ssp585,lejano,2088,365,0.6761935210146296,6525.278296887512
CMCC-ESM2,ssp585,lejano,2089,365,0.6403611764769285,6179.495598781184
CMCC-ESM2,ssp585,lejano,2090,365,0.7160949260365607,6910.327493771627
CMCC-ESM2,ssp585,lejano,2091,365,0.5562783467124726,5368.094946228907
CMCC-ESM2,ssp585,lejano,2092,365,0.5230611954820803,5047.548905381202
CMCC-ESM2,ssp585,lejano,2093,365,0.6159803783577137,5944.22050683799
CMCC-ESM2,ssp585,lejano,2094,365,0.6624808926680221,6392.951213940696
CMCC-ESM2,ssp585,lejano,2095,365,0.6005995970435233,5795.795721063551
CMCC-ESM2,ssp585,lejano,2096,365,0.5015362239970426,4839.832586151045
CMCC-ESM2,ssp585,lejano,2097,365,0.6297941670190105,6077.523788440122
CMCC-ESM2,ssp585,lejano,2098,365,0.6681015367291535,6447.190519060918
CMCC-ESM2,ssp585,lejano,2099,365,0.6041367300488171,5829.9291111587645
EC-Earth3,historical,historico,1981,365,0.6622816342925487,6391.028367429243
EC-Earth3,historical,historico,1982,365,0.6848270147620737,6608.591649686248
EC-Earth3,historical,historico,1983,365,0.6213943650898736,5996.465565427121
EC-Earth3,historical,historico,1984,366,0.7027053653370423,6799.69642431923
EC-Earth3,historical,historico,1985,365,0.7002521676390849,6757.444621751852
EC-Earth3,historical,historico,1986,365,0.7175882417582908,6924.738014379374
EC-Earth3,historical,historico,1987,365,0.608273078521085,5869.844940097726
EC-Earth3,historical,historico,1988,366,0.6675513395038378,6459.5300963678055
EC-Earth3,historical,historico,1989,365,0.7092156327476251,6843.942203464706
EC-Earth3,historical,historico,1990,365,0.7310216205630277,7054.370334779146
EC-Earth3,historical,historico,1991,365,0.6724519218385655,6489.171804972907
EC-Earth3,historical,historico,1992,366,0.5642445414255712,5459.88657555345
EC-Earth3,historical,historico,1993,365,0.6198508014614653,5981.570151715963
EC-Earth3,historical,historico,1994,365,0.6553733780810904,6324.3635844565715
EC-Earth3,historical,historico,1995,365,0.6462508716366873,6236.331251307977
EC-Earth3,historical,historico,1996,366,0.7024728875669345,6797.446863777768
EC-Earth3,historical,historico,1997,365,0.5842735461324807,5638.2490685551775
EC-Earth3,historical,historico,1998,365,0.5113991950619238,4935.010414734685
EC-Earth3,historical,historico,1999,365,0.6369744155269261,6146.8133014254845
EC-Earth3,historical,historico,2000,366,0.6679625453414447,6463.509110904422
EC-Earth3,historical,historico,2001,365,0.5652763686204912,5454.926001609639
EC-Earth3,historical,historico,2002,365,0.6025560062172646,5814.675100892702
EC-Earth3,historical,historico,2003,365,0.5649437007078477,5451.715750929941
EC-Earth3,historical,historico,2004,366,0.601058748225111,5816.117568921366
EC-Earth3,historical,historico,2005,365,0.6141440232280125,5926.4996504546925
EC-Earth3,historical,historico,2006,365,0.6015633922674264,5805.09636039494
EC-Earth3,historical,historico,2007,365,0.6830429303799975,6591.3752068538615
EC-Earth3,historical,historico,2008,366,0.6781311885461717,6561.905523184832
EC-Earth3,historical,historico,2009,365,0.6002453933188765,5792.377649453451
EC-Earth3,historical,historico,2010,365,0.6423497819008253,6198.685672939474
EC-Earth3,historical,historico,2011,365,0.5874884988031922,5669.273413266786
EC-Earth3,historical,historico,2012,366,0.7190021901040461,6957.391906041932
EC-Earth3,historical,historico,2013,365,0.6479338238942588,6252.571767520779
EC-Earth3,historical,historico,2014,365,0.6699466509897771,6464.995901197765
EC-Earth3,ssp126,medio,2040,366,0.5066087788428281,4902.17674711231
EC-Earth3,ssp126,medio,2041,365,0.6074998379981518,5862.3831566795725
EC-Earth3,ssp126,medio,2042,365,0.6931648183987265,6689.051588184804
EC-Earth3,ssp126,medio,2043,365,0.5765218977377398,5563.445537519553
EC-Earth3,ssp126,medio,2044,366,0.5741280147043776,5555.523554049438
EC-Earth3,ssp126,medio,2045,365,0.6444845637886139,6219.286352313145
EC-Earth3,ssp126,medio,2046,365,0.6189782449914649,5973.149967819557
EC-Earth3,ssp126,medio,2047,365,0.59555344486082,5747.10027176203
EC-Earth3,ssp126,medio,2048,366,0.6226965987582121,6025.495242918935
EC-Earth3,ssp126,medio,2049,365,0.6426423524279923,6201.508983207764
EC-Earth3,ssp126,medio,2050,365,0.5916062048824162,5709.009342814595
EC-Earth3,ssp126,medio,2051,365,0.5980810639208084,5771.491836132824
EC-Earth3,ssp126,medio,2052,366,0.6953951303520582,6728.959268833747
EC-Earth3,ssp126,medio,2053,365,0.7183355970843596,6931.9500052336225
EC-Earth3,ssp126,medio,2054,365,0.695586364097867,6712.419542926242
EC-Earth3,ssp126,medio,2055,365,0.6772562205962155,6535.533364853009
EC-Earth3,ssp126,medio,2056,366,0.6611168235452972,6397.266796108914
EC-Earth3,ssp126,medio,2057,365,0.5954356369422908,5745.963423463297
EC-Earth3,ssp126,medio,2058,365,0.6993710121414299,6748.941457100992
EC-Earth3,ssp126,medio,2059,365,0.6465957850247886,6239.659671021771
EC-Earth3,ssp126,medio,2060,366,0.5681756205304616,5497.925483254715
EC-Earth3,ssp126,medio,2061,365,0.6811513206833778,6573.1211430157255
EC-Earth3,ssp126,medio,2062,365,0.7467948226861203,7206.581987638223
EC-Earth3,ssp126,medio,2063,365,0.6622891517819122,6391.100911321881
EC-Earth3,ssp126,medio,2064,366,0.5951259224559419,5758.708850902857
EC-Earth3,ssp126,medio,2065,365,0.6691148719494414,6456.969220150061
EC-Earth3,ssp126,medio,2066,365,0.6899978928581075,6658.490706047022
EC-Earth3,ssp126,medio,2067,365,0.6029359094952659,5818.341173603867
EC-Earth3,ssp126,medio,2068,366,0.5865893076938987,5676.10468742758
EC-Earth3,ssp126,medio,2069,365,0.6418116981091836,6193.493155740791
EC-Earth3,ssp126,lejano,2070,365,0.616793963966405,5952.071620979231
EC-Earth3,ssp126,lejano,2071,365,0.6159633054077421,5944.055752597597
EC-Earth3,ssp126,lejano,2072,366,0.5531427497172937,5352.460594330005
EC-Earth3,ssp126,lejano,2073,365,0.6131251048892704,5916.667072183137
EC-Earth3,ssp126,lejano,2074,365,0.5893320474211312,5687.0636869266755
EC-Earth3,ssp126,lejano,2075,365,0.6702733857063642,6468.148896440585
EC-Earth3,ssp126,lejano,2076,366,0.5676512172555804,5492.851118878117
EC-Earth3,ssp126,lejano,2077,365,0.6082750307049654,5869.863778703407
EC-Earth3,ssp126,lejano,2078,365,0.6646056034465628,6413.454706948985
EC-Earth3,ssp126,lejano,2079,365,0.6394589964477319,6170.789547064556
EC-Earth3,ssp126,lejano,2080,366,0.6220464556549399,6019.204162826648
EC-Earth3,ssp126,lejano,2081,365,0.6630500535685812,6398.443625737665
EC-Earth3,ssp126,lejano,2082,365,0.6772807559205479,6535.770131125381
EC-Earth3,ssp126,lejano,2083,365,0.5793859424879709,5591.0836151839985
EC-Earth3,ssp126,lejano,2084,366,0.6656373196938721,6441.009170955975
EC-Earth3,ssp126,lejano,2085,365,0.6220118355889904,6002.424165623126
EC-Earth3,ssp126,lejano,2086,365,0.6849386515811816,6609.6689467768265
EC-Earth3,ssp126,lejano,2087,365,0.6216573658257002,5999.00352673586
EC-Earth3,ssp126,lejano,2088,366,0.5718235042447007,5533.224063672053
EC-Earth3,ssp126,lejano,2089,365,0.6925962200956848,6683.564605462879
EC-Earth3,ssp126,lejano,2090,365,0.6195229435020597,5978.406317161972
EC-Earth3,ssp126,lejano,2091,365,0.6412796712324458,6188.3590878678415
EC-Earth3,ssp126,lejano,2092,366,0.706270412580511,6834.193441404501
EC-Earth3,ssp126,lejano,2093,365,0.674664097178946,6510.519332402383
EC-Earth3,ssp126,lejano,2094,365,0.6217111722787023,5999.522759868233
EC-Earth3,ssp126,lejano,2095,365,0.6136842632027928,5922.06295885516
EC-Earth3,ssp126,lejano,2096,366,0.669648950118796,6479.827529832404
EC-Earth3,ssp126,lejano,2097,365,0.6759947725456117,6523.3603709815125
EC-Earth3,ssp126,lejano,2098,365,0.6999046482357729,6754.09105394958
EC-Earth3,ssp126,lejano,2099,365,0.6199600489983181,5982.624392194553
EC-Earth3,ssp245,medio,2040,366,0.6401342029166585,6194.229424403392
EC-Earth3,ssp245,medio,2041,365,0.6196866563663059,5979.986148921353
EC-Earth3,ssp245,medio,2042,365,0.5416130097596806,5226.574209989075
EC-Earth3,ssp245,medio,2043,365,0.6648809423904422,6416.111732162844
EC-Earth3,ssp245,medio,2044,366,0.6616494553723776,6402.420783695647
EC-Earth3,ssp245,medio,2045,365,0.6174596080609506,5958.495097141901
EC-Earth3,ssp245,medio,2046,365,0.6514672119589863,6286.669018879608
EC-Earth3,ssp245,medio,2047,365,0.6440103674119654,6214.710349691344
EC-Earth3,ssp245,medio,2048,366,0.6559886611832167,6347.644366856446
EC-Earth3,ssp245,medio,2049,365,0.6732908597675216,6497.267569410339
EC-Earth3,ssp245,medio,2050,365,0.5928591119827662,5721.099916379485
EC-Earth3,ssp245,medio,2051,365,0.5887204104040699,5681.16137992584
EC-Earth3,ssp245,medio,2052,366,0.6025205818531935,5830.262935363893
EC-Earth3,ssp245,medio,2053,365,0.6328673770832781,6107.180314731667
EC-Earth3,ssp245,medio,2054,365,0.6339867045245973,6117.981842449635
EC-Earth3,ssp245,medio,2055,365,0.6631639810638935,6399.543027890269
EC-Earth3,ssp245,medio,2056,366,0.6806671817873459,6586.444946141762
EC-Earth3,ssp245,medio,2057,365,0.6118675203290586,5904.5313610557405
EC-Earth3,ssp245,medio,2058,365,0.6041761431667262,5830.309448377197
EC-Earth3,ssp245,medio,2059,365,0.6796563941094851,6558.695077658836
EC-Earth3,ssp245,medio,2060,366,0.5390237110375709,5215.83836037383
EC-Earth3,ssp245,medio,2061,365,0.6156306367350218,5940.845494583147
EC-Earth3,ssp245,medio,2062,365,0.6592164981614254,6361.449754721724
EC-Earth3,ssp245,medio,2063,365,0.5485061990110613,5293.093596555926
EC-Earth3,ssp245,medio,2064,366,0.5816461869754217,5628.272805201542
EC-Earth3,ssp245,medio,2065,365,0.6513423124391697,6285.4637365149865
EC-Earth3,ssp245,medio,2066,365,0.6047966320665081,5836.297176187915
EC-Earth3,ssp245,medio,2067,365,0.6477589174263922,6250.883917307364
EC-Earth3,ssp245,medio,2068,366,0.693394445163649,6709.5997298393495
EC-Earth3,ssp245,medio,2069,365,0.6601151379415172,6370.121642977848
EC-Earth3,ssp245,lejano,2070,365,0.6724038633473612,6488.708039763849
EC-Earth3,ssp245,lejano,2071,365,0.6261034523078837,6041.908332426314
EC-Earth3,ssp245,lejano,2072,366,0.6157427221833922,5958.206373339463
EC-Earth3,ssp245,lejano,2073,365,0.6461509949391188,6235.367439578414
EC-Earth3,ssp245,lejano,2074,365,0.44663345286234746,4310.019966256898
EC-Earth3,ssp245,lejano,2075,365,0.6188948647664602,5972.345347314176
EC-Earth3,ssp245,lejano,2076,366,0.7253196062754209,7018.522095550063
EC-Earth3,ssp245,lejano,2077,365,0.5728012480062588,5527.541208080365
EC-Earth3,ssp245,lejano,2078,365,0.6468202961109043,6241.826206594964
EC-Earth3,ssp245,lejano,2079,365,0.6420577544151231,6195.8676030300085
EC-Earth3,ssp245,lejano,2080,366,0.6275571250424954,6072.527903868804
EC-Earth3,ssp245,lejano,2081,365,0.7304680144786015,7049.028027206736
EC-Earth3,ssp245,lejano,2082,365,0.6065010266425033,5852.744611116582
EC-Earth3,ssp245,lejano,2083,365,0.7362430139893756,7104.756864885698
EC-Earth3,ssp245,lejano,2084,366,0.7180131407656157,6947.821415219261
EC-Earth3,ssp245,lejano,2085,365,0.7078554954292744,6830.816856580424
EC-Earth3,ssp245,lejano,2086,365,0.5422837675784026,5233.047033671865
EC-Earth3,ssp245,lejano,2087,365,0.6414794944460311,6190.287385076111
EC-Earth3,ssp245,lejano,2088,366,0.6820726330884213,6600.0447315680385
EC-Earth3,ssp245,lejano,2089,365,0.6361764233858823,6139.112664496538
EC-Earth3,ssp245,lejano,2090,365,0.6290007814117716,6069.867604636098
EC-Earth3,ssp245,lejano,2091,365,0.6487466427981327,6260.415482948264
EC-Earth3,ssp245,lejano,2092,366,0.6565077575228476,6352.667378916092
EC-Earth3,ssp245,lejano,2093,365,0.6242313331988816,6023.842353070539
EC-Earth3,ssp245,lejano,2094,365,0.6545355727627328,6316.278749729535
EC-Earth3,ssp245,lejano,2095,365,0.6702641281206583,6468.059560590401
EC-Earth3,ssp245,lejano,2096,366,0.5248524162181092,5078.710472264354
EC-Earth3,ssp245,lejano,2097,365,0.6486193485613928,6259.1870915270165
EC-Earth3,ssp245,lejano,2098,365,0.6862561528862738,6622.382855450989
EC-Earth3,ssp245,lejano,2099,365,0.6952693792159443,6709.36063374393
EC-Earth3,ssp585,medio,2040,366,0.5463368528798059,5286.60364393095
EC-Earth3,ssp585,medio,2041,365,0.49250548959482887,4752.685854677931
EC-Earth3,ssp585,medio,2042,365,0.5824184454510104,5620.347317297376
EC-Earth3,ssp585,medio,2043,365,0.6691962663909238,6457.754677812676
EC-Earth3,ssp585,medio,2044,366,0.6183824180852711,5983.74927036386
EC-Earth3,ssp585,medio,2045,365,0.6470599728573746,6244.139091033229
EC-Earth3,ssp585,medio,2046,365,0.7040701354048509,6794.288071778977
EC-Earth3,ssp585,medio,2047,365,0.527131867922067,5086.830959557833
EC-Earth3,ssp585,medio,2048,366,0.5709558707289009,5524.828447520504
EC-Earth3,ssp585,medio,2049,365,0.6290878245250247,6070.70757207168
EC-Earth3,ssp585,medio,2050,365,0.6599693533074437,6368.7148189264835
EC-Earth3,ssp585,medio,2051,365,0.7104953660113604,6856.291649935483
EC-Earth3,ssp585,medio,2052,366,0.48790933576398415,4721.232438854481
EC-Earth3,ssp585,medio,2053,365,0.5740884654282702,5539.962876798253
EC-Earth3,ssp585,medio,2054,365,0.671343362114449,6478.474185898226
EC-Earth3,ssp585,medio,2055,365,0.689804184881679,6656.62142097516
EC-Earth3,ssp585,medio,2056,366,0.6828424976862993,6607.49429124358
EC-Earth3,ssp585,medio,2057,365,0.6151709756549044,5936.409757805438
EC-Earth3,ssp585,medio,2058,365,0.6364187773463998,6141.451384093195
EC-Earth3,ssp585,medio,2059,365,0.6651716113717354,6418.916692483029
EC-Earth3,ssp585,medio,2060,366,0.5174020560639151,5006.617401968718
EC-Earth3,ssp585,medio,2061,365,0.7101484276490327,6852.943689188007
EC-Earth3,ssp585,medio,2062,365,0.6777277455485416,6540.0835881873545
EC-Earth3,ssp585,medio,2063,365,0.7294359086698307,7039.068189638404
EC-Earth3,ssp585,medio,2064,366,0.5146936025237188,4980.4091747924895
EC-Earth3,ssp585,medio,2065,365,0.5401961163056733,5212.901165487608
EC-Earth3,ssp585,medio,2066,365,0.7189007214209029,6937.403464123256
EC-Earth3,ssp585,medio,2067,365,0.692793150228156,6685.464984392109
EC-Earth3,ssp585,medio,2068,366,0.613280993578759,5934.385568751553
EC-Earth3,ssp585,medio,2069,365,0.5987988499385765,5778.418482688861
EC-Earth3,ssp585,lejano,2070,365,0.6787065951195497,6549.529502209176
EC-Earth3,ssp585,lejano,2071,365,0.6196878778500051,5979.997936258595
EC-Earth3,ssp585,lejano,2072,366,0.7292441645523147,7056.4979047565685
EC-Earth3,ssp585,lejano,2073,365,0.6757501886623699,6521.000132594887
EC-Earth3,ssp585,lejano,2074,365,0.7593169501791315,7327.420718299821
EC-Earth3,ssp585,lejano,2075,365,0.6052285937441804,5840.46561328884
EC-Earth3,ssp585,lejano,2076,366,0.6436986050015603,6228.720198641209
EC-Earth3,ssp585,lejano,2077,365,0.6686191510128257,6452.185505180183
EC-Earth3,ssp585,lejano,2078,365,0.7238043572396323,6984.723628232167
EC-Earth3,ssp585,lejano,2079,365,0.45002407303928327,4342.739505214252
EC-Earth3,ssp585,lejano,2080,366,0.5606621794824406,5425.222013566451
EC-Earth3,ssp585,lejano,2081,365,0.7147097802104294,6896.9608143871255
EC-Earth3,ssp585,lejano,2082,365,0.6034786587636708,5823.578712727963
EC-Earth3,ssp585,lejano,2083,365,0.5055081454392307,4878.161691618903
EC-Earth3,ssp585,lejano,2084,366,0.7223282829024786,6989.576691336133
EC-Earth3,ssp585,lejano,2085,365,0.7035892560659822,6789.647578464825
EC-Earth3,ssp585,lejano,2086,365,0.664294282569548,6410.45045550466
EC-Earth3,ssp585,lejano,2087,365,0.5346232741974429,5159.123149977711
EC-Earth3,ssp585,lejano,2088,366,0.6724500257157369,6506.932010117154
EC-Earth3,ssp585,lejano,2089,365,0.7407373579358859,7148.127355879025
EC-Earth3,ssp585,lejano,2090,365,0.6796217482833615,6558.3607448824105
EC-Earth3,ssp585,lejano,2091,365,0.5374459773135679,5186.362280211567
EC-Earth3,ssp585,lejano,2092,366,0.5857013351852465,5667.512261939153
EC-Earth3,ssp585,lejano,2093,365,0.7182925536609603,6931.534635509126
EC-Earth3,ssp585,lejano,2094,365,0.6847159140111275,6607.519525662004
EC-Earth3,ssp585,lejano,2095,365,0.6098929280624209,5885.4765140892105
EC-Earth3,ssp585,lejano,2096,366,0.7364154514773457,7125.890535675948
EC-Earth3,ssp585,lejano,2097,365,0.6073276786170068,5860.721815896973
EC-Earth3,ssp585,lejano,2098,365,0.6725661939686408,6490.274532856487
EC-Earth3,ssp585,lejano,2099,365,0.6005782180928012,5795.589413847021
IPSL-CM6A-LR,historical,historico,1981,365,0.5401087008106557,5212.057604562039
IPSL-CM6A-LR,historical,historico,1982,365,0.5807710426649486,5604.449854053437
IPSL-CM6A-LR,historical,historico,1983,365,0.6577200580676198,6347.0090838734595
IPSL-CM6A-LR,historical,historico,1984,366,0.6285810332426592,6082.4357048774755
IPSL-CM6A-LR,historical,historico,1985,365,0.6006314877703564,5796.1034670877425
IPSL-CM6A-LR,historical,historico,1986,365,0.6507138488665817,6279.399052984095
IPSL-CM6A-LR,historical,historico,1987,365,0.7019768410044737,6774.0877473226265
IPSL-CM6A-LR,historical,historico,1988,366,0.7381390623037523,7142.568977241018
IPSL-CM6A-LR,historical,historico,1989,365,0.5765432412386906,5563.651502645223
IPSL-CM6A-LR,historical,historico,1990,365,0.6807816234152297,6569.5535584629415
IPSL-CM6A-LR,historical,historico,1991,365,0.6079372989506223,5866.604661870288
IPSL-CM6A-LR,historical,historico,1992,366,0.6633714585157302,6419.083668588955
IPSL-CM6A-LR,historical,historico,1993,365,0.6689803020538747,6455.670618504723
IPSL-CM6A-LR,historical,historico,1994,365,0.7000783568599465,6755.7673449521935
IPSL-CM6A-LR,historical,historico,1995,365,0.6588324883363705,6357.7440537657885
IPSL-CM6A-LR,historical,historico,1996,366,0.6585102361281855,6372.044271827619
IPSL-CM6A-LR,historical,historico,1997,365,0.6381221796585905,6157.889243660273
IPSL-CM6A-LR,historical,historico,1998,365,0.6457793280854348,6231.780848493694
IPSL-CM6A-LR,historical,historico,1999,365,0.7042844573093695,6796.356281586733
IPSL-CM6A-LR,historical,historico,2000,366,0.6659120076710559,6443.667176641421
IPSL-CM6A-LR,historical,historico,2001,365,0.6762863585635713,6526.1741807202
IPSL-CM6A-LR,historical,historico,2002,365,0.6379557205430286,6156.282910531753
IPSL-CM6A-LR,historical,historico,2003,365,0.6484601146442454,6257.650481678802
IPSL-CM6A-LR,historical,historico,2004,366,0.6118626617490822,5920.661145477618
IPSL-CM6A-LR,historical,historico,2005,365,0.7248364857145091,6994.6836845287835
IPSL-CM6A-LR,historical,historico,2006,365,0.6778882772053563,6541.632721244123
IPSL-CM6A-LR,historical,historico,2007,365,0.6447289986158776,6221.645152307196
IPSL-CM6A-LR,historical,historico,2008,366,0.6363669727365813,6157.775993351571
IPSL-CM6A-LR,historical,historico,2009,365,0.6981683585421185,6737.335830625179
IPSL-CM6A-LR,historical,historico,2010,365,0.5982288692842097,5772.918160254531
IPSL-CM6A-LR,historical,historico,2011,365,0.5805266343088801,5602.091309506841
IPSL-CM6A-LR,historical,historico,2012,366,0.646247172196794,6253.381292891224
IPSL-CM6A-LR,historical,historico,2013,365,0.6524582755417532,6296.232798310326
IPSL-CM6A-LR,historical,historico,2014,365,0.60146475825924,5804.144540637798
IPSL-CM6A-LR,ssp126,medio,2040,366,0.6507664244502359,6297.111631243753
IPSL-CM6A-LR,ssp126,medio,2041,365,0.7151336467760495,6901.051133527226
IPSL-CM6A-LR,ssp126,medio,2042,365,0.5823740627550235,5619.91902357098
IPSL-CM6A-LR,ssp126,medio,2043,365,0.6075394265197427,5862.76518654634
IPSL-CM6A-LR,ssp126,medio,2044,366,0.7408657613870187,7168.953756582766
IPSL-CM6A-LR,ssp126,medio,2045,365,0.6086258239458305,5873.248939090447
IPSL-CM6A-LR,ssp126,medio,2046,365,0.6235873317777931,6017.627729053012
IPSL-CM6A-LR,ssp126,medio,2047,365,0.6220988073909899,6003.26344490397
IPSL-CM6A-LR,ssp126,medio,2048,366,0.6168129518797608,5968.562402193899
IPSL-CM6A-LR,ssp126,medio,2049,365,0.6305201361060303,6084.529401745369
IPSL-CM6A-LR,ssp126,medio,2050,365,0.6835745793340083,6596.505627766449
IPSL-CM6A-LR,ssp126,medio,2051,365,0.49482861872767825,4775.104087979994
IPSL-CM6A-LR,ssp126,medio,2052,366,0.6385856609371983,6179.24502855266
IPSL-CM6A-LR,ssp126,medio,2053,365,0.7291481878181164,7036.291678815829
IPSL-CM6A-LR,ssp126,medio,2054,365,0.5936836909804717,5729.057116900607
IPSL-CM6A-LR,ssp126,medio,2055,365,0.6486910493536087,6259.879005319113
IPSL-CM6A-LR,ssp126,medio,2056,366,0.6733121702289735,6515.274512185699
IPSL-CM6A-LR,ssp126,medio,2057,365,0.633768922730182,6115.88024464902
IPSL-CM6A-LR,ssp126,medio,2058,365,0.6602569230709169,6371.489871745116
IPSL-CM6A-LR,ssp126,medio,2059,365,0.6205293750779052,5988.118397971785
IPSL-CM6A-LR,ssp126,medio,2060,366,0.6581794623047333,6368.84355400827
IPSL-CM6A-LR,ssp126,medio,2061,365,0.687569113375231,6635.0529451767925
IPSL-CM6A-LR,ssp126,medio,2062,365,0.7453296913992951,7192.44344727826
IPSL-CM6A-LR,ssp126,medio,2063,365,0.6728883355815207,6493.383204575044
IPSL-CM6A-LR,ssp126,medio,2064,366,0.6601309763158983,6387.72729034827
IPSL-CM6A-LR,ssp126,medio,2065,365,0.6441128914320622,6215.699708125663
IPSL-CM6A-LR,ssp126,medio,2066,365,0.5751157487761941,5549.876177542253
IPSL-CM6A-LR,ssp126,medio,2067,365,0.7097963971955594,6849.546589679503
IPSL-CM6A-LR,ssp126,medio,2068,366,0.7366306145847146,7127.972551672964
IPSL-CM6A-LR,ssp126,medio,2069,365,0.697463128855465,6730.530352865299
IPSL-CM6A-LR,ssp126,lejano,2070,365,0.6630906192384995,6398.8350851014275
IPSL-CM6A-LR,ssp126,lejano,2071,365,0.6331506507576519,6109.913910221751
IPSL-CM6A-LR,ssp126,lejano,2072,366,0.6385773404275755,6179.164515520711
IPSL-CM6A-LR,ssp126,lejano,2073,365,0.6647480383770594,6414.829206307237
IPSL-CM6A-LR,ssp126,lejano,2074,365,0.7005678384974674,6760.490850585976
IPSL-CM6A-LR,ssp126,lejano,2075,365,0.6494451276250657,6267.1558727039255
IPSL-CM6A-LR,ssp126,lejano,2076,366,0.7279452372494419,7043.928893941406
IPSL-CM6A-LR,ssp126,lejano,2077,365,0.657347589808092,6343.414759209525
IPSL-CM6A-LR,ssp126,lejano,2078,365,0.6724975025660184,6489.611659722118
IPSL-CM6A-LR,ssp126,lejano,2079,365,0.6474490511496519,6247.893702778959
IPSL-CM6A-LR,ssp126,lejano,2080,366,0.6749017521518709,6530.65602917768
IPSL-CM6A-LR,ssp126,lejano,2081,365,0.7137703634987389,6887.8954280886455
IPSL-CM6A-LR,ssp126,lejano,2082,365,0.7463401384623568,7202.194277603959
IPSL-CM6A-LR,ssp126,lejano,2083,365,0.5999157711965435,5789.196790698984
IPSL-CM6A-LR,ssp126,lejano,2084,366,0.6871774946508957,6649.441691695636
IPSL-CM6A-LR,ssp126,lejano,2085,365,0.6385405048067632,6161.92608803334
IPSL-CM6A-LR,ssp126,lejano,2086,365,0.6687901430048122,6453.835580638725
IPSL-CM6A-LR,ssp126,lejano,2087,365,0.6202675471319421,5985.591754103995
IPSL-CM6A-LR,ssp126,lejano,2088,366,0.6037902109073673,5842.548443011521
IPSL-CM6A-LR,ssp126,lejano,2089,365,0.5557113325768621,5362.62325074804
IPSL-CM6A-LR,ssp126,lejano,2090,365,0.5568597063095861,5373.705075642807
IPSL-CM6A-LR,ssp126,lejano,2091,365,0.6157004753453728,5941.519438290453
IPSL-CM6A-LR,ssp126,lejano,2092,366,0.6906751986484408,6683.28706493258
IPSL-CM6A-LR,ssp126,lejano,2093,365,0.6367835925538858,6144.971856682479
IPSL-CM6A-LR,ssp126,lejano,2094,365,0.6740385991146216,6504.483266073683
IPSL-CM6A-LR,ssp126,lejano,2095,365,0.6344627552829649,6122.575739884696
IPSL-CM6A-LR,ssp126,lejano,2096,366,0.6406801249206414,6199.512013780889
IPSL-CM6A-LR,ssp126,lejano,2097,365,0.613136375383459,5916.775832632386
IPSL-CM6A-LR,ssp126,lejano,2098,365,0.6933054471555479,6690.408657938191
IPSL-CM6A-LR,ssp126,lejano,2099,365,0.6288974991064238,6068.870928736975
IPSL-CM6A-LR,ssp245,medio,2040,366,0.6143370530659874,5944.604480223407
IPSL-CM6A-LR,ssp245,medio,2041,365,0.6159790670175856,5944.207852384773
IPSL-CM6A-LR,ssp245,medio,2042,365,0.6357708673488232,6135.19904225002
IPSL-CM6A-LR,ssp245,medio,2043,365,0.6947398922930338,6704.251076466052
IPSL-CM6A-LR,ssp245,medio,2044,366,0.6497488107047802,6287.264738239037
IPSL-CM6A-LR,ssp245,medio,2045,365,0.6510020852120316,6282.180538329468
IPSL-CM6A-LR,ssp245,medio,2046,365,0.5907926729172491,5701.15874633422
IPSL-CM6A-LR,ssp245,medio,2047,365,0.6568393036131615,6338.509789295866
IPSL-CM6A-LR,ssp245,medio,2048,366,0.6641276899167379,6426.401307256653
IPSL-CM6A-LR,ssp245,medio,2049,365,0.6573832532991829,6343.758912469168
IPSL-CM6A-LR,ssp245,medio,2050,365,0.703550884954843,6789.277296628393
IPSL-CM6A-LR,ssp245,medio,2051,365,0.5910057564527234,5703.215005860884
IPSL-CM6A-LR,ssp245,medio,2052,366,0.7094219131069581,6864.688792540242
IPSL-CM6A-LR,ssp245,medio,2053,365,0.6839375703402663,6600.008496784694
IPSL-CM6A-LR,ssp245,medio,2054,365,0.6535756309212349,6307.015295600011
IPSL-CM6A-LR,ssp245,medio,2055,365,0.6135219059857198,5920.496209112691
IPSL-CM6A-LR,ssp245,medio,2056,366,0.6543083555647996,6331.384966161769
IPSL-CM6A-LR,ssp245,medio,2057,365,0.6485746594551259,6258.7558409365165
IPSL-CM6A-LR,ssp245,medio,2058,365,0.6085680016485873,5872.6909529968925
IPSL-CM6A-LR,ssp245,medio,2059,365,0.6084824923782581,5871.865787170068
IPSL-CM6A-LR,ssp245,medio,2060,366,0.6346316867388664,6140.9845775237245
IPSL-CM6A-LR,ssp245,medio,2061,365,0.6872020291859017,6631.510576876418
IPSL-CM6A-LR,ssp245,medio,2062,365,0.6448416662520062,6222.732396798519
IPSL-CM6A-LR,ssp245,medio,2063,365,0.6398046257202739,6174.124875074654
IPSL-CM6A-LR,ssp245,medio,2064,366,0.6362452816522554,6156.598455123206
IPSL-CM6A-LR,ssp245,medio,2065,365,0.6740187741706215,6504.291955046883
IPSL-CM6A-LR,ssp245,medio,2066,365,0.7413693347891174,7154.225942624339
IPSL-CM6A-LR,ssp245,medio,2067,365,0.6949843214455776,6706.609821698968
IPSL-CM6A-LR,ssp245,medio,2068,366,0.6372030163764729,6165.865931509394
IPSL-CM6A-LR,ssp245,medio,2069,365,0.6099874666950194,5886.388813406403
IPSL-CM6A-LR,ssp245,lejano,2070,365,0.6562651024475349,6332.96873886035
IPSL-CM6A-LR,ssp245,lejano,2071,365,0.6774765755317114,6537.659793506223
IPSL-CM6A-LR,ssp245,lejano,2072,366,0.7041408253317767,6813.586587501301
IPSL-CM6A-LR,ssp245,lejano,2073,365,0.5858028936607864,5653.007296672888
IPSL-CM6A-LR,ssp245,lejano,2074,365,0.6815036304607107,6576.520938003945
IPSL-CM6A-LR,ssp245,lejano,2075,365,0.7181014907153701,6929.690875027172
IPSL-CM6A-LR,ssp245,lejano,2076,366,0.6120212860573705,5922.196066363502
IPSL-CM6A-LR,ssp245,lejano,2077,365,0.6190582306518556,5973.921830722097
IPSL-CM6A-LR,ssp245,lejano,2078,365,0.6445646847413047,6220.059520788544
IPSL-CM6A-LR,ssp245,lejano,2079,365,0.6866495946864798,6626.179575118044
IPSL-CM6A-LR,ssp245,lejano,2080,366,0.6837735774501318,6616.503842121068
IPSL-CM6A-LR,ssp245,lejano,2081,365,0.6891796228203909,6650.594387090737
IPSL-CM6A-LR,ssp245,lejano,2082,365,0.5615827591834126,5419.282611444079
IPSL-CM6A-LR,ssp245,lejano,2083,365,0.7453012086496654,7192.1685882886095
IPSL-CM6A-LR,ssp245,lejano,2084,366,0.7218209441381921,6984.667450918163
IPSL-CM6A-LR,ssp245,lejano,2085,365,0.6329414870417579,6107.895477016757
IPSL-CM6A-LR,ssp245,lejano,2086,365,0.6188574078532629,5971.983887502512
IPSL-CM6A-LR,ssp245,lejano,2087,365,0.6210868685320381,5993.498218724064
IPSL-CM6A-LR,ssp245,lejano,2088,366,0.6483648606711396,6273.873008846635
IPSL-CM6A-LR,ssp245,lejano,2089,365,0.6485745978097162,6258.755246057325
IPSL-CM6A-LR,ssp245,lejano,2090,365,0.616949555633689,5953.57308305799
IPSL-CM6A-LR,ssp245,lejano,2091,365,0.5883346469121419,5677.438756056519
IPSL-CM6A-LR,ssp245,lejano,2092,366,0.7046472703552661,6818.487179677203
IPSL-CM6A-LR,ssp245,lejano,2093,365,0.6809677897313001,6571.350066391681
IPSL-CM6A-LR,ssp245,lejano,2094,365,0.6976738534443414,6732.5638485195495
IPSL-CM6A-LR,ssp245,lejano,2095,365,0.6624053310163822,6392.2220427933835
IPSL-CM6A-LR,ssp245,lejano,2096,366,0.6934636351411845,6710.269243501909
IPSL-CM6A-LR,ssp245,lejano,2097,365,0.6355477685336134,6133.046135113665
IPSL-CM6A-LR,ssp245,lejano,2098,365,0.5719383442446658,5519.214172974533
IPSL-CM6A-LR,ssp245,lejano,2099,365,0.6665927679567702,6432.63087626712
IPSL-CM6A-LR,ssp585,medio,2040,366,0.6914803547139986,6691.0781208858325
IPSL-CM6A-LR,ssp585,medio,2041,365,0.7227727863446978,6974.7689525909145
IPSL-CM6A-LR,ssp585,medio,2042,365,0.6183642596909817,5967.224999846128
IPSL-CM6A-LR,ssp585,medio,2043,365,0.6423084505089388,6198.286824346468
IPSL-CM6A-LR,ssp585,medio,2044,366,0.6467320316983147,6258.073013748097
IPSL-CM6A-LR,ssp585,medio,2045,365,0.6333132210813808,6111.482716446862
IPSL-CM6A-LR,ssp585,medio,2046,365,0.5836694931799374,5632.419947898286
IPSL-CM6A-LR,ssp585,medio,2047,365,0.5977395529780601,5768.196250071128
IPSL-CM6A-LR,ssp585,medio,2048,366,0.6203622830215345,6002.907343137773
IPSL-CM6A-LR,ssp585,medio,2049,365,0.604346554439276,5831.953919883885
IPSL-CM6A-LR,ssp585,medio,2050,365,0.6494551580587694,6267.252666549653
IPSL-CM6A-LR,ssp585,medio,2051,365,0.6519538893533668,6291.365463522219
IPSL-CM6A-LR,ssp585,medio,2052,366,0.7147674515654142,6916.414651676939
IPSL-CM6A-LR,ssp585,medio,2053,365,0.6552996790160087,6323.6523872993475
IPSL-CM6A-LR,ssp585,medio,2054,365,0.6240812611947815,6022.394155829819
IPSL-CM6A-LR,ssp585,medio,2055,365,0.7153554957000654,6903.191979193562
IPSL-CM6A-LR,ssp585,medio,2056,366,0.6783039695788825,6563.577430969043
IPSL-CM6A-LR,ssp585,medio,2057,365,0.5826255665718267,5622.346039427193
IPSL-CM6A-LR,ssp585,medio,2058,365,0.6490388231410967,6263.235027932754
IPSL-CM6A-LR,ssp585,medio,2059,365,0.6948300754647299,6705.12134551585
IPSL-CM6A-LR,ssp585,medio,2060,366,0.6237927916542795,6036.1025034913355
IPSL-CM6A-LR,ssp585,medio,2061,365,0.669195187801409,6457.744269406601
IPSL-CM6A-LR,ssp585,medio,2062,365,0.6551608593127682,6322.312774941962
IPSL-CM6A-LR,ssp585,medio,2063,365,0.6841190887573777,6601.760152414115
IPSL-CM6A-LR,ssp585,medio,2064,366,0.680005710767,6580.044251976464
IPSL-CM6A-LR,ssp585,medio,2065,365,0.7275916897058385,7021.271447128376
IPSL-CM6A-LR,ssp585,medio,2066,365,0.702456491155489,6778.7163789543265
IPSL-CM6A-LR,ssp585,medio,2067,365,0.6445081517849558,6219.513976855251
IPSL-CM6A-LR,ssp585,medio,2068,366,0.7119116612122588,6888.78072654867
IPSL-CM6A-LR,ssp585,medio,2069,365,0.6712538837098847,6477.610717862526
IPSL-CM6A-LR,ssp585,lejano,2070,365,0.6807316328887033,6569.071149082112
IPSL-CM6A-LR,ssp585,lejano,2071,365,0.6572765224255843,6342.728957831247
IPSL-CM6A-LR,ssp585,lejano,2072,366,0.6456617042036216,6247.716038552631
IPSL-CM6A-LR,ssp585,lejano,2073,365,0.6809624817235954,6571.298844032403
IPSL-CM6A-LR,ssp585,lejano,2074,365,0.6781103250328676,6543.775486332373
IPSL-CM6A-LR,ssp585,lejano,2075,365,0.6915049957412228,6673.034272982732
IPSL-CM6A-LR,ssp585,lejano,2076,366,0.7142368997502853,6911.280791231005
IPSL-CM6A-LR,ssp585,lejano,2077,365,0.6566342067185873,6336.530600981674
IPSL-CM6A-LR,ssp585,lejano,2078,365,0.6391008495354821,6167.333423630994
IPSL-CM6A-LR,ssp585,lejano,2079,365,0.6998111836514054,6753.189119215
IPSL-CM6A-LR,ssp585,lejano,2080,366,0.7368197993798055,7129.803189715835
IPSL-CM6A-LR,ssp585,lejano,2081,365,0.6486627978179311,6259.6063775478
IPSL-CM6A-LR,ssp585,lejano,2082,365,0.5721702481327968,5521.452049205459
IPSL-CM6A-LR,ssp585,lejano,2083,365,0.6611119102713633,6379.740511909219
IPSL-CM6A-LR,ssp585,lejano,2084,366,0.6088303674599657,5891.319288061601
IPSL-CM6A-LR,ssp585,lejano,2085,365,0.6450819081959159,6225.05073540112
IPSL-CM6A-LR,ssp585,lejano,2086,365,0.7601298810543063,7335.265514252153
IPSL-CM6A-LR,ssp585,lejano,2087,365,0.7070152316025561,6822.708297208372
IPSL-CM6A-LR,ssp585,lejano,2088,366,0.6741893413180134,6523.762418229792
IPSL-CM6A-LR,ssp585,lejano,2089,365,0.6912009132379261,6670.099871960598
IPSL-CM6A-LR,ssp585,lejano,2090,365,0.6336460648001304,6114.694663658295
IPSL-CM6A-LR,ssp585,lejano,2091,365,0.7225559023331667,6972.676018409496
IPSL-CM6A-LR,ssp585,lejano,2092,366,0.6347714409288571,6142.336902570379
IPSL-CM6A-LR,ssp585,lejano,2093,365,0.6051961814622975,5840.152834250074
IPSL-CM6A-LR,ssp585,lejano,2094,365,0.6869070943595584,6628.6644510832475
IPSL-CM6A-LR,ssp585,lejano,2095,365,0.682632361139647,6587.413207115371
IPSL-CM6A-LR,ssp585,lejano,2096,366,0.6562464408538418,6350.138760084496
IPSL-CM6A-LR,ssp585,lejano,2097,365,0.6628330259936409,6396.349306167051
IPSL-CM6A-LR,ssp585,lejano,2098,365,0.7034028147385831,6787.848416672362
IPSL-CM6A-LR,ssp585,lejano,2099,365,0.5231794298595089,5048.689869015138
MIROC6,historical,historico,1981,365,0.6719544196668576,6484.3709010558905
MIROC6,historical,historico,1982,365,0.6915686258218007,6673.648304278389
MIROC6,historical,historico,1983,365,0.7434692171085323,7174.48984060481
MIROC6,historical,historico,1984,366,0.7298524724175799,7062.384168075969
MIROC6,historical,historico,1985,365,0.6177223610844815,5961.030668023024
MIROC6,historical,historico,1986,365,0.7122718967965835,6873.43520043738
MIROC6,historical,historico,1987,365,0.7057951441225738,6810.934433505143
MIROC6,historical,historico,1988,366,0.6826560931916897,6605.690556651535
MIROC6,historical,historico,1989,365,0.6725695208281924,6490.306637104391
MIROC6,historical,historico,1990,365,0.6871185404413324,6630.704909155504
MIROC6,historical,historico,1991,365,0.6534988074305405,6306.273947685634
MIROC6,historical,historico,1992,366,0.7311522986788701,7074.9618776212665
MIROC6,historical,historico,1993,365,0.7159968151834709,6909.3807224695365
MIROC6,historical,historico,1994,365,0.617227788158731,5956.258031376365
MIROC6,historical,historico,1995,365,0.5320756442593623,5134.538480313154
MIROC6,historical,historico,1996,366,0.6837669648363005,6616.439855464864
MIROC6,historical,historico,1997,365,0.6507982087605845,6280.213127310979
MIROC6,historical,historico,1998,365,0.7484318837522834,7222.379653119675
MIROC6,historical,historico,1999,365,0.6879222361212392,6638.460585325734
MIROC6,historical,historico,2000,366,0.5950149337511697,5757.634873762214
MIROC6,historical,historico,2001,365,0.6687557704812664,6453.503885236548
MIROC6,historical,historico,2002,365,0.7080633829542398,6832.822974522541
MIROC6,historical,historico,2003,365,0.7312149176319489,7056.235654586989
MIROC6,historical,historico,2004,366,0.6229933987999167,6028.367214988409
MIROC6,historical,historico,2005,365,0.6223067469882123,6005.270065344201
MIROC6,historical,historico,2006,365,0.6751303441985694,6515.018623601702
MIROC6,historical,historico,2007,365,0.7151790325682437,6901.4891071480715
MIROC6,historical,historico,2008,366,0.6518031317859754,6307.14328250418
MIROC6,historical,historico,2009,365,0.6320285602922865,6099.085719277529
MIROC6,historical,historico,2010,365,0.6686458274770415,6452.44293348669
MIROC6,historical,historico,2011,365,0.5847967529748577,5643.298022955424
MIROC6,historical,historico,2012,366,0.680328102663101,6583.163862458015
MIROC6,historical,historico,2013,365,0.7107741384312579,6858.981808247853
MIROC6,historical,historico,2014,365,0.5799173554176748,5596.2117584582475
MIROC6,ssp126,medio,2040,366,0.6347288489851556,6141.924763569344
MIROC6,ssp126,medio,2041,365,0.6544901227803154,6315.840156672008
MIROC6,ssp126,medio,2042,365,0.653507085661925,6306.353832750946
MIROC6,ssp126,medio,2043,365,0.6072316791974822,5859.79541996257
MIROC6,ssp126,medio,2044,366,0.5991878514245814,5798.013921343938
MIROC6,ssp126,medio,2045,365,0.6396094434406757,6172.241362953615
MIROC6,ssp126,medio,2046,365,0.4938762238305877,4765.913461984753
MIROC6,ssp126,medio,2047,365,0.6746378155344531,6510.265714112521
MIROC6,ssp126,medio,2048,366,0.5756288204598089,5570.046032505127
MIROC6,ssp126,medio,2049,365,0.6483468948092612,6256.557908459687
MIROC6,ssp126,medio,2050,365,0.66751382438911,6441.519085576101
MIROC6,ssp126,medio,2051,365,0.4808181430484445,4639.902773507778
MIROC6,ssp126,medio,2052,366,0.5396952773670652,5222.336741337758
MIROC6,ssp126,medio,2053,365,0.6465111823041305,6238.843253413775
MIROC6,ssp126,medio,2054,365,0.6735632317554071,6499.895963451387
MIROC6,ssp126,medio,2055,365,0.7344518293707255,7087.471904656771
MIROC6,ssp126,medio,2056,366,0.6546857494763746,6335.036801137961
MIROC6,ssp126,medio,2057,365,0.6271387891978732,6051.899349980104
MIROC6,ssp126,medio,2058,365,0.5950555243044583,5742.295330426411
MIROC6,ssp126,medio,2059,365,0.7074710766879614,6827.107209576055
MIROC6,ssp126,medio,2060,366,0.6320291289969017,6115.801046210237
MIROC6,ssp126,medio,2061,365,0.7004712076642899,6759.55836149972
MIROC6,ssp126,medio,2062,365,0.6475913380784315,6249.266773918272
MIROC6,ssp126,medio,2063,365,0.5396053922703214,5207.200669094878
MIROC6,ssp126,medio,2064,366,0.6249920351597843,6047.706928586849
MIROC6,ssp126,medio,2065,365,0.6192705222327716,5975.970447874601
MIROC6,ssp126,medio,2066,365,0.6501519724013289,6273.976936104382
MIROC6,ssp126,medio,2067,365,0.5477518671336418,5285.814281869517
MIROC6,ssp126,medio,2068,366,0.5630827685962334,5448.644733747204
MIROC6,ssp126,medio,2069,365,0.6538499847100046,6309.6628140512985
MIROC6,ssp126,lejano,2070,365,0.6183802018757935,5967.378842184637
MIROC6,ssp126,lejano,2071,365,0.6497265250981533,6269.871362821581
MIROC6,ssp126,lejano,2072,366,0.602194279081475,5827.105481472767
MIROC6,ssp126,lejano,2073,365,0.6568310980489022,6338.430605469474
MIROC6,ssp126,lejano,2074,365,0.563462612534089,5437.42322635576
MIROC6,ssp126,lejano,2075,365,0.6627039137218053,6395.10337067804
MIROC6,ssp126,lejano,2076,366,0.684150152196871,6620.147750486081
MIROC6,ssp126,lejano,2077,365,0.6147848069833819,5932.683223946547
MIROC6,ssp126,lejano,2078,365,0.5698948024535999,5499.493961994078
MIROC6,ssp126,lejano,2079,365,0.5924404583244073,5717.059901877862
MIROC6,ssp126,lejano,2080,366,0.6861313509619917,6639.318729994109
MIROC6,ssp126,lejano,2081,365,0.7010712750519196,6765.349021391425
MIROC6,ssp126,lejano,2082,365,0.7122426598886155,6873.1530638076965
MIROC6,ssp126,lejano,2083,365,0.6792647237370244,6554.915452297865
MIROC6,ssp126,lejano,2084,366,0.6404273270862504,6197.065827063986
MIROC6,ssp126,lejano,2085,365,0.5509538691758566,5316.713652808923
MIROC6,ssp126,lejano,2086,365,0.6414913494047255,6190.401785617191
MIROC6,ssp126,lejano,2087,365,0.48253718143771873,4656.491521468889
MIROC6,ssp126,lejano,2088,366,0.6393702042422071,6186.836626068404
MIROC6,ssp126,lejano,2089,365,0.6302729668573548,6082.144214540944
MIROC6,ssp126,lejano,2090,365,0.6574141045998373,6344.056628014103
MIROC6,ssp126,lejano,2091,365,0.6450722607949629,6224.957637827564
MIROC6,ssp126,lejano,2092,366,0.6054833431574039,5858.931960022171
MIROC6,ssp126,lejano,2093,365,0.5575005040320933,5379.888783917764
MIROC6,ssp126,lejano,2094,365,0.6453337279629171,6227.480800181797
MIROC6,ssp126,lejano,2095,365,0.610785246223393,5894.087398619681
MIROC6,ssp126,lejano,2096,366,0.67320412923377,6514.229058422282
MIROC6,ssp126,lejano,2097,365,0.6167147540739832,5951.307244250003
MIROC6,ssp126,lejano,2098,365,0.727389130822279,7019.316750661084
MIROC6,ssp126,lejano,2099,365,0.5933594329802905,5725.92802201073
MIROC6,ssp245,medio,2040,366,0.6304662623962333,6100.678038815585
MIROC6,ssp245,medio,2041,365,0.5923787162523416,5716.464089894556
MIROC6,ssp245,medio,2042,365,0.6118243733999663,5904.114992499649
MIROC6,ssp245,medio,2043,365,0.6862793728567949,6622.606928538035
MIROC6,ssp245,medio,2044,366,0.617647035258999,5976.633371978895
MIROC6,ssp245,medio,2045,365,0.48415666765421556,4672.119589369862
MIROC6,ssp245,medio,2046,365,0.5854338405501265,5649.445928250169
MIROC6,ssp245,medio,2047,365,0.5624588373937317,5427.736780190909
MIROC6,ssp245,medio,2048,366,0.6246307333292646,6044.210807899189
MIROC6,ssp245,medio,2049,365,0.5699815685119896,5500.331255845796
MIROC6,ssp245,medio,2050,365,0.630050160184546,6079.994126583431
MIROC6,ssp245,medio,2051,365,0.6360664730721736,6138.051642210044
MIROC6,ssp245,medio,2052,366,0.6114831398369928,5916.988719001483
MIROC6,ssp245,medio,2053,365,0.607314466373701,5860.594317537677
MIROC6,ssp245,medio,2054,365,0.5574510110049898,5379.411175414328
MIROC6,ssp245,medio,2055,365,0.611080304772637,5896.934718340824
MIROC6,ssp245,medio,2056,366,0.6344257943269749,6138.99226898875
MIROC6,ssp245,medio,2057,365,0.6256245226885186,6037.286653936568
MIROC6,ssp245,medio,2058,365,0.6572311182234872,6342.2908065545425
MIROC6,ssp245,medio,2059,365,0.6679121308543682,6445.362749338746
MIROC6,ssp245,medio,2060,366,0.6517545888158027,6306.673558666865
MIROC6,ssp245,medio,2061,365,0.5535180783662377,5341.458312523447
MIROC6,ssp245,medio,2062,365,0.6292075881218857,6071.863292697607
MIROC6,ssp245,medio,2063,365,0.6527100646372577,6298.66256711057
MIROC6,ssp245,medio,2064,366,0.6814400312194316,6593.923388429406
MIROC6,ssp245,medio,2065,365,0.6156830306403773,5941.351096608131
MIROC6,ssp245,medio,2066,365,0.5355836072972269,5168.390379755955
MIROC6,ssp245,medio,2067,365,0.6519846424357134,6291.662231258913
MIROC6,ssp245,medio,2068,366,0.639061552322714,6183.8499698439555
MIROC6,ssp245,medio,2069,365,0.6089379358337739,5876.260823802891
MIROC6,ssp245,lejano,2070,365,0.5870305466106583,5664.854167281598
MIROC6,ssp245,lejano,2071,365,0.6036864253135693,5825.583663258748
MIROC6,ssp245,lejano,2072,366,0.6598703808333264,6385.205650044317
MIROC6,ssp245,lejano,2073,365,0.5312534664629489,5126.604451422921
MIROC6,ssp245,lejano,2074,365,0.6109623306953069,5895.7962666070025
MIROC6,ssp245,lejano,2075,365,0.5873824023247247,5668.24958055203
MIROC6,ssp245,lejano,2076,366,0.6766728017673349,6547.793510021855
MIROC6,ssp245,lejano,2077,365,0.6051525513966111,5839.731803418119
MIROC6,ssp245,lejano,2078,365,0.598534702426933,5775.869454975141
MIROC6,ssp245,lejano,2079,365,0.5999452140974639,5789.480915163952
MIROC6,ssp245,lejano,2080,366,0.617774365489509,5977.865477148167
MIROC6,ssp245,lejano,2081,365,0.6688314192177531,6454.2338967540245
MIROC6,ssp245,lejano,2082,365,0.627612125231784,6056.467050280719
MIROC6,ssp245,lejano,2083,365,0.5396303257502326,5207.441277574956
MIROC6,ssp245,lejano,2084,366,0.6170901623044397,5971.244816227509
MIROC6,ssp245,lejano,2085,365,0.6600069970126493,6369.0780812840185
MIROC6,ssp245,lejano,2086,365,0.6438323372105103,6212.992355398819
MIROC6,ssp245,lejano,2087,365,0.6930606956873323,6688.046802353887
MIROC6,ssp245,lejano,2088,366,0.6681875795256186,6465.686643926022
MIROC6,ssp245,lejano,2089,365,0.6531628378150233,6303.031835520379
MIROC6,ssp245,lejano,2090,365,0.7053423406065268,6806.564872330433
MIROC6,ssp245,lejano,2091,365,0.6358216978463919,6135.689557364846
MIROC6,ssp245,lejano,2092,366,0.6425517470668303,6217.6226801325165
MIROC6,ssp245,lejano,2093,365,0.6221416344584316,6003.676726790016
MIROC6,ssp245,lejano,2094,365,0.6162545982587735,5946.866733270736
MIROC6,ssp245,lejano,2095,365,0.6318422769619249,6097.288082159006
MIROC6,ssp245,lejano,2096,366,0.6026006729242412,5831.037932960734
MIROC6,ssp245,lejano,2097,365,0.5620452846481128,5423.745989578842
MIROC6,ssp245,lejano,2098,365,0.6357407641553339,6134.908545951198
MIROC6,ssp245,lejano,2099,365,0.692031483742263,6678.114890616577
MIROC6,ssp585,medio,2040,366,0.6521200507609973,6310.209934514476
MIROC6,ssp585,medio,2041,365,0.4924061091156572,4751.726831463837
MIROC6,ssp585,medio,2042,365,0.6230000116502944,6011.960080425527
MIROC6,ssp585,medio,2043,365,0.6557789159295201,6328.277031182523
MIROC6,ssp585,medio,2044,366,0.6157376860385941,5958.157641313973
MIROC6,ssp585,medio,2045,365,0.6142214920461383,5927.247225789107
MIROC6,ssp585,medio,2046,365,0.40483254409468156,3906.6405278343823
MIROC6,ssp585,medio,2047,365,0.6126152807522257,5911.74726110347
MIROC6,ssp585,medio,2048,366,0.6366702373569563,6160.7105196217635
MIROC6,ssp585,medio,2049,365,0.6258626605962379,6039.584688556264
MIROC6,ssp585,medio,2050,365,0.6385534077847715,6162.050601977569
MIROC6,ssp585,medio,2051,365,0.6511298524934895,6283.4134946398135
MIROC6,ssp585,medio,2052,366,0.5978024221109247,5784.607877765914
MIROC6,ssp585,medio,2053,365,0.711576571034246,6866.72529570561
MIROC6,ssp585,medio,2054,365,0.6387885667788539,6164.319890033008
MIROC6,ssp585,medio,2055,365,0.683543453258764,6596.205260642324
MIROC6,ssp585,medio,2056,366,0.6404907651868256,6197.679682951424
MIROC6,ssp585,medio,2057,365,0.5248183138158327,5064.505125415806
MIROC6,ssp585,medio,2058,365,0.5652803744298456,5454.964657734
MIROC6,ssp585,medio,2059,365,0.6696471255754046,6462.105476156663
MIROC6,ssp585,medio,2060,366,0.6620579416148252,6406.373482193719
MIROC6,ssp585,medio,2061,365,0.7250252088414996,6996.504865723812
MIROC6,ssp585,medio,2062,365,0.5895370102301505,5689.041581313116
MIROC6,ssp585,medio,2063,365,0.6481717046611197,6254.8673207270795
MIROC6,ssp585,medio,2064,366,0.5926778202384373,5735.019901428635
MIROC6,ssp585,medio,2065,365,0.5848551408701601,5643.861467079299
MIROC6,ssp585,medio,2066,365,0.6907392220023905,6665.644544150619
MIROC6,ssp585,medio,2067,365,0.633645963485245,6114.69368596803
MIROC6,ssp585,medio,2068,366,0.6300231657655702,6096.39043447418
MIROC6,ssp585,medio,2069,365,0.7228242354316807,6975.265437103485
MIROC6,ssp585,lejano,2070,365,0.6141173730639565,5926.24247594515
MIROC6,ssp585,lejano,2071,365,0.5764932953497902,5563.169524018201
MIROC6,ssp585,lejano,2072,366,0.6112655731873551,5914.883445237304
MIROC6,ssp585,lejano,2073,365,0.6822164833798771,6583.399980079547
MIROC6,ssp585,lejano,2074,365,0.6903200303712843,6661.599338203379
MIROC6,ssp585,lejano,2075,365,0.6581418242423746,6351.079134208102
MIROC6,ssp585,lejano,2076,366,0.5438769948875989,5262.8009402388825
MIROC6,ssp585,lejano,2077,365,0.5870028567352138,5664.58695954052
MIROC6,ssp585,lejano,2078,365,0.7053958286552895,6807.081032856801
MIROC6,ssp585,lejano,2079,365,0.7011910508645488,6766.504859899709
MIROC6,ssp585,lejano,2080,366,0.6668365143849834,6452.613123701234
MIROC6,ssp585,lejano,2081,365,0.5995738131380013,5785.896889962722
MIROC6,ssp585,lejano,2082,365,0.569099584965799,5491.82010051332
MIROC6,ssp585,lejano,2083,365,0.5712269744326048,5512.3494429062275
MIROC6,ssp585,lejano,2084,366,0.5813195387814997,5625.112008848213
MIROC6,ssp585,lejano,2085,365,0.5256273999436551,5072.31281949467
MIROC6,ssp585,lejano,2086,365,0.6429035894891258,6204.029925027497
MIROC6,ssp585,lejano,2087,365,0.5506624334039507,5313.901292947058
MIROC6,ssp585,lejano,2088,366,0.6191131712123178,5990.820369675385
MIROC6,ssp585,lejano,2089,365,0.6784742815181023,6547.287672238191
MIROC6,ssp585,lejano,2090,365,0.5643986672520007,5446.456169360483
MIROC6,ssp585,lejano,2091,365,0.622180032309458,6004.047266666786
MIROC6,ssp585,lejano,2092,366,0.6689881850148728,6473.4336664351795
MIROC6,ssp585,lejano,2093,365,0.7068060465208448,6820.689657822896
MIROC6,ssp585,lejano,2094,365,0.6751075398632385,6514.7985614008885
MIROC6,ssp585,lejano,2095,365,0.6473465840099112,6246.904893240986
MIROC6,ssp585,lejano,2096,366,0.6339975111453711,6134.848006311675
MIROC6,ssp585,lejano,2097,365,0.695561137501431,6712.176105867009
MIROC6,ssp585,lejano,2098,365,0.6518506437684696,6290.369141976032
MIROC6,ssp585,lejano,2099,365,0.6783101292907848,6545.7036006181415
MPI-ESM1-2-HR,historical,historico,1981,365,0.5675023880376062,5476.407124601108
MPI-ESM1-2-HR,historical,historico,1982,365,0.586484548837218,5659.585280031935
MPI-ESM1-2-HR,historical,historico,1983,365,0.6987186659014072,6742.646305447233
MPI-ESM1-2-HR,historical,historico,1984,366,0.6767494549682721,6548.535241225339
MPI-ESM1-2-HR,historical,historico,1985,365,0.6667086814699116,6433.749443523549
MPI-ESM1-2-HR,historical,historico,1986,365,0.6630322740249531,6398.272052857182
MPI-ESM1-2-HR,historical,historico,1987,365,0.63997010775928,6175.721779398775
MPI-ESM1-2-HR,historical,historico,1988,366,0.5906145874954487,5715.055123874519
MPI-ESM1-2-HR,historical,historico,1989,365,0.6440130931075727,6214.736652697566
MPI-ESM1-2-HR,historical,historico,1990,365,0.5749756541088028,5548.524261760413
MPI-ESM1-2-HR,historical,historico,1991,365,0.7399626438323195,7140.651352384183
MPI-ESM1-2-HR,historical,historico,1992,366,0.6698294445047787,6481.574075527821
MPI-ESM1-2-HR,historical,historico,1993,365,0.702372701631343,6777.907808705686
MPI-ESM1-2-HR,historical,historico,1994,365,0.6383598277375623,6160.182551424719
MPI-ESM1-2-HR,historical,historico,1995,365,0.5450996983743653,5260.2208109078
MPI-ESM1-2-HR,historical,historico,1996,366,0.4787448909766568,4632.553106768591
MPI-ESM1-2-HR,historical,historico,1997,365,0.5641992549738153,5444.531837685397
MPI-ESM1-2-HR,historical,historico,1998,365,0.6798315019018555,6560.384870656934
MPI-ESM1-2-HR,historical,historico,1999,365,0.7180231368147909,6928.93475863292
MPI-ESM1-2-HR,historical,historico,2000,366,0.7349299633828762,7111.516277868071
MPI-ESM1-2-HR,historical,historico,2001,365,0.7204152751326192,6952.018931674177
MPI-ESM1-2-HR,historical,historico,2002,365,0.6298942288623037,6078.489386828892
MPI-ESM1-2-HR,historical,historico,2003,365,0.5937323897290864,5729.527060603919
MPI-ESM1-2-HR,historical,historico,2004,366,0.6503346186383421,6292.933281995307
MPI-ESM1-2-HR,historical,historico,2005,365,0.6101289687859183,5887.754310847611
MPI-ESM1-2-HR,historical,historico,2006,365,0.610283729447693,5889.2477537099085
MPI-ESM1-2-HR,historical,historico,2007,365,0.5810961180585958,5607.586836803339
MPI-ESM1-2-HR,historical,historico,2008,366,0.6753885302846272,6535.366315582213
MPI-ESM1-2-HR,historical,historico,2009,365,0.6103135335828586,5889.535364091122
MPI-ESM1-2-HR,historical,historico,2010,365,0.6219222348575859,6001.559517131461
MPI-ESM1-2-HR,historical,historico,2011,365,0.5632562795675192,5435.432109927033
MPI-ESM1-2-HR,historical,historico,2012,366,0.6365186348418843,6159.243544797745
MPI-ESM1-2-HR,historical,historico,2013,365,0.7051593799349015,6804.799298921877
MPI-ESM1-2-HR,historical,historico,2014,365,0.5749289891813506,5548.073944463859
MPI-ESM1-2-HR,ssp126,medio,2040,366,0.5170528207905,5003.238042770645
MPI-ESM1-2-HR,ssp126,medio,2041,365,0.5203717117974793,5021.595344793063
MPI-ESM1-2-HR,ssp126,medio,2042,365,0.5861805188976992,5656.651386251098
MPI-ESM1-2-HR,ssp126,medio,2043,365,0.6759815412796103,6523.232689052899
MPI-ESM1-2-HR,ssp126,medio,2044,366,0.7040365454171912,6812.577527662978
MPI-ESM1-2-HR,ssp126,medio,2045,365,0.6270413709110534,6050.959261953599
MPI-ESM1-2-HR,ssp126,medio,2046,365,0.5069253035679783,4891.837290235847
MPI-ESM1-2-HR,ssp126,medio,2047,365,0.5584100202765254,5388.665630228795
MPI-ESM1-2-HR,ssp126,medio,2048,366,0.5575599384686994,5395.203319859176
MPI-ESM1-2-HR,ssp126,medio,2049,365,0.67525621727448,6516.233300798209
MPI-ESM1-2-HR,ssp126,medio,2050,365,0.5854135570582998,5649.250192229506
MPI-ESM1-2-HR,ssp126,medio,2051,365,0.5617101952786302,5420.512371801905
MPI-ESM1-2-HR,ssp126,medio,2052,366,0.6297419722625294,6093.669478364431
MPI-ESM1-2-HR,ssp126,medio,2053,365,0.6045095383051525,5833.526716797334
MPI-ESM1-2-HR,ssp126,medio,2054,365,0.6266815948128532,6047.48741684955
MPI-ESM1-2-HR,ssp126,medio,2055,365,0.6430838826336993,6205.76975675732
MPI-ESM1-2-HR,ssp126,medio,2056,366,0.6627065251104854,6412.649470814067
MPI-ESM1-2-HR,ssp126,medio,2057,365,0.6296073982131261,6075.721466475037
MPI-ESM1-2-HR,ssp126,medio,2058,365,0.6727394181320853,6491.946148805313
MPI-ESM1-2-HR,ssp126,medio,2059,365,0.7197088393628659,6945.201815193086
MPI-ESM1-2-HR,ssp126,medio,2060,366,0.6353697829537234,6148.126731889602
MPI-ESM1-2-HR,ssp126,medio,2061,365,0.5682652720229893,5483.768967266198
MPI-ESM1-2-HR,ssp126,medio,2062,365,0.689352562481552,6652.263257587976
MPI-ESM1-2-HR,ssp126,medio,2063,365,0.6733055315353417,6497.409152204552
MPI-ESM1-2-HR,ssp126,medio,2064,366,0.6912884026755645,6689.220705738937
MPI-ESM1-2-HR,ssp126,medio,2065,365,0.6935327039844779,6692.601689973474
MPI-ESM1-2-HR,ssp126,medio,2066,365,0.7651410950045359,7383.623809051291
MPI-ESM1-2-HR,ssp126,medio,2067,365,0.6521388769381571,6293.150596675246
MPI-ESM1-2-HR,ssp126,medio,2068,366,0.6236958167246248,6035.164130006589
MPI-ESM1-2-HR,ssp126,medio,2069,365,0.6383526462845344,6160.113250288096
MPI-ESM1-2-HR,ssp126,lejano,2070,365,0.6251910270576053,6033.103414162324
MPI-ESM1-2-HR,ssp126,lejano,2071,365,0.6024267879140867,5813.428142199542
MPI-ESM1-2-HR,ssp126,lejano,2072,366,0.6756439882787676,6537.838243213629
MPI-ESM1-2-HR,ssp126,lejano,2073,365,0.577802870051811,5575.806940845897
MPI-ESM1-2-HR,ssp126,lejano,2074,365,0.5928355334664517,5720.872383319795
MPI-ESM1-2-HR,ssp126,lejano,2075,365,0.7087885541716333,6839.820888373129
MPI-ESM1-2-HR,ssp126,lejano,2076,366,0.6613851985539589,6399.863714642329
MPI-ESM1-2-HR,ssp126,lejano,2077,365,0.7379659786805686,7121.383501723144
MPI-ESM1-2-HR,ssp126,lejano,2078,365,0.6184591332566819,5968.140531273111
MPI-ESM1-2-HR,ssp126,lejano,2079,365,0.691355644922332,6671.593035190822
MPI-ESM1-2-HR,ssp126,lejano,2080,366,0.7475904408598246,7234.024810855989
MPI-ESM1-2-HR,ssp126,lejano,2081,365,0.7750046586135465,7478.807355695261
MPI-ESM1-2-HR,ssp126,lejano,2082,365,0.6086353992058829,5873.341340503158
MPI-ESM1-2-HR,ssp126,lejano,2083,365,0.7182446305366484,6931.072176592745
MPI-ESM1-2-HR,ssp126,lejano,2084,366,0.7166628796407262,6934.755675016174
MPI-ESM1-2-HR,ssp126,lejano,2085,365,0.575472063790676,5553.314623133043
MPI-ESM1-2-HR,ssp126,lejano,2086,365,0.680423359891456,6566.096309726308
MPI-ESM1-2-HR,ssp126,lejano,2087,365,0.7035054458685323,6788.83880871847
MPI-ESM1-2-HR,ssp126,lejano,2088,366,0.7148655586946879,6917.363980839671
MPI-ESM1-2-HR,ssp126,lejano,2089,365,0.5803717171518351,5600.596356462683
MPI-ESM1-2-HR,ssp126,lejano,2090,365,0.6769136392905456,6532.227449771993
MPI-ESM1-2-HR,ssp126,lejano,2091,365,0.70724695974951,6824.944477534126
MPI-ESM1-2-HR,ssp126,lejano,2092,366,0.7484942266139695,7242.770252493341
MPI-ESM1-2-HR,ssp126,lejano,2093,365,0.7306083221695872,7050.38199866967
MPI-ESM1-2-HR,ssp126,lejano,2094,365,0.564528519956126,5447.7092500329345
MPI-ESM1-2-HR,ssp126,lejano,2095,365,0.506711880767394,4889.7777567954445
MPI-ESM1-2-HR,ssp126,lejano,2096,366,0.5066299360531057,4902.381473892793
MPI-ESM1-2-HR,ssp126,lejano,2097,365,0.6880783025791092,6639.966629141244
MPI-ESM1-2-HR,ssp126,lejano,2098,365,0.5953632845052065,5745.265221287795
MPI-ESM1-2-HR,ssp126,lejano,2099,365,0.5867561888132385,5662.206610146773
MPI-ESM1-2-HR,ssp245,medio,2040,366,0.6426685496808224,6218.752915300613
MPI-ESM1-2-HR,ssp245,medio,2041,365,0.6102799566651985,5889.211346298472
MPI-ESM1-2-HR,ssp245,medio,2042,365,0.5402085066607283,5213.0207326121335
MPI-ESM1-2-HR,ssp245,medio,2043,365,0.6145207444613502,5930.135016383941
MPI-ESM1-2-HR,ssp245,medio,2044,366,0.6502400379013665,6292.0180758068445
MPI-ESM1-2-HR,ssp245,medio,2045,365,0.6669472012610768,6436.0511633246115
MPI-ESM1-2-HR,ssp245,medio,2046,365,0.6582479607809422,6352.103353503464
MPI-ESM1-2-HR,ssp245,medio,2047,365,0.6219234391101444,6001.571138187919
MPI-ESM1-2-HR,ssp245,medio,2048,366,0.5826661742922576,5638.142665961483
MPI-ESM1-2-HR,ssp245,medio,2049,365,0.520395010888644,5021.820181395589
MPI-ESM1-2-HR,ssp245,medio,2050,365,0.6824934683770192,6586.0728897337285
MPI-ESM1-2-HR,ssp245,medio,2051,365,0.7257538891003849,7003.536641880939
MPI-ESM1-2-HR,ssp245,medio,2052,366,0.5644971240581222,5462.330679879562
MPI-ESM1-2-HR,ssp245,medio,2053,365,0.5912441280200794,5705.515295299814
MPI-ESM1-2-HR,ssp245,medio,2054,365,0.6003477308415133,5793.3652081842965
MPI-ESM1-2-HR,ssp245,medio,2055,365,0.6346240938560774,6124.132659696649
MPI-ESM1-2-HR,ssp245,medio,2056,366,0.6639991387882768,6425.157388124031
MPI-ESM1-2-HR,ssp245,medio,2057,365,0.8024943953948983,7744.083755471094
MPI-ESM1-2-HR,ssp245,medio,2058,365,0.7778032248881124,7505.813565021883
MPI-ESM1-2-HR,ssp245,medio,2059,365,0.6526198412448944,6297.79190993069
MPI-ESM1-2-HR,ssp245,medio,2060,366,0.6697917142069906,6481.2089800217755
MPI-ESM1-2-HR,ssp245,medio,2061,365,0.7031939268033823,6785.832644755468
MPI-ESM1-2-HR,ssp245,medio,2062,365,0.7404770827799912,7145.61569646024
MPI-ESM1-2-HR,ssp245,medio,2063,365,0.6429749901667112,6204.718942708606
MPI-ESM1-2-HR,ssp245,medio,2064,366,0.7021430720060174,6794.255418542144
MPI-ESM1-2-HR,ssp245,medio,2065,365,0.5887325461622234,5681.278490186194
MPI-ESM1-2-HR,ssp245,medio,2066,365,0.43077677968246886,4157.002816364299
MPI-ESM1-2-HR,ssp245,medio,2067,365,0.5745986005060851,5544.885688461329
MPI-ESM1-2-HR,ssp245,medio,2068,366,0.5695402733207124,5511.13048375141
MPI-ESM1-2-HR,ssp245,medio,2069,365,0.6991685428571041,6746.9876252677395
MPI-ESM1-2-HR,ssp245,lejano,2070,365,0.6353940840706702,6131.563077587312
MPI-ESM1-2-HR,ssp245,lejano,2071,365,0.5578757712111998,5383.510118200416
MPI-ESM1-2-HR,ssp245,lejano,2072,366,0.6337279279068568,6132.239396397187
MPI-ESM1-2-HR,ssp245,lejano,2073,365,0.6724803844119396,6489.4464692613665
MPI-ESM1-2-HR,ssp245,lejano,2074,365,0.6884425660722593,6643.481777678358
MPI-ESM1-2-HR,ssp245,lejano,2075,365,0.5703720217032242,5504.09913538846
MPI-ESM1-2-HR,ssp245,lejano,2076,366,0.5635099508705018,5452.778343544651
MPI-ESM1-2-HR,ssp245,lejano,2077,365,0.7157564809196856,6907.061492978661
MPI-ESM1-2-HR,ssp245,lejano,2078,365,0.6492509583301497,6265.282135901277
MPI-ESM1-2-HR,ssp245,lejano,2079,365,0.6800185174506348,6562.1895736949045
MPI-ESM1-2-HR,ssp245,lejano,2080,366,0.7278105505150941,7042.625603898205
MPI-ESM1-2-HR,ssp245,lejano,2081,365,0.6974396469383053,6730.303751988997
MPI-ESM1-2-HR,ssp245,lejano,2082,365,0.6375732522856749,6152.592085728799
MPI-ESM1-2-HR,ssp245,lejano,2083,365,0.667523818768268,6441.615531494886
MPI-ESM1-2-HR,ssp245,lejano,2084,366,0.7219109803307305,6985.538682029611
MPI-ESM1-2-HR,ssp245,lejano,2085,365,0.7121851861378724,6872.598441193447
MPI-ESM1-2-HR,ssp245,lejano,2086,365,0.7194438122320451,6942.644299140231
MPI-ESM1-2-HR,ssp245,lejano,2087,365,0.6276075212484722,6056.422621768096
MPI-ESM1-2-HR,ssp245,lejano,2088,366,0.6537055432259015,6325.551880052664
MPI-ESM1-2-HR,ssp245,lejano,2089,365,0.6705011799504775,6470.347114540987
MPI-ESM1-2-HR,ssp245,lejano,2090,365,0.6947276318401407,6704.132762899468
MPI-ESM1-2-HR,ssp245,lejano,2091,365,0.5907640915885699,5700.8829360551645
MPI-ESM1-2-HR,ssp245,lejano,2092,366,0.5639217136678712,5456.7627474770115
MPI-ESM1-2-HR,ssp245,lejano,2093,365,0.6618225792196563,6386.59847863095
MPI-ESM1-2-HR,ssp245,lejano,2094,365,0.6842767611132667,6603.281693171201
MPI-ESM1-2-HR,ssp245,lejano,2095,365,0.5782550994660912,5580.1709619293715
MPI-ESM1-2-HR,ssp245,lejano,2096,366,0.7339422091449311,7101.958319026189
MPI-ESM1-2-HR,ssp245,lejano,2097,365,0.6508703277632613,6280.909076840715
MPI-ESM1-2-HR,ssp245,lejano,2098,365,0.6995065921795917,6750.249806638533
MPI-ESM1-2-HR,ssp245,lejano,2099,365,0.7151859747636062,6901.556099444396
MPI-ESM1-2-HR,ssp585,medio,2040,366,0.5668548243491202,5485.14485923427
MPI-ESM1-2-HR,ssp585,medio,2041,365,0.6244269195338048,6025.729764331929
MPI-ESM1-2-HR,ssp585,medio,2042,365,0.5810416140901765,5607.060872636029
MPI-ESM1-2-HR,ssp585,medio,2043,365,0.5787386583048422,5584.837312460259
MPI-ESM1-2-HR,ssp585,medio,2044,366,0.49250852404143614,4765.73627449826
MPI-ESM1-2-HR,ssp585,medio,2045,365,0.6119565278745727,5905.390285294071
MPI-ESM1-2-HR,ssp585,medio,2046,365,0.5510712360827529,5317.846245338342
MPI-ESM1-2-HR,ssp585,medio,2047,365,0.6269682641922301,6050.253780947247
MPI-ESM1-2-HR,ssp585,medio,2048,366,0.6944717301456089,6720.024028843089
MPI-ESM1-2-HR,ssp585,medio,2049,365,0.5927578443896099,5720.122682485246
MPI-ESM1-2-HR,ssp585,medio,2050,365,0.6344821406258834,6122.762808754024
MPI-ESM1-2-HR,ssp585,medio,2051,365,0.4739290732269487,4573.423139505227
MPI-ESM1-2-HR,ssp585,medio,2052,366,0.6213777815028394,6012.733767885388
MPI-ESM1-2-HR,ssp585,medio,2053,365,0.6595441420051885,6364.611523056341
MPI-ESM1-2-HR,ssp585,medio,2054,365,0.6620123850238534,6388.430107678344
MPI-ESM1-2-HR,ssp585,medio,2055,365,0.6316884138349921,6095.803300522295
MPI-ESM1-2-HR,ssp585,medio,2056,366,0.6780643575278,6561.258835883053
MPI-ESM1-2-HR,ssp585,medio,2057,365,0.7011139711533547,6765.761039453411
MPI-ESM1-2-HR,ssp585,medio,2058,365,0.6382969863990038,6159.576131502169
MPI-ESM1-2-HR,ssp585,medio,2059,365,0.7476947146141951,7215.265959142415
MPI-ESM1-2-HR,ssp585,medio,2060,366,0.7019073054978393,6791.97403467671
MPI-ESM1-2-HR,ssp585,medio,2061,365,0.605101037572193,5839.234694188264
MPI-ESM1-2-HR,ssp585,medio,2062,365,0.6453594935196777,6227.729438216786
MPI-ESM1-2-HR,ssp585,medio,2063,365,0.5449406926715393,5258.686403331436
MPI-ESM1-2-HR,ssp585,medio,2064,366,0.6390667399959281,6183.900168127254
MPI-ESM1-2-HR,ssp585,medio,2065,365,0.6420280122511637,6195.580590671925
MPI-ESM1-2-HR,ssp585,medio,2066,365,0.7117380729139086,6868.283791428385
MPI-ESM1-2-HR,ssp585,medio,2067,365,0.7012982010210228,6767.538860624085
MPI-ESM1-2-HR,ssp585,medio,2068,366,0.6663063177802527,6447.482700432524
MPI-ESM1-2-HR,ssp585,medio,2069,365,0.6410129739718432,6185.78545503587
MPI-ESM1-2-HR,ssp585,lejano,2070,365,0.641809867451875,6193.475489868471
MPI-ESM1-2-HR,ssp585,lejano,2071,365,0.6693718319353384,6459.448888125326
MPI-ESM1-2-HR,ssp585,lejano,2072,366,0.6999973689049646,6773.492620328867
MPI-ESM1-2-HR,ssp585,lejano,2073,365,0.5657062057222714,5459.07393651921
MPI-ESM1-2-HR,ssp585,lejano,2074,365,0.6135948843299375,5921.200451302046
MPI-ESM1-2-HR,ssp585,lejano,2075,365,0.64514992783809,6225.707126036414
MPI-ESM1-2-HR,ssp585,lejano,2076,366,0.6321179316683768,6116.660341211364
MPI-ESM1-2-HR,ssp585,lejano,2077,365,0.6837735425991671,6598.425626458644
MPI-ESM1-2-HR,ssp585,lejano,2078,365,0.7316887062329451,7060.807722167219
MPI-ESM1-2-HR,ssp585,lejano,2079,365,0.7012473764887598,6767.048403074555
MPI-ESM1-2-HR,ssp585,lejano,2080,366,0.6664916597318732,6449.276153375786
MPI-ESM1-2-HR,ssp585,lejano,2081,365,0.6474488187127971,6247.891459759591
MPI-ESM1-2-HR,ssp585,lejano,2082,365,0.7580972478042011,7315.6505708665045
MPI-ESM1-2-HR,ssp585,lejano,2083,365,0.697466193576792,6730.559927475139
MPI-ESM1-2-HR,ssp585,lejano,2084,366,0.7104732671828562,6874.862172313924
MPI-ESM1-2-HR,ssp585,lejano,2085,365,0.6728377088163494,6492.894655481112
MPI-ESM1-2-HR,ssp585,lejano,2086,365,0.5946685606574559,5738.5611250414195
MPI-ESM1-2-HR,ssp585,lejano,2087,365,0.6643409101795764,6410.900412687475
MPI-ESM1-2-HR,ssp585,lejano,2088,366,0.7282953877225579,7047.31710902765
MPI-ESM1-2-HR,ssp585,lejano,2089,365,0.6502267799673463,6274.698830313371
MPI-ESM1-2-HR,ssp585,lejano,2090,365,0.697346316754142,6729.403114218539
MPI-ESM1-2-HR,ssp585,lejano,2091,365,0.5711618522207823,5511.721012520185
MPI-ESM1-2-HR,ssp585,lejano,2092,366,0.596314401699879,5770.209116112162
MPI-ESM1-2-HR,ssp585,lejano,2093,365,0.699860602038552,6753.6660074416595
MPI-ESM1-2-HR,ssp585,lejano,2094,365,0.730194453168663,7046.388156188848
MPI-ESM1-2-HR,ssp585,lejano,2095,365,0.7790139108742791,7517.496704159366
MPI-ESM1-2-HR,ssp585,lejano,2096,366,0.7724629676926067,7474.702682566181
MPI-ESM1-2-HR,ssp585,lejano,2097,365,0.7995356547168316,7715.5318605879
MPI-ESM1-2-HR,ssp585,lejano,2098,365,0.7903203619816866,7626.604138249067
MPI-ESM1-2-HR,ssp585,lejano,2099,365,0.6630839036151296,6398.770279228457
MPI-ESM1-2-LR,historical,historico,1981,365,0.69583248296555,6714.794593937284
MPI-ESM1-2-LR,historical,historico,1982,365,0.624651050279988,6027.892629618688
MPI-ESM1-2-LR,historical,historico,1983,365,0.5546965498550305,5352.830581245841
MPI-ESM1-2-LR,historical,historico,1984,366,0.6055428393408863,5859.507672128611
MPI-ESM1-2-LR,historical,historico,1985,365,0.6541646445028313,6312.699286086633
MPI-ESM1-2-LR,historical,historico,1986,365,0.5688367537091394,5489.283774681255
MPI-ESM1-2-LR,historical,historico,1987,365,0.55490900392948,5354.880766463544
MPI-ESM1-2-LR,historical,historico,1988,366,0.6317524415762991,6113.123693001721
MPI-ESM1-2-LR,historical,historico,1989,365,0.6566853940878213,6337.024559913781
MPI-ESM1-2-LR,historical,historico,1990,365,0.7076611336748045,6828.941262540003
MPI-ESM1-2-LR,historical,historico,1991,365,0.6044641072487917,5833.088306376556
MPI-ESM1-2-LR,historical,historico,1992,366,0.6572275972513979,6359.632875224716
MPI-ESM1-2-LR,historical,historico,1993,365,0.6544449960842033,6315.404683332498
MPI-ESM1-2-LR,historical,historico,1994,365,0.6280689233631866,6060.875159557524
MPI-ESM1-2-LR,historical,historico,1995,365,0.6773811469389809,6536.738906059517
MPI-ESM1-2-LR,historical,historico,1996,366,0.6552671831500803,6340.6630175682
MPI-ESM1-2-LR,historical,historico,1997,365,0.7017844374886238,6772.23105031622
MPI-ESM1-2-LR,historical,historico,1998,365,0.637127682254134,6148.292327795308
MPI-ESM1-2-LR,historical,historico,1999,365,0.5767326486654839,5565.4792873442975
MPI-ESM1-2-LR,historical,historico,2000,366,0.6311704356724815,6107.4919394129
MPI-ESM1-2-LR,historical,historico,2001,365,0.6848613943115992,6608.92341288924
MPI-ESM1-2-LR,historical,historico,2002,365,0.7476839671510139,7215.162245950758
MPI-ESM1-2-LR,historical,historico,2003,365,0.7214603699699369,6962.10411357581
MPI-ESM1-2-LR,historical,historico,2004,366,0.6094578716814797,5897.391304046889
MPI-ESM1-2-LR,historical,historico,2005,365,0.5617661574048823,5421.052407215632
MPI-ESM1-2-LR,historical,historico,2006,365,0.632517784537367,6103.806741070143
MPI-ESM1-2-LR,historical,historico,2007,365,0.7098156827209788,6849.732695308368
MPI-ESM1-2-LR,historical,historico,2008,366,0.7036977099189133,6809.298801414792
MPI-ESM1-2-LR,historical,historico,2009,365,0.6210400500951275,5993.046420058782
MPI-ESM1-2-LR,historical,historico,2010,365,0.5789449142797295,5586.827685918018
MPI-ESM1-2-LR,historical,historico,2011,365,0.6596354778957354,6365.492915861492
MPI-ESM1-2-LR,historical,historico,2012,366,0.6036958421969478,5841.635288488361
MPI-ESM1-2-LR,historical,historico,2013,365,0.5659737463064627,5461.655707437305
MPI-ESM1-2-LR,historical,historico,2014,365,0.6045420351448955,5833.840311820803
MPI-ESM1-2-LR,ssp126,medio,2040,366,0.6969075134949605,6743.59377535137
MPI-ESM1-2-LR,ssp126,medio,2041,365,0.6956562112234163,6713.093568805345
MPI-ESM1-2-LR,ssp126,medio,2042,365,0.7400999655602042,7141.97650925542
MPI-ESM1-2-LR,ssp126,medio,2043,365,0.7073671005713671,6826.103838387301
MPI-ESM1-2-LR,ssp126,medio,2044,366,0.6637049626760724,6422.310806388717
MPI-ESM1-2-LR,ssp126,medio,2045,365,0.6233362212131102,6015.204508086053
MPI-ESM1-2-LR,ssp126,medio,2046,365,0.6614096097488184,6382.613316629852
MPI-ESM1-2-LR,ssp126,medio,2047,365,0.7161307452550945,6910.673149803585
MPI-ESM1-2-LR,ssp126,medio,2048,366,0.6526804075515735,6315.632201446217
MPI-ESM1-2-LR,ssp126,medio,2049,365,0.5720103890458692,5519.909406458863
MPI-ESM1-2-LR,ssp126,medio,2050,365,0.648795515499028,6260.887105293868
MPI-ESM1-2-LR,ssp126,medio,2051,365,0.6310994715784303,6090.119998323396
MPI-ESM1-2-LR,ssp126,medio,2052,366,0.5375522894459053,5201.600216438904
MPI-ESM1-2-LR,ssp126,medio,2053,365,0.6086503514780119,5873.485630168438
MPI-ESM1-2-LR,ssp126,medio,2054,365,0.6578567028473647,6348.327708184314
MPI-ESM1-2-LR,ssp126,medio,2055,365,0.6503535435537946,6275.922100950815
MPI-ESM1-2-LR,ssp126,medio,2056,366,0.6816760019852177,6596.206748784269
MPI-ESM1-2-LR,ssp126,medio,2057,365,0.7017925386482465,6772.309226636196
MPI-ESM1-2-LR,ssp126,medio,2058,365,0.6980459402479641,6736.154492127897
MPI-ESM1-2-LR,ssp126,medio,2059,365,0.6777102486724746,6539.914743053358
MPI-ESM1-2-LR,ssp126,medio,2060,366,0.6505477131537006,6294.995281356064
MPI-ESM1-2-LR,ssp126,medio,2061,365,0.5701386912885726,5501.847493153787
MPI-ESM1-2-LR,ssp126,medio,2062,365,0.5697192042594423,5497.799436610886
MPI-ESM1-2-LR,ssp126,medio,2063,365,0.653605937912389,6307.30775854956
MPI-ESM1-2-LR,ssp126,medio,2064,366,0.6217763593336231,6016.590588089817
MPI-ESM1-2-LR,ssp126,medio,2065,365,0.6199174087789516,5982.212913395423
MPI-ESM1-2-LR,ssp126,medio,2066,365,0.6540795187717685,6311.8778214198655
MPI-ESM1-2-LR,ssp126,medio,2067,365,0.6983853685214646,6739.429980398029
MPI-ESM1-2-LR,ssp126,medio,2068,366,0.5986747699767726,5793.049112110728
MPI-ESM1-2-LR,ssp126,medio,2069,365,0.5774326623157621,5572.2344302697
MPI-ESM1-2-LR,ssp126,lejano,2070,365,0.6758850213195491,6522.30126989399
MPI-ESM1-2-LR,ssp126,lejano,2071,365,0.6433487044781322,6208.325291793247
MPI-ESM1-2-LR,ssp126,lejano,2072,366,0.6231210208087714,6029.602143537527
MPI-ESM1-2-LR,ssp126,lejano,2073,365,0.5708908849945734,5509.106174451793
MPI-ESM1-2-LR,ssp126,lejano,2074,365,0.580416313700096,5601.026713866945
MPI-ESM1-2-LR,ssp126,lejano,2075,365,0.5990881206596629,5781.209949775677
MPI-ESM1-2-LR,ssp126,lejano,2076,366,0.6663014904443819,6447.435988937096
MPI-ESM1-2-LR,ssp126,lejano,2077,365,0.6950990387898804,6707.716845906966
MPI-ESM1-2-LR,ssp126,lejano,2078,365,0.7123153028284577,6873.854069339461
MPI-ESM1-2-LR,ssp126,lejano,2079,365,0.5483393782349131,5291.4837733969625
MPI-ESM1-2-LR,ssp126,lejano,2080,366,0.675054560681719,6532.134673948686
MPI-ESM1-2-LR,ssp126,lejano,2081,365,0.5355345736275222,5167.917204058766
MPI-ESM1-2-LR,ssp126,lejano,2082,365,0.6429596854706664,6204.571252146898
MPI-ESM1-2-LR,ssp126,lejano,2083,365,0.6163745157973411,5948.023939436594
MPI-ESM1-2-LR,ssp126,lejano,2084,366,0.6027554270638913,5832.535404336269
MPI-ESM1-2-LR,ssp126,lejano,2085,365,0.6470339619608013,6243.888085465124
MPI-ESM1-2-LR,ssp126,lejano,2086,365,0.71824981172225,6931.1221751166995
MPI-ESM1-2-LR,ssp126,lejano,2087,365,0.6940711818757788,6697.798010240175
MPI-ESM1-2-LR,ssp126,lejano,2088,366,0.6655675281902098,6440.333836653279
MPI-ESM1-2-LR,ssp126,lejano,2089,365,0.721260578236687,6960.17612015328
MPI-ESM1-2-LR,ssp126,lejano,2090,365,0.6912820030088977,6670.882389547911
MPI-ESM1-2-LR,ssp126,lejano,2091,365,0.6317465363326878,6096.364183555019
MPI-ESM1-2-LR,ssp126,lejano,2092,366,0.6570449182199739,6357.865189907306
MPI-ESM1-2-LR,ssp126,lejano,2093,365,0.6087384057186713,5874.33535499967
MPI-ESM1-2-LR,ssp126,lejano,2094,365,0.527617704350011,5091.519288860875
MPI-ESM1-2-LR,ssp126,lejano,2095,365,0.5890533650472743,5684.374397560037
MPI-ESM1-2-LR,ssp126,lejano,2096,366,0.6225788466743917,6024.355820249342
MPI-ESM1-2-LR,ssp126,lejano,2097,365,0.7573617090430892,7308.552610053154
MPI-ESM1-2-LR,ssp126,lejano,2098,365,0.6447181727802991,6221.5406828206505
MPI-ESM1-2-LR,ssp126,lejano,2099,365,0.6623317241987148,6391.511735825184
MPI-ESM1-2-LR,ssp245,medio,2040,366,0.6702871592024794,6486.003130928332
MPI-ESM1-2-LR,ssp245,medio,2041,365,0.7080320808647426,6832.520908858059
MPI-ESM1-2-LR,ssp245,medio,2042,365,0.6073792126686395,5861.2191203197735
MPI-ESM1-2-LR,ssp245,medio,2043,365,0.4859711276438861,4689.629157301542
MPI-ESM1-2-LR,ssp245,medio,2044,366,0.6268163142745057,6065.359482253322
MPI-ESM1-2-LR,ssp245,medio,2045,365,0.640119521774368,6177.163627034999
MPI-ESM1-2-LR,ssp245,medio,2046,365,0.6089201755982037,5876.089437245474
MPI-ESM1-2-LR,ssp245,medio,2047,365,0.6483340616988656,6256.43406873904
MPI-ESM1-2-LR,ssp245,medio,2048,366,0.643020423745147,6222.157808638592
MPI-ESM1-2-LR,ssp245,medio,2049,365,0.6302338376483247,6081.766617047737
MPI-ESM1-2-LR,ssp245,medio,2050,365,0.6403850059905479,6179.725553968882
MPI-ESM1-2-LR,ssp245,medio,2051,365,0.6570884185352494,6340.913752279852
MPI-ESM1-2-LR,ssp245,medio,2052,366,0.6030017192537978,5834.918639480977
MPI-ESM1-2-LR,ssp245,medio,2053,365,0.6206814960372462,5989.586367663362
MPI-ESM1-2-LR,ssp245,medio,2054,365,0.6323881206596857,6102.555482575897
MPI-ESM1-2-LR,ssp245,medio,2055,365,0.6022881608724784,5812.09038902999
MPI-ESM1-2-LR,ssp245,medio,2056,366,0.5945570167863844,5753.203861133482
MPI-ESM1-2-LR,ssp245,medio,2057,365,0.5373035720211118,5184.98806686088
MPI-ESM1-2-LR,ssp245,medio,2058,365,0.6433544970845098,6208.381190537472
MPI-ESM1-2-LR,ssp245,medio,2059,365,0.6937810413770704,6694.9981497853905
MPI-ESM1-2-LR,ssp245,medio,2060,366,0.6387437469204679,6180.774740361047
MPI-ESM1-2-LR,ssp245,medio,2061,365,0.6736356283326365,6500.594591579994
MPI-ESM1-2-LR,ssp245,medio,2062,365,0.5789462510891301,5586.840586150122
MPI-ESM1-2-LR,ssp245,medio,2063,365,0.7331412975227919,7074.825251355702
MPI-ESM1-2-LR,ssp245,medio,2064,366,0.628776855797145,6084.330572896449
MPI-ESM1-2-LR,ssp245,medio,2065,365,0.6269268443477454,6049.854078785252
MPI-ESM1-2-LR,ssp245,medio,2066,365,0.7089277302585778,6841.16393983896
MPI-ESM1-2-LR,ssp245,medio,2067,365,0.684425828537285,6604.720196198055
MPI-ESM1-2-LR,ssp245,medio,2068,366,0.6824655680550044,6603.846948854346
MPI-ESM1-2-LR,ssp245,medio,2069,365,0.6501917710128846,6274.360993342672
MPI-ESM1-2-LR,ssp245,lejano,2070,365,0.7233455941173474,6980.2965567619085
MPI-ESM1-2-LR,ssp245,lejano,2071,365,0.7242541428591159,6989.064066656754
MPI-ESM1-2-LR,ssp245,lejano,2072,366,0.7382489143735842,7143.631955785491
MPI-ESM1-2-LR,ssp245,lejano,2073,365,0.6891840699199996,6650.637301673113
MPI-ESM1-2-LR,ssp245,lejano,2074,365,0.7085697789341999,6837.709703831492
MPI-ESM1-2-LR,ssp245,lejano,2075,365,0.65837624375889,6353.341286293188
MPI-ESM1-2-LR,ssp245,lejano,2076,366,0.678531676429914,6565.780825929616
MPI-ESM1-2-LR,ssp245,lejano,2077,365,0.5933767687932351,5726.095312883019
MPI-ESM1-2-LR,ssp245,lejano,2078,365,0.6828307972612255,6589.328118863582
MPI-ESM1-2-LR,ssp245,lejano,2079,365,0.6484993933914073,6258.0295222173745
MPI-ESM1-2-LR,ssp245,lejano,2080,366,0.721516795865245,6981.724374024151
MPI-ESM1-2-LR,ssp245,lejano,2081,365,0.7112162972958481,6863.24864836569
MPI-ESM1-2-LR,ssp245,lejano,2082,365,0.6659220468393032,6426.158406752024
MPI-ESM1-2-LR,ssp245,lejano,2083,365,0.6496592780386307,6269.222427621234
MPI-ESM1-2-LR,ssp245,lejano,2084,366,0.6090122464044799,5893.079231374513
MPI-ESM1-2-LR,ssp245,lejano,2085,365,0.5503877058265246,5311.250167429255
MPI-ESM1-2-LR,ssp245,lejano,2086,365,0.5965964380692106,5757.165172910892
MPI-ESM1-2-LR,ssp245,lejano,2087,365,0.6854878226484721,6614.968456362918
MPI-ESM1-2-LR,ssp245,lejano,2088,366,0.6928931178721347,6704.748659163535
MPI-ESM1-2-LR,ssp245,lejano,2089,365,0.6511146411254298,6283.266704694654
MPI-ESM1-2-LR,ssp245,lejano,2090,365,0.6633065090068336,6400.918424820089
MPI-ESM1-2-LR,ssp245,lejano,2091,365,0.6601300195526854,6370.265250763726
MPI-ESM1-2-LR,ssp245,lejano,2092,366,0.7322844956309238,7085.917529799633
MPI-ESM1-2-LR,ssp245,lejano,2093,365,0.6272569876745778,6053.039967171478
MPI-ESM1-2-LR,ssp245,lejano,2094,365,0.6312692393932303,6091.758260452502
MPI-ESM1-2-LR,ssp245,lejano,2095,365,0.6558202784426306,6328.67618009584
MPI-ESM1-2-LR,ssp245,lejano,2096,366,0.6829238813755029,6608.281796801062
MPI-ESM1-2-LR,ssp245,lejano,2097,365,0.7239185767304328,6985.825848145903
MPI-ESM1-2-LR,ssp245,lejano,2098,365,0.6883253539196811,6642.350678530585
MPI-ESM1-2-LR,ssp245,lejano,2099,365,0.6929096724490195,6686.589425687796
MPI-ESM1-2-LR,ssp585,medio,2040,366,0.6065454475896477,5869.209365128815
MPI-ESM1-2-LR,ssp585,medio,2041,365,0.6633126441879243,6400.977629415776
MPI-ESM1-2-LR,ssp585,medio,2042,365,0.6662140187831567,6428.975940681762
MPI-ESM1-2-LR,ssp585,medio,2043,365,0.6269962201531328,6050.5235564172535
MPI-ESM1-2-LR,ssp585,medio,2044,366,0.6476464536873949,6266.921376427788
MPI-ESM1-2-LR,ssp585,medio,2045,365,0.5359074595425478,5171.515559104939
MPI-ESM1-2-LR,ssp585,medio,2046,365,0.6510079230767969,6282.236873817858
MPI-ESM1-2-LR,ssp585,medio,2047,365,0.659915994159032,6368.199902290565
MPI-ESM1-2-LR,ssp585,medio,2048,366,0.6657548422103096,6442.146372227256
MPI-ESM1-2-LR,ssp585,medio,2049,365,0.6845873066946736,6606.278463000506
MPI-ESM1-2-LR,ssp585,medio,2050,365,0.6481257339583232,6254.423702709561
MPI-ESM1-2-LR,ssp585,medio,2051,365,0.7116880013679597,6867.800600208832
MPI-ESM1-2-LR,ssp585,medio,2052,366,0.6677026389446082,6460.994138507165
MPI-ESM1-2-LR,ssp585,medio,2053,365,0.6583886990672575,6353.461480218219
MPI-ESM1-2-LR,ssp585,medio,2054,365,0.5705125290245837,5505.455033287696
MPI-ESM1-2-LR,ssp585,medio,2055,365,0.5878556387983046,5672.816320093859
MPI-ESM1-2-LR,ssp585,medio,2056,366,0.5546186576326172,5366.742149971232
MPI-ESM1-2-LR,ssp585,medio,2057,365,0.5970217611242374,5761.269547197068
MPI-ESM1-2-LR,ssp585,medio,2058,365,0.6839606126175808,6600.230855129456
MPI-ESM1-2-LR,ssp585,medio,2059,365,0.6605112253730488,6373.943893029526
MPI-ESM1-2-LR,ssp585,medio,2060,366,0.6936403477346714,6711.979194854691
MPI-ESM1-2-LR,ssp585,medio,2061,365,0.6909455945014996,6667.6360420689825
MPI-ESM1-2-LR,ssp585,medio,2062,365,0.661575402025543,6384.213214752922
MPI-ESM1-2-LR,ssp585,medio,2063,365,0.5601020337696284,5404.993587509454
MPI-ESM1-2-LR,ssp585,medio,2064,366,0.7057051288816112,6828.723499469033
MPI-ESM1-2-LR,ssp585,medio,2065,365,0.6696888501787013,6462.50811924607
MPI-ESM1-2-LR,ssp585,medio,2066,365,0.662451814307215,6392.670607293653
MPI-ESM1-2-LR,ssp585,medio,2067,365,0.6535469016940529,6306.738058098038
MPI-ESM1-2-LR,ssp585,medio,2068,366,0.6657976538034885,6442.5606366564425
MPI-ESM1-2-LR,ssp585,medio,2069,365,0.7575019189979628,7309.905638361044
MPI-ESM1-2-LR,ssp585,lejano,2070,365,0.643520670874754,6209.984770272109
MPI-ESM1-2-LR,ssp585,lejano,2071,365,0.6609930202440272,6378.593221243186
MPI-ESM1-2-LR,ssp585,lejano,2072,366,0.5967536783402493,5774.459756491689
MPI-ESM1-2-LR,ssp585,lejano,2073,365,0.6392875211917093,6169.1348081003325
MPI-ESM1-2-LR,ssp585,lejano,2074,365,0.7238464226110233,6985.129559739135
MPI-ESM1-2-LR,ssp585,lejano,2075,365,0.6533680693147321,6305.012322776274
MPI-ESM1-2-LR,ssp585,lejano,2076,366,0.6613725783189583,6399.7415955138285
MPI-ESM1-2-LR,ssp585,lejano,2077,365,0.5967792627008591,5758.929433531493
MPI-ESM1-2-LR,ssp585,lejano,2078,365,0.5816266154419967,5612.706145041115
MPI-ESM1-2-LR,ssp585,lejano,2079,365,0.7227807350524679,6974.845657748076
MPI-ESM1-2-LR,ssp585,lejano,2080,366,0.6579627702866754,6366.7467435766885
MPI-ESM1-2-LR,ssp585,lejano,2081,365,0.6509621679458479,6281.7953360721185
MPI-ESM1-2-LR,ssp585,lejano,2082,365,0.6806148950135353,6567.944626718936
MPI-ESM1-2-LR,ssp585,lejano,2083,365,0.6874991365258791,6634.377667460917
MPI-ESM1-2-LR,ssp585,lejano,2084,366,0.7048483035352187,6820.432468075901
MPI-ESM1-2-LR,ssp585,lejano,2085,365,0.7060709319754732,6813.595790698228
MPI-ESM1-2-LR,ssp585,lejano,2086,365,0.6290388537897603,6070.2350036928465
MPI-ESM1-2-LR,ssp585,lejano,2087,365,0.7594852820508283,7329.045123555005
MPI-ESM1-2-LR,ssp585,lejano,2088,366,0.6526774997869066,6315.604064594011
MPI-ESM1-2-LR,ssp585,lejano,2089,365,0.6658826148095834,6425.777887034316
MPI-ESM1-2-LR,ssp585,lejano,2090,365,0.6364320993927455,6141.579942053583
MPI-ESM1-2-LR,ssp585,lejano,2091,365,0.688566943257785,6644.682019508717
MPI-ESM1-2-LR,ssp585,lejano,2092,366,0.669043171246637,6473.965738199474
MPI-ESM1-2-LR,ssp585,lejano,2093,365,0.6713811977404776,6478.839300294771
MPI-ESM1-2-LR,ssp585,lejano,2094,365,0.690362659347652,6662.0107085073905
MPI-ESM1-2-LR,ssp585,lejano,2095,365,0.7084000172861434,6836.071501211561
MPI-ESM1-2-LR,ssp585,lejano,2096,366,0.7517783670111003,7274.549087289376
MPI-ESM1-2-LR,ssp585,lejano,2097,365,0.748265411846533,7220.773196565632
MPI-ESM1-2-LR,ssp585,lejano,2098,365,0.742127387746669,7161.541165793558
MPI-ESM1-2-LR,ssp585,lejano,2099,365,0.5941216541338356,5733.283468337979
NorESM2-MM,historical,historico,1981,365,0.6707171306935047,6472.431042666411
NorESM2-MM,historical,historico,1982,365,0.661718607099557,6385.595146008439
NorESM2-MM,historical,historico,1983,365,0.6471115061290952,6244.636387929866
NorESM2-MM,historical,historico,1984,365,0.6143383582272005,5928.374986306216
NorESM2-MM,historical,historico,1985,365,0.6157232790426999,5941.739494334518
NorESM2-MM,historical,historico,1986,365,0.4662957032401055,4499.7609969982705
NorESM2-MM,historical,historico,1987,365,0.6131010945780252,5916.435372295456
NorESM2-MM,historical,historico,1988,365,0.6791727794788366,6554.028188735244
NorESM2-MM,historical,historico,1989,365,0.699675589506803,6751.88063355008
NorESM2-MM,historical,historico,1990,365,0.6862087220009704,6621.925146648916
NorESM2-MM,historical,historico,1991,365,0.6045293836267663,5833.718224468433
NorESM2-MM,historical,historico,1992,365,0.6547225577111795,6318.083157473805
NorESM2-MM,historical,historico,1993,365,0.7033483734593559,6787.323057456759
NorESM2-MM,historical,historico,1994,365,0.7198347059968514,6946.416430224911
NorESM2-MM,historical,historico,1995,365,0.7217254284068927,6964.661931733368
NorESM2-MM,historical,historico,1996,365,0.7188462409133769,6936.8777263539405
NorESM2-MM,historical,historico,1997,365,0.585210087245164,5647.286705277228
NorESM2-MM,historical,historico,1998,365,0.5956797931476676,5748.319534751682
NorESM2-MM,historical,historico,1999,365,0.4639028248722287,4476.669682462205
NorESM2-MM,historical,historico,2000,365,0.6249614541075703,6030.888031521319
NorESM2-MM,historical,historico,2001,365,0.6295678368105269,6075.339698306973
NorESM2-MM,historical,historico,2002,365,0.6544538367199139,6315.489995608556
NorESM2-MM,historical,historico,2003,365,0.6895218897761939,6653.897268690507
NorESM2-MM,historical,historico,2004,365,0.6754225993134848,6517.838890136717
NorESM2-MM,historical,historico,2005,365,0.651016368309143,6282.318370445123
NorESM2-MM,historical,historico,2006,365,0.5950088965718567,5741.845372060762
NorESM2-MM,historical,historico,2007,365,0.6230209820690967,6012.162445302496
NorESM2-MM,historical,historico,2008,365,0.5750295159355767,5549.04402925057
NorESM2-MM,historical,historico,2009,365,0.5959308707676442,5750.7424378016985
NorESM2-MM,historical,historico,2010,365,0.600745664998961,5797.205279170613
NorESM2-MM,historical,historico,2011,365,0.5236321227724726,5053.058362868324
NorESM2-MM,historical,historico,2012,365,0.6224018521425653,6006.187831605388
NorESM2-MM,historical,historico,2013,365,0.6897667733028984,6656.260398641341
NorESM2-MM,historical,historico,2014,365,0.7212102135482421,6959.690100103953
NorESM2-MM,ssp126,medio,2040,365,0.7009618901798236,6764.2934556255395
NorESM2-MM,ssp126,medio,2041,365,0.6565219718971425,6335.447533158975
NorESM2-MM,ssp126,medio,2042,365,0.6791555837026808,6553.8622492202085
NorESM2-MM,ssp126,medio,2043,365,0.6947946516188632,6704.779504836455
NorESM2-MM,ssp126,medio,2044,365,0.5943938647898314,5735.910305523708
NorESM2-MM,ssp126,medio,2045,365,0.6318204376215885,6097.07733217533
NorESM2-MM,ssp126,medio,2046,365,0.730362749576909,7048.012219221165
NorESM2-MM,ssp126,medio,2047,365,0.6797881424423143,6559.966451178612
NorESM2-MM,ssp126,medio,2048,365,0.7039897893813021,6793.512731366194
NorESM2-MM,ssp126,medio,2049,365,0.6582263494441474,6351.894803757613
NorESM2-MM,ssp126,medio,2050,365,0.7329487881169601,7072.967532509274
NorESM2-MM,ssp126,medio,2051,365,0.7139884759623553,6890.000216852343
NorESM2-MM,ssp126,medio,2052,365,0.5759643051317133,5558.064759949914
NorESM2-MM,ssp126,medio,2053,365,0.6552883855221157,6323.543404902584
NorESM2-MM,ssp126,medio,2054,365,0.6941841120763047,6698.887788482133
NorESM2-MM,ssp126,medio,2055,365,0.5811464337260951,5608.072383799757
NorESM2-MM,ssp126,medio,2056,365,0.5918389189947846,5711.255037722375
NorESM2-MM,ssp126,medio,2057,365,0.7435104707346015,7174.887938756436
NorESM2-MM,ssp126,medio,2058,365,0.6580409646360974,6350.105837393774
NorESM2-MM,ssp126,medio,2059,365,0.6303748731508818,6083.127611903979
NorESM2-MM,ssp126,medio,2060,365,0.7225471832877652,6972.591879481866
NorESM2-MM,ssp126,medio,2061,365,0.7176027965707014,6924.878468552013
NorESM2-MM,ssp126,medio,2062,365,0.739964401857283,7140.668317353209
NorESM2-MM,ssp126,medio,2063,365,0.7387358008577617,7128.812298050214
NorESM2-MM,ssp126,medio,2064,365,0.5348024411298534,5160.852113742143
NorESM2-MM,ssp126,medio,2065,365,0.5659906332270623,5461.818666491283
NorESM2-MM,ssp126,medio,2066,365,0.6960500787641258,6716.894396875075
NorESM2-MM,ssp126,medio,2067,365,0.5989085878210387,5779.4774550104285
NorESM2-MM,ssp126,medio,2068,365,0.5860393843314453,5655.289435428596
NorESM2-MM,ssp126,medio,2069,365,0.6277204651324225,6057.512532055318
NorESM2-MM,ssp126,lejano,2070,365,0.6684971135358506,6451.007841574774
NorESM2-MM,ssp126,lejano,2071,365,0.6163431287267267,5947.721053702972
NorESM2-MM,ssp126,lejano,2072,365,0.5851612623161238,5646.81554393079
NorESM2-MM,ssp126,lejano,2073,365,0.5800754511046042,5597.737384366648
NorESM2-MM,ssp126,lejano,2074,365,0.578352890354172,5581.1146455640055
NorESM2-MM,ssp126,lejano,2075,365,0.5470169618219554,5278.722433853259
NorESM2-MM,ssp126,lejano,2076,365,0.5766222016193217,5564.413471581679
NorESM2-MM,ssp126,lejano,2077,365,0.6416764962502293,6192.188455638652
NorESM2-MM,ssp126,lejano,2078,365,0.6570961129418392,6340.988003426555
NorESM2-MM,ssp126,lejano,2079,365,0.6287595435721848,6067.5396556242795
NorESM2-MM,ssp126,lejano,2080,365,0.6557736636588649,6328.226346686665
NorESM2-MM,ssp126,lejano,2081,365,0.6029788620321118,5818.7556662716715
NorESM2-MM,ssp126,lejano,2082,365,0.5755882795483184,5554.436107053744
NorESM2-MM,ssp126,lejano,2083,365,0.5925346014767615,5717.968384804371
NorESM2-MM,ssp126,lejano,2084,365,0.5549680755796823,5355.450808833143
NorESM2-MM,ssp126,lejano,2085,365,0.6502560429567079,6274.981218628918
NorESM2-MM,ssp126,lejano,2086,365,0.4855764926375908,4685.820923176632
NorESM2-MM,ssp126,lejano,2087,365,0.5464128433923897,5272.892681342054
NorESM2-MM,ssp126,lejano,2088,365,0.5667473644025373,5469.1211344423145
NorESM2-MM,ssp126,lejano,2089,365,0.6078086750900117,5865.3634395574145
NorESM2-MM,ssp126,lejano,2090,365,0.5849754478201291,5645.022431071411
NorESM2-MM,ssp126,lejano,2091,365,0.5269198432520396,5084.784918099674
NorESM2-MM,ssp126,lejano,2092,365,0.5872937326891678,5667.393917150192
NorESM2-MM,ssp126,lejano,2093,365,0.6535498983575184,6306.766975948426
NorESM2-MM,ssp126,lejano,2094,365,0.5660529663632633,5462.420182252952
NorESM2-MM,ssp126,lejano,2095,365,0.5992434983612728,5782.709347082256
NorESM2-MM,ssp126,lejano,2096,365,0.6049905028064949,5838.168031930721
NorESM2-MM,ssp126,lejano,2097,365,0.6036969438808477,5825.685167601282
NorESM2-MM,ssp126,lejano,2098,365,0.6104457335993881,5890.811096365833
NorESM2-MM,ssp126,lejano,2099,365,0.5329977188150072,5143.43651452832
NorESM2-MM,ssp245,medio,2040,365,0.593082847280052,5723.2589655780575
NorESM2-MM,ssp245,medio,2041,365,0.6087676731882835,5874.617786549706
NorESM2-MM,ssp245,medio,2042,365,0.7190026076686739,6938.386668044425
NorESM2-MM,ssp245,medio,2043,365,0.691437456767998,6672.382520810488
NorESM2-MM,ssp245,medio,2044,365,0.6555186430268248,6325.765393507148
NorESM2-MM,ssp245,medio,2045,365,0.6282929093651869,6063.036628060602
NorESM2-MM,ssp245,medio,2046,365,0.6704418575299176,6469.7746522334255
NorESM2-MM,ssp245,medio,2047,365,0.6609141247270265,6377.831878241801
NorESM2-MM,ssp245,medio,2048,365,0.6429742489321493,6204.711789783222
NorESM2-MM,ssp245,medio,2049,365,0.6729269790436341,6493.756114602734
NorESM2-MM,ssp245,medio,2050,365,0.6261073491544565,6041.945937058091
NorESM2-MM,ssp245,medio,2051,365,0.6829258642973801,6590.245517283547
NorESM2-MM,ssp245,medio,2052,365,0.6614153976531355,6382.66916999912
NorESM2-MM,ssp245,medio,2053,365,0.726147912071531,7007.338969856866
NorESM2-MM,ssp245,medio,2054,365,0.7160852273338131,6910.233901134933
NorESM2-MM,ssp245,medio,2055,365,0.6805238157101167,6567.065709983676
NorESM2-MM,ssp245,medio,2056,365,0.4964179358882438,4790.441024008526
NorESM2-MM,ssp245,medio,2057,365,0.6051432147235483,5839.641704373676
NorESM2-MM,ssp245,medio,2058,365,0.5713358537819573,5513.400130369549
NorESM2-MM,ssp245,medio,2059,365,0.6733463105993595,6497.802670824789
NorESM2-MM,ssp245,medio,2060,365,0.6097278320006642,5883.883334451721
NorESM2-MM,ssp245,medio,2061,365,0.6834408863494408,6595.215488326285
NorESM2-MM,ssp245,medio,2062,365,0.6262730448546898,6043.544903216473
NorESM2-MM,ssp245,medio,2063,365,0.5056450070116972,4879.4824079829905
NorESM2-MM,ssp245,medio,2064,365,0.6225799292665833,6007.906278701397
NorESM2-MM,ssp245,medio,2065,365,0.6426365602282388,6201.453088387467
NorESM2-MM,ssp245,medio,2066,365,0.5901525823029888,5694.981861665158
NorESM2-MM,ssp245,medio,2067,365,0.5720559167550752,5520.348749581143
NorESM2-MM,ssp245,medio,2068,365,0.6222910403163009,6005.118495708948
NorESM2-MM,ssp245,medio,2069,365,0.6892876196694403,6651.636558412014
NorESM2-MM,ssp245,lejano,2070,365,0.6730071771479461,6494.530027592514
NorESM2-MM,ssp245,lejano,2071,365,0.5721762969322797,5521.510420217249
NorESM2-MM,ssp245,lejano,2072,365,0.6367011569833361,6144.176352107704
NorESM2-MM,ssp245,lejano,2073,365,0.6770029743559279,6533.089534582295
NorESM2-MM,ssp245,lejano,2074,365,0.6489691074301797,6262.562270206952
NorESM2-MM,ssp245,lejano,2075,365,0.6151532612377498,5936.238813396465
NorESM2-MM,ssp245,lejano,2076,365,0.6620192525588768,6388.496379501202
NorESM2-MM,ssp245,lejano,2077,365,0.6152143928905983,5936.828734824559
NorESM2-MM,ssp245,lejano,2078,365,0.604311054662885,5831.611346473715
NorESM2-MM,ssp245,lejano,2079,365,0.6833973714655905,6594.795569000891
NorESM2-MM,ssp245,lejano,2080,365,0.6688082400444589,6454.010217360869
NorESM2-MM,ssp245,lejano,2081,365,0.5619773023010128,5423.0899588416105
NorESM2-MM,ssp245,lejano,2082,365,0.5281561177285858,5096.714986578737
NorESM2-MM,ssp245,lejano,2083,365,0.6529012307163946,6300.507322832899
NorESM2-MM,ssp245,lejano,2084,365,0.6154323817604946,5938.932330906881
NorESM2-MM,ssp245,lejano,2085,365,0.6442904903059592,6217.4135401003505
NorESM2-MM,ssp245,lejano,2086,365,0.6232654053553621,6014.521133925729
NorESM2-MM,ssp245,lejano,2087,365,0.6751383286965831,6515.095674135286
NorESM2-MM,ssp245,lejano,2088,365,0.7184862044315672,6933.4033685438935
NorESM2-MM,ssp245,lejano,2089,365,0.6323887912421842,6102.561953707737
NorESM2-MM,ssp245,lejano,2090,365,0.6372194496884502,6149.177885004739
NorESM2-MM,ssp245,lejano,2091,365,0.6625999211507809,6394.099840703774
NorESM2-MM,ssp245,lejano,2092,365,0.6418061009925715,6193.43914347593
NorESM2-MM,ssp245,lejano,2093,365,0.6376534225752919,6153.365730306328
NorESM2-MM,ssp245,lejano,2094,365,0.6898452143653562,6657.0173561491165
NorESM2-MM,ssp245,lejano,2095,365,0.6932291119341607,6689.672021830442
NorESM2-MM,ssp245,lejano,2096,365,0.5228914642271667,5045.910996055585
NorESM2-MM,ssp245,lejano,2097,365,0.6220940418569562,6003.217457424296
NorESM2-MM,ssp245,lejano,2098,365,0.7022609771418062,6776.829665594064
NorESM2-MM,ssp245,lejano,2099,365,0.5224412434981496,5041.566358817039
NorESM2-MM,ssp585,medio,2040,365,0.6370150430100395,6147.205357287569
NorESM2-MM,ssp585,medio,2041,365,0.5258601736912123,5074.559089882977
NorESM2-MM,ssp585,medio,2042,365,0.5292229746427447,5107.01017287008
NorESM2-MM,ssp585,medio,2043,365,0.6610634575352139,6379.272942230134
NorESM2-MM,ssp585,medio,2044,365,0.6938129872218296,6695.3064276984505
NorESM2-MM,ssp585,medio,2045,365,0.6319660130258673,6098.482137155827
NorESM2-MM,ssp585,medio,2046,365,0.718483565354383,6933.3779014068405
NorESM2-MM,ssp585,medio,2047,365,0.7012758561327371,6767.323232094611
NorESM2-MM,ssp585,medio,2048,365,0.7426965538441894,7167.033627741288
NorESM2-MM,ssp585,medio,2049,365,0.5274052584254473,5089.469182289701
NorESM2-MM,ssp585,medio,2050,365,0.5447250527567995,5256.605474703959
NorESM2-MM,ssp585,medio,2051,365,0.6904919126882741,6663.258005312448
NorESM2-MM,ssp585,medio,2052,365,0.7150384841200739,6900.132812374459
NorESM2-MM,ssp585,medio,2053,365,0.5451322029693372,5260.534480769351
NorESM2-MM,ssp585,medio,2054,365,0.5779834599859615,5577.549636599887
NorESM2-MM,ssp585,medio,2055,365,0.5782863903366601,5580.472919331015
NorESM2-MM,ssp585,medio,2056,365,0.5459711764286488,5268.630588075283
NorESM2-MM,ssp585,medio,2057,365,0.646344370785442,6237.2335195894475
NorESM2-MM,ssp585,medio,2058,365,0.6990006455472216,6745.3674135410165
NorESM2-MM,ssp585,medio,2059,365,0.5903530267386677,5696.916153676571
NorESM2-MM,ssp585,medio,2060,365,0.6085725005043771,5872.734367027246
NorESM2-MM,ssp585,medio,2061,365,0.7069034891119438,6821.629980386083
NorESM2-MM,ssp585,medio,2062,365,0.6893829905522955,6652.5568889575
NorESM2-MM,ssp585,medio,2063,365,0.7004815747044298,6759.658403602943
NorESM2-MM,ssp585,medio,2064,365,0.55259972369219,5332.596175225212
NorESM2-MM,ssp585,medio,2065,365,0.6014261403323462,5803.771877025386
NorESM2-MM,ssp585,medio,2066,365,0.6865736535910284,6625.446742331881
NorESM2-MM,ssp585,medio,2067,365,0.6525940000679988,6297.542542160189
NorESM2-MM,ssp585,medio,2068,365,0.6386468639911747,6162.952455864659
NorESM2-MM,ssp585,medio,2069,365,0.7124890384277696,6875.530620652591
NorESM2-MM,ssp585,lejano,2070,365,0.6740286180577075,6504.386948714766
NorESM2-MM,ssp585,lejano,2071,365,0.6030427964147119,5819.372634086712
NorESM2-MM,ssp585,lejano,2072,365,0.6735878372081684,6500.13340646422
NorESM2-MM,ssp585,lejano,2073,365,0.5496666238803766,5304.291715111616
NorESM2-MM,ssp585,lejano,2074,365,0.6109140416660309,5895.330276701865
NorESM2-MM,ssp585,lejano,2075,365,0.7148588433649115,6898.399276212889
NorESM2-MM,ssp585,lejano,2076,365,0.71389725718021,6889.119954145141
NorESM2-MM,ssp585,lejano,2077,365,0.618293909868861,5966.546122937067
NorESM2-MM,ssp585,lejano,2078,365,0.5564880772971234,5370.118849726477
NorESM2-MM,ssp585,lejano,2079,365,0.7339306345607238,7082.442366401137
NorESM2-MM,ssp585,lejano,2080,365,0.6351104636506699,6128.826135996383
NorESM2-MM,ssp585,lejano,2081,365,0.654639494346149,6317.281594672246
NorESM2-MM,ssp585,lejano,2082,365,0.6568781709447881,6338.884859667939
NorESM2-MM,ssp585,lejano,2083,365,0.6532095080772147,6303.48220429725
NorESM2-MM,ssp585,lejano,2084,365,0.6383064321162557,6159.667282824781
NorESM2-MM,ssp585,lejano,2085,365,0.6571375295826878,6341.38767467341
NorESM2-MM,ssp585,lejano,2086,365,0.7124303615261006,6874.964387612655
NorESM2-MM,ssp585,lejano,2087,365,0.6781350627227696,6544.014205435729
NorESM2-MM,ssp585,lejano,2088,365,0.6913044251587988,6671.098763653209
NorESM2-MM,ssp585,lejano,2089,365,0.6970394249005346,6726.441602920956
NorESM2-MM,ssp585,lejano,2090,365,0.5660931935766572,5462.808375505839
NorESM2-MM,ssp585,lejano,2091,365,0.5858467452344074,5653.430465059953
NorESM2-MM,ssp585,lejano,2092,365,0.6661739287936433,6428.589071641519
NorESM2-MM,ssp585,lejano,2093,365,0.6798495336669831,6560.558877478926
NorESM2-MM,ssp585,lejano,2094,365,0.6070175734755446,5857.729296320181
NorESM2-MM,ssp585,lejano,2095,365,0.6437823799425283,6212.510266963476
NorESM2-MM,ssp585,lejano,2096,365,0.666139154573107,6428.253499856955
NorESM2-MM,ssp585,lejano,2097,365,0.6344964361581976,6122.900760869585
NorESM2-MM,ssp585,lejano,2098,365,0.6709878790176648,6475.043768326528
NorESM2-MM,ssp585,lejano,2099,365,0.6729945558802971,6494.408232157761
